ligand_idx,protein_0,protein_1,protein_2,protein_3,protein_4,protein_5,protein_6,protein_7,protein_8,protein_9,protein_10,protein_11,protein_12,protein_13,protein_14,protein_15,protein_16,protein_17,protein_18,protein_19,protein_20,protein_21,protein_22,protein_23,protein_24,protein_25,protein_26,protein_27,protein_28,protein_29,protein_30,protein_31,protein_32,protein_33,protein_34,protein_35,protein_36,protein_37,protein_38,protein_39,protein_40,protein_41,protein_42,protein_43,protein_44,protein_45,protein_46,protein_47,protein_48,protein_49,protein_50,protein_51,protein_52,protein_53,protein_54,protein_55,protein_56,protein_57,protein_58,protein_59,protein_60,protein_61,protein_62,protein_63,protein_64,protein_65,protein_66,protein_67,protein_68,protein_69,protein_70,protein_71,protein_72,protein_73,protein_74,protein_75,protein_76,protein_77,protein_78,protein_79,protein_80,protein_81,protein_82,protein_83,protein_84,protein_85,protein_86,protein_87,protein_88,protein_89,protein_90,protein_91,protein_92,protein_93,protein_94,protein_95,protein_96,protein_97,protein_98,protein_99,protein_100,protein_101,protein_102,protein_103,protein_104,protein_105,protein_106,protein_107,protein_108,protein_109,protein_110,protein_111,protein_112,protein_113,protein_114,protein_115,protein_116,protein_117,protein_118,protein_119,protein_120,protein_121,protein_122,protein_123,protein_124,protein_125,protein_126,protein_127,protein_128,protein_129,protein_130,protein_131,protein_132,protein_133,protein_134,protein_135,protein_136,protein_137,protein_138,protein_139,protein_140,protein_141,protein_142,protein_143,protein_144,protein_145,protein_146,protein_147,protein_148,protein_149,protein_150,protein_151,protein_152,protein_153,protein_154,protein_155,protein_156,protein_157,protein_158,protein_159,protein_160,protein_161,protein_162,protein_163,protein_164,protein_165,protein_166,protein_167,protein_168,protein_169,protein_170,protein_171,protein_172,protein_173,protein_174,protein_175,protein_176,protein_177,protein_178,protein_179,protein_180,protein_181,protein_182,protein_183,protein_184,protein_185,protein_186,protein_187,protein_188,protein_189,protein_190,protein_191,protein_192,protein_193,protein_194,protein_195,protein_196,protein_197,protein_198,protein_199
0,11.811289,6.265481,3.1075742,-3.9816105,-1.2021775,0.4642318,5.848394,2.2823212,-2.5546958,-2.9560287,1.5422356,15.836069,-2.1517348,-1.139856,5.102883,3.3667066,-2.0696309,7.000957,5.344844,-4.510728,0.43997377,-3.111217,-4.828395,5.256552,4.4734087,2.8570633,0.69448227,3.8533328,2.2722929,6.490194,-3.7767863,-3.4746096,0.25959915,2.8919623,2.295246,-2.6328785,-3.839244,-5.5967884,3.8904002,2.632574,0.040780056,4.0488167,2.1748152,3.4906585,0.84877455,4.1881227,0.9066773,1.5901302,1.9197701,0.65751636,3.5800493,2.5792985,5.389318,4.971057,4.8333435,-2.8305838,0.11700692,1.1788749,-0.70219886,6.21658,1.2462537,-0.5639932,6.3877935,2.8845792,5.8748,5.1377144,1.3644404,4.461295,2.9484048,-6.8736434,-5.145978,-4.634525,1.4371785,1.8700639,11.25779,-5.19749,4.77429,2.3592887,-2.1315322,4.527181,-1.5606676,1.93255,5.3718023,6.865996,-3.9667916,3.8026335,4.8930697,3.7517037,-0.19609636,-2.7876894,5.130595,4.500232,2.6641905,2.1411388,-3.2531893,-2.606544,-1.1344403,6.9454474,1.6131905,2.7015183,-1.7451632,2.8147008,2.6166606,1.9239211,5.937293,5.64899,-3.3703003,-3.2833602,-3.1523018,1.3544601,0.091713175,3.8580751,2.1341364,5.918515,1.4549531,2.1236312,-2.609118,2.0526247,0.74524796,-3.1248446,-3.5175714,4.870504,3.4015226,3.4806263,4.946525,6.4267015,2.8527565,5.6804943,-0.48050013,0.9145001,-2.1023972,1.7623837,6.5971494,-3.991941,7.7300367,-0.6620824,2.8727176,-0.37890056,-6.317061,1.0253342,1.7645476,0.117351554,6.301448,4.1627173,0.6321726,6.9960766,-4.0068483,1.3431048,-2.0163884,-1.1527792,3.340427,2.2684498,3.6631343,2.3416393,3.2037504,3.917297,0.9052647,-0.45463434,-1.0427986,6.6606054,0.65222055,8.617091,-0.054107692,1.3025545,1.8869011,1.1347995,1.5580102,4.6644354,-1.303898,1.7288232,4.8388515,4.9386754,0.28543106,0.61077625,3.997954,3.0117507,-5.9222856,-3.0766726,2.3434994,8.325854,1.1857299,-6.127184,0.8285207,3.516965,3.940325,7.929034,-6.0462756,4.812521,0.077241,6.06246,-7.7003336,3.9037616,-1.0411739,3.7006392,4.975665,-5.2866445,-1.2547183,3.603642,1.254475,5.6708627
1,9.356583,4.5677853,1.6429737,-3.7022884,-3.0909941,-1.4263773,4.0119452,-0.7223628,-4.0163517,-4.5491157,0.34449822,12.956767,-2.7247322,-2.6054113,3.5141222,1.5463432,-2.0737944,4.5563903,2.8127394,-4.8170414,-1.3670262,-3.59332,-6.3972178,1.8702562,1.8383853,2.3243706,0.88026774,2.7449832,0.91890585,4.530799,-4.112242,-4.8982825,-0.58463556,0.77927935,0.88149667,-3.5845656,-4.268419,-4.789729,2.8329034,1.5904685,0.19554353,2.796367,1.0180647,2.351845,-1.054254,1.3751187,-2.5889268,-1.0105994,-0.4394422,-0.2350947,2.3521512,0.80596775,3.8599036,2.3492742,2.7564194,-5.186083,-0.7282741,-0.23406553,-0.6155915,3.947745,-1.8443127,-3.1490512,3.7769086,0.842232,4.8743587,4.796519,1.4568857,3.0503705,1.9668951,-4.795672,-5.2415204,-4.6488585,-0.42580432,0.34651384,8.658861,-5.799077,4.2464013,0.20709242,-3.1965024,3.4284418,-1.8365338,1.1970928,4.377069,5.641694,-6.8294573,3.6631932,3.1193826,3.1309352,0.6190643,-2.496162,5.3700395,4.707491,1.7848715,0.96774983,-4.1616225,-3.0278149,-2.17627,5.5668836,1.0644491,2.3061814,-1.406984,-0.23049715,3.0589578,-0.36367637,3.6657503,3.4987712,-4.1378345,-4.120728,-5.06996,-0.168342,-0.39231426,2.7920818,0.9255318,3.7707255,-0.41483805,-0.10185385,-2.541844,-0.78787035,-1.9186109,-3.8878522,-4.181938,3.0857768,1.8933774,3.0158782,5.0457535,4.815585,2.4469655,3.5560696,0.6399957,0.87785506,-4.328462,0.53261626,4.062364,-6.9732914,6.5956144,0.11983428,1.5856512,-0.34944743,-6.7708364,0.4939724,0.9321775,-0.77645546,3.9369032,2.1888146,2.2428234,6.137909,-6.980004,1.3805954,-1.890197,-2.45397,1.8657601,0.92863363,1.253447,1.4542964,1.4215313,1.883239,0.11501029,-2.0458298,-0.63565224,4.0190573,-2.68826,7.396869,-2.521582,-1.3038223,-0.31948498,-1.553918,-0.99440616,3.1002977,-2.0472808,-0.5376728,4.9549675,2.8183982,1.4007922,0.08268659,2.9240446,1.146183,-6.7217674,-4.3530145,-0.7804787,6.895878,-1.8308833,-6.857372,-1.0706772,1.8519846,2.8779774,6.2322807,-6.3645253,3.2239418,-0.16983739,6.1685786,-7.3547926,2.87712,-1.0437299,2.4240136,3.7649474,-5.589076,-2.7324963,0.9322723,-0.9880648,4.033261
2,8.623755,3.5524368,2.0631862,-2.396629,-3.230527,-2.5840113,1.0195671,1.5241927,-2.3993583,-1.2265763,0.96183455,9.427399,-0.9646585,-2.2301366,2.774571,1.9831729,-5.995981,2.6181428,2.0871367,-6.19843,-4.1276717,-2.9051294,-5.8209863,1.1824551,2.3172984,0.4340471,0.6475813,4.4189053,1.7270066,3.8284776,-1.2628045,-2.3952332,0.90446347,-2.6531057,2.1935222,-2.463621,-0.70834774,-2.8475997,1.8204137,-0.060633305,1.033505,2.5518568,1.6466228,2.1639507,-1.5298369,0.10848958,-5.4160357,-2.4058654,-3.6144173,1.4420367,1.412872,-3.2541091,2.9226375,2.5031016,3.2411377,-1.8633791,1.1590344,0.40115973,-1.3158269,3.570888,-0.9572463,-1.7844453,2.5372376,1.5659105,4.065188,4.285984,0.8542488,2.6788428,1.5765314,-4.143409,-2.444125,-1.6887585,0.55012,1.7376603,7.4514437,-2.397969,4.552022,1.4583188,-1.5285095,3.0541828,-0.1892467,1.9252996,3.7741253,6.4008617,-3.0501275,3.8210156,2.7829657,2.9941602,-0.97427166,-1.5282931,5.850583,5.244623,2.8679385,2.2550466,-0.44498628,-2.3263824,-1.3136191,4.8820624,0.5535831,3.8067954,-0.37134352,1.1743555,0.94180036,1.9943577,2.4242024,1.4604261,-5.756668,-5.727076,-4.5249176,0.14110753,-3.3738825,2.4608674,3.020611,5.407581,2.1145387,-0.21954504,-0.7184896,-0.8440195,-2.9922526,0.50124246,0.41947234,1.9665302,2.5369534,4.357902,5.282342,3.9529436,0.5578063,5.0956407,1.4984741,0.54143053,-2.3594096,3.480191,2.6430614,-2.869857,8.282612,-1.05326,0.8298643,1.3593732,-3.7676315,1.5710038,1.9087797,0.45232746,3.613139,2.386716,-0.6218655,4.387949,-2.8974307,3.9775891,-0.04707357,-0.16261122,2.4760606,1.9345021,0.5284204,1.9960779,1.0587649,1.0402657,1.1694645,0.038668327,0.868069,3.177501,-1.3615363,3.6826942,-2.754246,1.428507,1.6631126,-3.8470414,-3.7010322,3.6875606,-1.6365696,1.030715,4.1519823,3.0087106,0.10822108,1.519607,2.9595063,1.8093853,-2.6631126,-2.1276748,-2.36568,8.972853,1.0373532,-4.8032146,3.6379907,2.4371,3.9315891,8.537466,-3.8628075,3.740001,2.0079448,2.2275486,-5.011681,3.9656212,0.1033548,3.9391174,4.060186,-3.6804519,-0.60016435,1.1007437,-1.6313868,1.930981
3,9.6556425,5.3822165,2.6392684,-2.6910741,-3.2738311,-2.0736175,3.1451044,-0.46445408,-2.7031877,-2.5244062,1.7742156,12.366518,-2.167055,-3.055405,4.5545535,1.5229614,-3.2173889,3.6543944,2.0199187,-6.2125635,-2.7959669,-3.3583727,-7.639917,2.5910368,2.8336189,3.1677046,2.3022063,3.6746938,2.8225777,5.3787656,-4.0728884,-5.2675924,1.6098851,-2.1572466,2.2465677,-4.0509467,-2.6215408,-4.134116,3.6733482,2.3506982,0.8574616,3.5965574,2.5339103,3.3244984,-2.2670038,-0.33747107,-5.6988335,-1.905547,-2.7223551,1.2385839,2.7604494,-2.0552192,3.9866853,2.55828,3.700801,-4.3671765,1.1429883,0.4366572,0.13077684,3.639453,-1.4142289,-3.1293237,3.1446428,2.635396,5.512917,5.7813,2.303211,3.782732,2.3327725,-4.4484606,-4.4611235,-3.4052868,0.2775388,1.4521663,8.434389,-4.4812407,5.733807,1.720305,-2.5195844,4.3204255,-0.06534865,2.4759364,4.8384056,7.055613,-5.489818,4.261696,4.297191,4.793805,0.19547011,-1.9044844,6.19899,5.639583,3.0698955,2.5092423,-2.943959,-2.7466853,-1.1569841,6.6684837,1.5937296,3.951802,-0.51260704,-0.41091642,2.5210857,1.9260471,3.3144414,2.9105995,-3.6552286,-3.5826924,-4.838656,0.1269475,-0.8948534,3.4077544,1.9553213,3.758813,1.1194278,-0.56942487,-2.1622956,-1.6645354,-3.0416918,-2.575242,-2.9332983,3.5595686,3.1565843,4.460867,6.2337427,5.1750054,2.5844069,3.799363,1.226316,0.6371572,-2.8094711,1.4433106,3.4411724,-5.4472103,8.573776,0.20918155,2.2416782,0.5784025,-6.0091553,2.1756325,2.427064,0.41703087,4.6924815,2.1553955,1.570284,5.519317,-5.4762244,3.721736,-0.33640155,-1.0504742,3.0044796,2.2185493,1.4972873,2.6071978,1.4180682,1.6018076,0.4990617,-1.2406814,-0.5213561,3.2916844,-2.6103268,7.3209505,-2.8156366,-0.63481855,1.6861742,-3.4236767,-3.0838583,3.2690132,-2.420025,0.15777305,5.4150224,3.0228271,2.031554,1.1012554,3.6228433,2.8564901,-6.4307537,-4.5713797,-1.8738517,8.860711,-0.470585,-6.7115383,4.397679e-05,3.3582315,4.0194945,7.4348273,-6.771732,4.056229,1.2217319,6.3482933,-6.837636,3.9851696,-0.4895196,2.4602816,4.6886754,-4.921242,-1.1334691,0.66627103,-2.1457386,3.8940556
4,2.054949,9.09697,2.3897867,-2.6600456,-2.469154,1.0601146,1.8778638,3.0657923,-1.9446388,1.0785476,-1.7977259,3.2055306,-4.265834,-3.4990675,3.4980772,5.4180675,-2.3274128,2.2453413,2.8779213,-5.892136,-1.5859287,0.50789136,-0.07920971,3.3724422,3.5603127,1.3063785,0.20790817,-0.39481592,1.8897979,7.3268747,-5.1209188,0.6467741,-1.2623224,-0.6495608,2.9760828,1.5006534,-2.1520772,-4.6703277,-1.4809526,-3.0776691,-1.4626033,5.4907103,3.3412507,4.385105,0.39610156,-3.8068776,-1.4859895,2.1874063,1.8192654,-1.0206238,4.129638,-0.8583122,1.4744061,6.67814,1.8724409,-2.1032324,-0.66195893,-1.1337508,4.0986094,8.454584,0.06582055,-2.0728536,8.2387905,-0.24178657,-2.6878674,0.42489004,-0.22866169,1.473913,2.8266838,-2.7470906,-3.8927476,-3.3815756,2.6022742,1.2981789,2.4297411,-4.2068744,3.0338993,-0.8777273,0.4056766,4.046377,-3.8980312,3.683359,5.6221137,1.9753476,-1.6073766,-3.7933064,1.4054673,-0.37252662,2.3981946,-2.8362308,-0.48455697,0.45698342,1.045032,2.1943595,1.0937043,-0.94699806,-1.5701886,3.6503904,-1.3776757,2.1361997,1.881098,-0.21241054,1.1860099,3.4574842,5.9616156,2.2792075,0.1261281,0.004873227,-1.6634979,1.5389562,-0.71966237,3.644473,0.03791121,-1.4209356,3.8959367,1.7915937,1.4351977,-0.02741974,1.6062167,-6.877211,-6.8551884,2.7249792,0.01907071,1.9476072,-0.41626802,5.470302,2.953725,0.65861356,-3.3089612,0.80527717,-5.6079774,1.1549187,10.229625,-0.94888026,2.614813,0.8334398,3.014723,-1.8264102,-3.6100566,-1.161893,-2.18693,-1.8352419,4.3213706,0.89524156,1.023943,2.0315027,-0.9322105,-1.4112631,-4.8323054,-2.137505,1.0704834,0.25831607,1.168729,3.8875492,3.583985,2.768798,2.326067,-1.6938101,-4.03571,2.3758707,-1.0629245,7.4224024,1.2185493,1.6731853,-0.9523173,1.9714321,1.7358707,2.5222163,2.362439,5.3559527,-0.18810871,7.0785065,4.7034574,0.32517475,2.7278817,3.4621851,-3.6198833,-1.9310994,0.8269958,3.0226407,0.621829,-4.1586676,-0.9988876,2.8345768,0.7827975,0.69541806,-6.8302903,5.126368,-0.5130693,0.07649816,-2.0052521,3.353058,-2.3093839,-1.8727963,1.1609327,-2.3659787,-1.2784032,-0.08507798,0.78420085,6.556121
5,1.9285456,7.8256087,0.9946276,-1.9099083,-1.9551957,0.69629323,-0.12219362,1.8775752,-1.9455566,0.20376109,-1.6415818,2.690668,-4.315124,-3.461923,2.0206535,5.121735,-0.39615735,2.4767046,3.37923,-5.9529123,-0.96988267,1.6803043,0.62280434,2.5301394,2.7223227,2.0946262,1.3201107,-0.30119672,1.4365225,5.469415,-6.147511,-0.8937293,-0.89938945,-0.24341345,2.6877534,0.97555554,-1.862312,-3.7129407,-1.6559416,-3.2954278,-0.35359725,3.95345,2.309805,3.490442,0.23843399,-3.3688064,-1.6663938,1.3861234,1.6912377,-0.65574455,3.4784527,0.1250601,1.7030627,5.7989373,1.442844,-2.5941608,-0.33096138,-3.569543,4.6988897,7.3654156,-0.881289,-2.1656885,7.5859537,0.011822166,-1.8531631,1.4026246,0.11685031,0.79439574,1.5196638,-2.0542927,-3.1208432,-2.6043239,1.5637478,0.17281276,1.8258884,-3.890288,2.1813335,-0.8748548,0.030005304,2.840652,-3.68039,2.7414632,4.124676,1.7944211,-2.4137313,-2.5614347,1.128275,0.5734645,3.739523,-1.7025744,0.5660516,1.5612494,0.35556126,2.34024,0.5770074,-1.2016566,-0.35797805,2.398948,-1.2131575,1.5939415,1.9929297,-1.0457016,1.497823,2.3954875,5.1365547,2.2577183,0.67473817,0.5338319,-0.95451236,1.1966969,0.8477523,2.4194503,-0.92202747,-1.6259824,3.0654674,1.8473237,0.18776523,-0.42855614,0.94180954,-5.5238514,-5.5883064,1.4730719,-0.2669383,1.3361386,0.5081401,3.838941,2.6865625,0.06165935,-3.6000013,1.7942238,-4.8461018,1.1919918,8.9681835,-1.8661338,2.1299007,0.4613484,3.1103709,-0.9038757,-3.0265546,-0.41517976,-1.4665202,-0.638838,3.0075731,0.8316294,2.2810104,3.3030827,-1.849881,-0.55593586,-3.8242044,-1.6686391,-0.22231513,-1.283318,0.77420956,2.9815629,2.9945867,2.3497064,1.1137085,-2.2475867,-2.2802901,2.7909176,-2.4954145,7.0475373,0.41758442,0.74045366,-2.0256665,1.2266477,1.169432,1.789371,2.206646,4.7869515,0.982056,6.0727186,5.1304955,0.35985333,2.1199207,2.814944,-3.6996565,-1.366914,0.8504936,2.4333563,0.13206995,-3.4018214,-1.5603094,1.4559402,0.11058504,0.55230945,-6.786798,4.092098,-0.55980676,1.5898594,-1.6377826,1.9870719,-1.0020038,-0.7097137,1.645287,-1.6903453,-1.5416659,-0.69926244,0.41281912,5.8150096
6,2.054949,9.09697,2.3897867,-2.6600456,-2.469154,1.0601146,1.8778638,3.0657923,-1.9446388,1.0785476,-1.7977259,3.2055306,-4.265834,-3.4990675,3.4980772,5.4180675,-2.3274128,2.2453413,2.8779213,-5.892136,-1.5859287,0.50789136,-0.07920971,3.3724422,3.5603127,1.3063785,0.20790817,-0.39481592,1.8897979,7.3268747,-5.1209188,0.6467741,-1.2623224,-0.6495608,2.9760828,1.5006534,-2.1520772,-4.6703277,-1.4809526,-3.0776691,-1.4626033,5.4907103,3.3412507,4.385105,0.39610156,-3.8068776,-1.4859895,2.1874063,1.8192654,-1.0206238,4.129638,-0.8583122,1.4744061,6.67814,1.8724409,-2.1032324,-0.66195893,-1.1337508,4.0986094,8.454584,0.06582055,-2.0728536,8.2387905,-0.24178657,-2.6878674,0.42489004,-0.22866169,1.473913,2.8266838,-2.7470906,-3.8927476,-3.3815756,2.6022742,1.2981789,2.4297411,-4.2068744,3.0338993,-0.8777273,0.4056766,4.046377,-3.8980312,3.683359,5.6221137,1.9753476,-1.6073766,-3.7933064,1.4054673,-0.37252662,2.3981946,-2.8362308,-0.48455697,0.45698342,1.045032,2.1943595,1.0937043,-0.94699806,-1.5701886,3.6503904,-1.3776757,2.1361997,1.881098,-0.21241054,1.1860099,3.4574842,5.9616156,2.2792075,0.1261281,0.004873227,-1.6634979,1.5389562,-0.71966237,3.644473,0.03791121,-1.4209356,3.8959367,1.7915937,1.4351977,-0.02741974,1.6062167,-6.877211,-6.8551884,2.7249792,0.01907071,1.9476072,-0.41626802,5.470302,2.953725,0.65861356,-3.3089612,0.80527717,-5.6079774,1.1549187,10.229625,-0.94888026,2.614813,0.8334398,3.014723,-1.8264102,-3.6100566,-1.161893,-2.18693,-1.8352419,4.3213706,0.89524156,1.023943,2.0315027,-0.9322105,-1.4112631,-4.8323054,-2.137505,1.0704834,0.25831607,1.168729,3.8875492,3.583985,2.768798,2.326067,-1.6938101,-4.03571,2.3758707,-1.0629245,7.4224024,1.2185493,1.6731853,-0.9523173,1.9714321,1.7358707,2.5222163,2.362439,5.3559527,-0.18810871,7.0785065,4.7034574,0.32517475,2.7278817,3.4621851,-3.6198833,-1.9310994,0.8269958,3.0226407,0.621829,-4.1586676,-0.9988876,2.8345768,0.7827975,0.69541806,-6.8302903,5.126368,-0.5130693,0.07649816,-2.0052521,3.353058,-2.3093839,-1.8727963,1.1609327,-2.3659787,-1.2784032,-0.08507798,0.78420085,6.556121
7,2.312129,9.472312,3.3304586,0.68536484,-1.5764201,0.9102174,1.2367439,3.3691337,1.5032755,3.646458,0.711272,2.5726178,-3.8134112,-2.258419,2.9873781,10.784093,-4.0688853,0.50257,2.4179993,-7.167969,-4.1218085,-0.70972234,0.13103992,3.5994017,5.3640146,2.2060223,2.0187182,0.9330475,4.621425,6.8412223,-5.1684933,1.4284728,2.1619923,-3.6457841,3.9153795,5.5968776,-0.74586177,-4.225534,1.137074,-0.32623842,-2.1687446,6.0371747,4.213475,4.949989,0.6287473,-5.0578136,-2.758453,1.8019223,2.0189626,0.10150662,3.3637156,-4.242128,3.7042634,10.6882715,3.5414538,1.4556261,0.6384814,0.15598975,4.747727,11.355532,0.1989817,-1.5766264,7.0613484,1.415142,-1.6888821,1.402396,0.4990913,2.2014017,2.4348683,-0.69813865,-3.621306,-2.833384,5.212985,3.440242,2.6913438,-3.183802,6.9044347,1.556417,2.4906635,4.2765417,-1.3204333,4.8296595,6.6629815,2.6995704,2.6530309,-4.5471754,2.5912077,3.2156758,1.8881795,-2.540423,-0.7663466,0.43847692,4.456841,1.4749829,2.4234364,3.3923175,0.45633593,5.9123526,-1.3100296,3.6380804,2.9919307,0.60170597,0.850421,5.5694404,3.5167239,1.7254127,-0.5184844,-0.6395465,-1.673765,-0.29308206,-1.7995158,4.4169035,1.3849162,-2.7959173,5.7401104,4.4051228,1.7946655,1.6436625,2.0717225,-6.6247196,-6.7415843,0.9505938,2.9877033,3.2471025,0.92872447,6.087616,2.4975564,0.19926262,-0.08998126,0.23573416,-4.7303042,1.3895798,10.751353,3.1773942,3.6315064,1.4002479,3.641533,-2.825206,-2.947299,0.62392545,-0.09851466,-0.36984628,4.0666018,-2.1271927,0.24026148,0.75153095,3.198718,1.6379552,-2.8156445,1.1347864,2.5144594,1.8022611,1.8457845,5.0503964,1.278594,0.6066786,3.4611254,3.3096418,-4.081125,1.3636291,0.24347946,5.881446,0.49041373,4.917518,1.9630682,2.025071,1.7981528,3.3328557,5.750871,10.562966,-1.6702636,11.159568,4.9441524,3.961295,2.8174143,3.9818702,-2.0385952,-2.573016,0.99011284,4.1800795,5.255518,-4.885132,0.47828433,4.0998893,4.476401,0.8225537,-6.4019623,8.385767,0.40318197,-1.7854316,-1.2955331,4.15304,-0.12732919,-2.3466637,2.3810644,-1.0523077,2.685201,0.06311123,0.64770806,5.6642933
8,-3.7851198,2.8537574,2.8351367,-0.08350252,-0.23939165,-1.2274022,-1.2688768,-0.02968035,1.6625799,1.0371786,0.12492586,-2.8927343,-2.307169,-1.4316672,1.9862049,1.4779816,-4.4241743,-0.062324643,0.20509595,-2.8276768,-3.052313,-1.8977748,-2.3833528,0.5072957,1.161469,-1.009881,-1.4858243,-1.09412,0.41950592,2.6776776,-2.250348,-2.9076889,-1.4704503,-3.1256776,0.76688313,-0.3999549,-1.5462874,-3.4436326,-2.9995096,-3.6900342,-3.5106921,3.7081015,2.9240854,3.3305771,-1.3533028,-3.851394,-3.2437744,-1.134569,-1.5210565,-0.6133638,1.6038843,-3.3511639,-1.7594461,-0.08272569,1.1866162,-0.24975245,0.7939524,-0.8815391,-0.9567653,0.62547165,-0.22586012,-0.39890745,-0.021822445,-1.0982829,-4.614307,-2.5359373,-0.36571938,1.192952,3.2537582,-2.9364066,-1.4606065,-1.3464906,-0.9088671,1.7154504,-3.099697,-2.0341763,0.5096108,-1.759092,-0.502467,3.7288022,-4.092736,3.8856976,4.33954,-1.8823733,-0.9128984,-4.6330442,-0.56219226,-1.3715997,-3.1421258,-2.6099977,-3.4191628,-2.8523443,2.3887017,0.9583122,1.08441,-1.6428797,-1.5936105,-0.11246593,-1.3831799,-1.2787837,-0.013565162,0.11004297,-2.1127405,0.46848455,1.4667809,-0.46640882,-2.385038,-2.4444668,-0.9220772,-1.9339503,-3.466705,3.450152,2.2915306,-4.2771997,2.48942,-2.43101,0.36782807,-0.114916205,-1.3024559,-4.3626113,-4.1001854,1.7270913,-0.96811175,-1.4617348,-2.2118325,3.4121733,-0.2798046,-0.6040685,-1.4823102,-4.23915,-4.137732,-2.2620716,1.4574296,-1.118602,-0.47605637,-0.18765874,-0.81347257,-2.587691,-1.1728752,-1.0590163,-1.5911468,-2.2569253,0.5327244,0.7883164,-3.9860456,-2.9709299,-1.1435478,-1.2492402,-3.9467187,-4.1151867,1.6630371,1.5536942,-0.66952544,3.837113,0.067450814,-0.45360458,0.025288971,-0.55272657,-3.0003822,-0.33645228,-3.1648526,0.186485,-1.4130207,-0.8001664,0.55815727,-1.9828084,-2.076425,-1.0434504,-0.033891786,0.66215706,-4.5695896,0.26898298,-1.8546321,-0.3636168,3.136118,-0.55451375,-2.9811194,-2.5769699,-0.85272473,-0.05899146,-2.3381186,-1.6106648,-2.198949,3.0529773,1.8021312,-2.7689714,-3.677358,1.9146751,0.5984685,-3.3728685,-1.9895653,3.5936954,-3.7410913,-3.0890229,-1.7455488,-1.4571993,2.1122458,0.21096462,-1.1200906,2.184014
9,3.1176724,11.735544,5.180744,-0.5075585,4.0467567,5.9645653,5.7882495,0.98190296,4.593883,4.0203032,4.762664,4.8980865,-0.40219834,0.2918455,8.924157,2.403697,-1.9463044,3.0775065,6.0851884,-4.9672427,0.7258148,3.0201359,0.85451645,12.669833,8.78583,6.140706,4.594815,-3.0766373,8.94131,10.399845,-4.014843,1.6305233,4.3886814,-1.4732568,7.2316413,-2.132215,4.157442,-1.3874288,1.5245645,2.412768,0.1613572,7.4776487,7.884051,6.977217,2.1512692,-3.105132,1.0902056,9.023349,6.685664,3.03474,6.2818174,-0.67208236,6.4924374,9.331579,6.635632,0.27183914,3.0499907,2.935141,7.836549,6.871969,7.286055,4.4220076,11.002135,8.106052,1.4644896,1.8097444,2.7393177,2.874259,5.3727775,-3.3138409,0.041018,1.4121494,4.86225,2.368499,3.9702091,1.571318,5.398356,5.9623857,1.1358143,5.9621563,4.210211,5.9410477,5.0278563,2.3919325,4.359407,-0.47763065,7.471595,2.1471763,0.3154037,1.6813134,-2.7733357,-1.829932,2.4285822,4.9579563,1.2391746,-1.5480295,4.8117633,6.114504,3.80381,7.298994,3.9165082,2.4180048,2.4272006,8.364814,6.7449923,4.686855,4.822748,4.9817114,6.262119,3.3243005,0.25327322,3.2181818,0.69468063,-0.27122667,10.082548,5.4011827,-0.20672572,1.0923367,7.5736284,-2.4974165,-3.0270004,7.0913577,4.627636,6.670945,-0.938731,6.1413856,2.7292304,1.3626812,-6.5425806,-0.018750513,1.6384181,0.70721745,10.610622,5.5550117,2.0168595,4.1796083,9.663983,0.28550598,0.9025138,4.158034,4.236492,4.7724466,8.769999,4.3645196,0.29405963,-0.8785689,5.6172166,-0.6718697,-0.7968797,3.496363,4.201788,4.799428,8.7166,6.408708,8.513997,8.833853,0.7668339,1.9934103,-3.6757524,5.2596946,-1.1169163,9.758312,8.09068,5.1567364,6.0237627,8.898685,7.8629947,3.4381611,-0.5991243,4.872745,0.409743,7.657072,5.181805,0.20967565,4.750472,12.597304,-1.1628122,-0.1588992,4.0464654,3.0972188,2.9791257,1.5739388,-3.1543672,7.9856777,0.85388297,0.619277,-4.504394,6.649368,1.0121514,2.4642756,2.7591412,5.2960486,1.4218658,-2.329679,5.764733,-1.4504625,3.7091064,3.1341865,3.3569696,8.499694
10,-5.579966,2.1575918,3.242699,-2.421338,0.79591364,0.37661657,-0.68452185,-2.6241653,3.0240283,0.18788394,1.5259699,-4.9103045,-0.78197455,0.89988333,1.2674066,-1.6704524,-8.372888,-0.39362973,2.007304,-6.0697446,-5.5413795,-1.9028006,-3.2169592,1.9998986,1.717124,-1.3271917,-2.0034263,-4.6143727,0.38590044,1.703944,-1.1191001,-2.922321,-2.383408,-5.0394273,1.1607898,-3.8529449,1.0281515,-4.265076,-4.37102,-4.0715256,-4.436544,3.1930373,2.6706235,2.0316582,1.0744412,-4.7348733,-4.0480747,1.8250244,-0.09522748,-0.4072072,0.78120327,-4.9980426,-0.19608179,-1.3562686,2.1801329,-1.1688731,0.99729496,-0.34901488,0.5030592,-1.6391218,3.1579926,3.0129948,-0.43171653,-1.2472944,-4.3131905,-2.7518651,-0.643061,-1.3050528,3.7875772,-6.0997205,0.09133126,0.5384084,-2.227724,-1.0637561,-3.7709606,-1.24912,-0.011957286,-1.9156615,-1.1391629,3.413899,-1.8428614,4.6079755,3.484645,-3.1153255,-1.5465002,-3.743168,-1.9419043,-2.0272925,-4.697211,-1.2996349,-4.952758,-3.782305,2.6567338,1.414822,-0.25012806,-4.600005,-0.75179136,-1.7419654,0.7135159,-0.16930987,0.17369536,1.840056,-1.542073,0.5086833,-0.5736593,-2.6013625,-2.8374453,-2.8492377,2.225396,-2.8769333,-6.2553463,1.2461033,0.55635744,-4.0866256,7.4262075,-1.7871803,0.43399522,-1.4967395,0.7116047,-1.9029237,-1.4369835,1.6484412,0.55505127,-0.6025021,-2.357975,2.5707383,-2.5677836,0.87389743,-5.1604533,-5.263227,-3.6879041,-2.7582157,0.3590924,-1.258621,-0.4856376,0.04465317,-0.7917473,-2.9357972,0.50861835,0.9099927,0.13488798,1.2642556,0.23697501,1.3034762,-5.3805523,-4.035955,-1.2638986,-0.7262802,-3.4840376,-4.28048,1.6936053,2.401601,0.29119343,4.599403,-0.454179,-1.0544039,-1.1618043,-0.7082464,-2.134118,0.5940309,-5.3488584,-2.6607401,2.049369,-0.3552076,0.31539252,1.0817772,0.51268536,-0.8282907,-3.4277115,-1.7118636,-6.2787104,-1.5511903,-3.0012355,-2.2394698,3.454948,0.58667845,0.6030028,-3.4305787,-2.617299,1.0872428,-2.1163812,-0.021781372,-3.2155755,2.8923967,0.687546,-2.771862,-2.4328265,1.1771743,1.5593306,-4.884952,-2.602693,3.541952,-3.4845397,-2.3633785,-0.018346054,-0.54589707,2.4011445,1.944265,1.917628,1.6677964
11,-6.9013424,0.58974457,2.548912,0.87173194,2.1813564,-1.3052839,-1.9518912,-2.7462382,4.9520764,-0.05332404,1.6821473,-5.1235805,-3.0078876,0.24258073,0.7121839,2.7525387,-3.0270524,-2.2636814,-0.6208489,-3.0478342,-3.267437,-3.7140772,-2.0058382,-0.31239396,1.5390434,-1.380967,-2.319156,-2.7140446,-0.90134627,-0.094186194,-3.2804313,-4.510742,-1.4350361,-4.9515104,-0.0674922,-0.03424623,-2.0791633,-4.618906,-0.95954174,-0.6598216,-6.563066,3.0982678,2.079868,2.0860589,-1.850995,-5.352796,-5.9369564,-2.5165014,-2.0967913,-1.322159,0.1321509,-4.841258,-1.3347032,-0.6302419,1.1458017,1.7064219,-0.4808083,-0.4214686,-0.49004126,-1.1092824,-0.84643596,-0.47969794,-3.0730886,-2.777948,-5.25699,-2.7481694,-0.5680807,-0.532911,1.8275397,-3.0563402,-3.7869477,-3.513256,-0.17690472,1.0639389,-4.7675977,-3.361363,1.0497272,-2.2679424,-0.47080904,2.2302325,-1.4408354,3.7080781,3.6212697,-4.855912,-0.3057934,-5.8619637,-0.0458266,0.7001671,-4.847508,-4.1080184,-6.633068,-5.0246124,4.870464,-0.18182664,-1.3698708,-0.29767686,-1.0396512,-0.20124681,-0.98529476,-3.6828856,0.6423835,-0.39036986,-1.9869508,-1.2201285,-2.158968,-0.99345064,-2.028328,-2.0290356,-0.5946912,-4.1763883,-2.2437205,2.4846687,2.859227,-7.900137,2.4532323,-0.25162843,-2.1701844,1.6116589,-2.7070768,-7.080857,-7.4726133,-0.2731028,0.34428114,-3.9733326,-3.2167165,2.3212593,-1.3343346,-2.920388,-0.16871877,-5.546454,-4.7697425,-4.4458566,-0.7707208,-0.89540255,-2.7858887,-1.4571913,0.054479197,-6.54989,-2.903645,-1.3369278,-1.1414083,-1.6915069,-3.9003417,-3.0323772,-3.9827137,-5.3200574,-0.8970452,-1.2052399,-2.6762323,-3.6560564,1.6332102,1.9342349,-1.1020783,3.8064604,-2.9455779,-3.964543,-1.4229941,3.1471856,-3.8994675,-1.9247757,-5.7465577,-2.6796112,-2.0462952,1.1294389,1.3353057,-3.1740944,-2.790907,-1.9130646,0.22765368,1.0447096,-7.2125916,-0.7603963,-2.8430767,-0.1711685,1.6749458,-1.9311705,-4.0539737,-4.261726,-1.0787623,-1.6778028,0.031270426,-4.1093907,-5.3275833,1.8231679,4.132152,-7.219847,-3.9783394,2.5653841,-0.94276935,-4.870727,-2.3868256,2.011057,-3.3198519,-5.9139853,-2.2722762,-0.58784103,4.9676557,-0.3923247,-1.5353965,1.2589182
12,-3.7851198,2.8537574,2.8351367,-0.08350252,-0.23939165,-1.2274022,-1.2688768,-0.02968035,1.6625799,1.0371786,0.12492586,-2.8927343,-2.307169,-1.4316672,1.9862049,1.4779816,-4.4241743,-0.062324643,0.20509595,-2.8276768,-3.052313,-1.8977748,-2.3833528,0.5072957,1.161469,-1.009881,-1.4858243,-1.09412,0.41950592,2.6776776,-2.250348,-2.9076889,-1.4704503,-3.1256776,0.76688313,-0.3999549,-1.5462874,-3.4436326,-2.9995096,-3.6900342,-3.5106921,3.7081015,2.9240854,3.3305771,-1.3533028,-3.851394,-3.2437744,-1.134569,-1.5210565,-0.6133638,1.6038843,-3.3511639,-1.7594461,-0.08272569,1.1866162,-0.24975245,0.7939524,-0.8815391,-0.9567653,0.62547165,-0.22586012,-0.39890745,-0.021822445,-1.0982829,-4.614307,-2.5359373,-0.36571938,1.192952,3.2537582,-2.9364066,-1.4606065,-1.3464906,-0.9088671,1.7154504,-3.099697,-2.0341763,0.5096108,-1.759092,-0.502467,3.7288022,-4.092736,3.8856976,4.33954,-1.8823733,-0.9128984,-4.6330442,-0.56219226,-1.3715997,-3.1421258,-2.6099977,-3.4191628,-2.8523443,2.3887017,0.9583122,1.08441,-1.6428797,-1.5936105,-0.11246593,-1.3831799,-1.2787837,-0.013565162,0.11004297,-2.1127405,0.46848455,1.4667809,-0.46640882,-2.385038,-2.4444668,-0.9220772,-1.9339503,-3.466705,3.450152,2.2915306,-4.2771997,2.48942,-2.43101,0.36782807,-0.114916205,-1.3024559,-4.3626113,-4.1001854,1.7270913,-0.96811175,-1.4617348,-2.2118325,3.4121733,-0.2798046,-0.6040685,-1.4823102,-4.23915,-4.137732,-2.2620716,1.4574296,-1.118602,-0.47605637,-0.18765874,-0.81347257,-2.587691,-1.1728752,-1.0590163,-1.5911468,-2.2569253,0.5327244,0.7883164,-3.9860456,-2.9709299,-1.1435478,-1.2492402,-3.9467187,-4.1151867,1.6630371,1.5536942,-0.66952544,3.837113,0.067450814,-0.45360458,0.025288971,-0.55272657,-3.0003822,-0.33645228,-3.1648526,0.186485,-1.4130207,-0.8001664,0.55815727,-1.9828084,-2.076425,-1.0434504,-0.033891786,0.66215706,-4.5695896,0.26898298,-1.8546321,-0.3636168,3.136118,-0.55451375,-2.9811194,-2.5769699,-0.85272473,-0.05899146,-2.3381186,-1.6106648,-2.198949,3.0529773,1.8021312,-2.7689714,-3.677358,1.9146751,0.5984685,-3.3728685,-1.9895653,3.5936954,-3.7410913,-3.0890229,-1.7455488,-1.4571993,2.1122458,0.21096462,-1.1200906,2.184014
13,-3.1915944,1.0093287,3.9096289,-3.6840081,2.0940566,-2.2253916,-0.24535842,-2.5333943,1.8422326,-0.05785728,1.387389,-0.5371765,-1.3373997,-1.5178269,6.459496,-5.8428483,-3.0200384,2.154176,1.5278558,0.29064214,0.104807965,-2.4271886,-3.412556,3.7946904,1.6681565,-1.3355352,-1.9673525,-2.6756046,1.656853,3.5040472,-1.592233,-4.469746,-0.8598842,-2.5579925,0.97993976,-7.4097137,-1.5279623,-4.365962,-2.330597,-1.9134743,-2.0325813,3.7468884,4.2073784,3.4653015,-3.9896507,-3.057158,-3.4182951,-0.72398096,-2.9103782,1.6460438,2.7735314,-1.7512107,-1.3827113,-4.278685,2.091576,-1.8968945,0.37774125,0.0037408785,-3.4133227,-4.859998,2.141954,2.2976325,-0.7169752,2.1763394,-1.5449831,-1.8283756,0.45208722,1.3368399,5.1120534,-5.812623,-0.9820564,-1.2040232,-1.171113,0.7747291,-2.4640267,-1.5582212,-1.1184666,-0.03225952,-2.3466988,4.0163054,-1.3192872,3.2418444,2.3327732,-1.4424642,-1.3857139,-1.5552404,1.2338706,-2.9660544,-6.8763847,-0.8566267,-3.7640986,-4.901082,0.9540099,1.4342705,-1.7454951,-6.460189,-0.75417614,0.72338116,1.8156084,-0.16129498,-0.35512167,0.62524414,-2.227116,-0.21737638,2.8189404,1.6290053,-0.60795265,-0.3431416,-0.18178177,1.8832673,-3.519614,2.2969425,3.6161358,-1.3792819,0.9947808,-3.6601317,-2.3015685,0.75362414,-2.4014642,-0.6358609,-0.5475162,6.729193,-0.701541,0.13259302,-3.43954,2.9707866,0.58164084,0.039228767,-5.64436,-6.9080367,0.024330182,-3.810367,-2.367927,-1.1515994,-1.4880219,1.521682,-0.2339663,-0.6764044,-0.54109997,-1.1030692,-0.27677605,-1.2263222,3.7045076,6.442365,-6.6880965,-4.528105,-1.1580707,-2.0080256,-1.7137308,-3.5370765,2.7565348,3.529947,0.6103109,3.4148488,4.519197,5.640829,-1.0834028,-1.7978175,-3.4589534,2.3922777,-3.7853458,1.3561927,-1.3611816,-2.078309,2.9993267,-2.278324,-2.524008,-0.057208434,-6.4252205,-5.8402486,-3.629333,-4.851169,-5.1210704,-3.087995,3.7370844,3.8044355,-6.0083523,-0.37807283,-0.56585896,-1.0217822,-5.735699,1.1316955,-4.0107303,4.6914463,-0.46259794,-2.20099,-3.8070428,-1.2853869,0.17507285,-1.623069,-3.5741198,3.7894354,-4.5464044,-3.5138528,-1.4410464,-4.4270496,1.1780952,1.1075854,-2.990465,2.659278
14,-4.640111,-2.1846523,-1.6265004,8.901589,4.2079854,-1.031009,-2.3147697,-3.530184,1.726483,-4.8711896,2.9752207,-3.012508,0.5780866,0.61942583,-3.1761932,-0.8006003,-2.2160249,-1.3963938,0.36847422,0.5617207,-1.5134729,-0.10705167,-3.1096635,-2.719642,-0.07392012,2.1167996,1.2076885,-3.2158964,0.83547086,-4.074259,0.30082622,-5.6722326,1.5066162,-2.5320015,0.63813317,-1.6248026,0.97049344,0.84417945,1.1844811,0.34176016,-4.0085263,-1.5177251,-0.9665099,0.034660272,-1.0185976,-1.9654541,-4.99048,-2.936857,-1.4098163,-0.34499618,-0.87362474,-2.1367404,0.23216319,-2.9213183,0.546672,1.6435474,2.8277924,-2.1079037,-1.0872401,-4.7526965,-3.4662528,-1.6559483,-3.130292,1.5371279,-3.306986,-0.64912236,3.0047832,-0.4057117,-1.058214,2.4710732,-2.6684768,-3.1517496,-0.54236805,-1.8954945,-5.012831,-0.5099024,-1.9740839,0.36369726,2.4093046,-0.46889332,-1.5630391,-0.4875999,-0.84227115,-4.4659276,0.5235142,0.24099608,-0.04420983,1.1274152,-1.853119,-3.4416862,-6.32647,-6.2785864,2.654116,0.038402043,-0.078470916,-0.011222804,5.443099,-2.053979,0.3765994,-3.3374567,1.3664069,-0.08775914,-1.5489817,-4.4193473,-2.156443,1.9035516,-5.0524235,-5.354395,-0.3172125,-2.8722713,-1.6890197,0.15556534,-0.9213876,-3.380184,-2.9560776,0.9449358,-4.695477,1.9521801,-2.775993,-3.2889104,-4.055142,-1.9720215,-0.813766,-3.4579985,-1.6806394,-1.4416032,-0.74309695,-2.652106,-3.0522947,-2.6819913,-2.7080638,-5.182678,-4.298151,-1.408456,-4.5905366,-1.4288687,0.6553697,-3.6618373,-2.5500138,2.240187,2.8877854,-0.66759884,-4.0749917,-2.3127868,-3.1604989,-3.6358528,-1.3896316,-2.2479835,-1.5374211,-0.068481825,-2.8750274,-3.8901505,0.22419715,-0.1507869,-0.7083956,-0.9375751,-3.105293,1.3001208,-2.7451391,0.7481321,-13.589005,-1.448958,-3.842606,0.60588187,-1.2003008,-4.3466015,-3.4345198,-1.4156519,0.83991164,-3.7141068,-1.7643995,-3.9214208,-3.2510314,0.37046623,-0.6904129,-2.7525876,-3.8460853,-1.9097275,0.3940119,-3.3584409,-4.5830913,-1.4711831,-4.4962063,-2.3340282,2.5779037,-6.708019,-0.3586354,-1.3296151,-3.42697,-1.8183398,-0.29047042,-2.4522576,2.4633884,-1.1590625,2.514473,-1.524365,2.4394827,-0.15502346,-1.8771133,-1.0183624
15,-4.4734507,-2.1593678,-1.9509138,9.214156,4.012046,-0.79258233,-1.5619606,-4.138145,1.4939334,-6.2908854,2.612993,-2.5029619,0.53268164,0.82570475,-3.2587194,-1.2022594,-1.9401839,-0.9845507,0.74741507,0.86018735,-1.5344865,0.19197398,-3.4099052,-2.781715,-0.43549997,2.2280219,1.1459938,-3.376078,0.1601852,-4.1640067,0.39035442,-6.643477,0.35651946,-1.7007847,0.27469656,-2.1347835,0.07402853,0.12719537,0.6872244,0.02523887,-4.3734536,-1.6341672,-1.3466659,-0.11717782,-0.22790185,-1.3314362,-4.121406,-2.5856526,-0.5049737,-1.3075503,-0.8326415,-1.298635,0.17497474,-3.1680825,0.4786743,0.6879422,2.6717994,-2.3925369,-1.1428654,-4.7847214,-3.7354398,-1.7213815,-2.949689,0.7793642,-4.182685,-1.0158913,2.6948836,0.32484618,-0.7122925,3.0227377,-2.6969502,-3.2699437,-1.4791026,-1.7341617,-5.1065807,-1.5504066,-2.312551,-0.48162538,1.2835252,-0.17124012,-2.5993795,-0.3065241,-0.4204223,-5.4518747,-0.8469494,0.40077195,-0.11305894,0.8220545,-1.58479,-3.3641403,-6.9457564,-6.724767,2.3687565,-0.34666324,-0.5182848,-0.69675857,5.1108994,-2.3433335,0.22952607,-3.5950665,0.48403525,-0.21307728,-1.4583087,-5.51463,-1.9725296,2.1193857,-5.7026415,-6.0281596,0.23469156,-3.4603925,-1.5457916,0.002567469,-0.9562735,-3.5663385,-3.1252413,0.27196923,-4.4240627,1.4991417,-2.1883993,-4.335575,-5.027789,-1.8537658,-1.265696,-3.5897627,-2.184584,-1.0993545,-0.748209,-2.4912415,-2.5919132,-2.3416932,-4.1660676,-6.1335793,-4.1359844,-2.9389472,-5.0842743,-0.9718909,0.74805677,-3.9978278,-2.3348515,1.873503,2.4100473,-1.1793524,-4.420254,-2.1401918,-2.6301508,-3.4076037,-2.9203625,-3.4249282,-2.8887513,-0.90187174,-3.374114,-4.510264,0.56509227,-0.002201277,-0.7287349,-0.7135913,-3.3336399,0.69065315,-3.327413,1.1997433,-14.486277,-0.8937713,-3.6267388,0.089921765,-1.3771371,-3.6537838,-2.7052298,-1.4856688,0.45572633,-4.6334276,-1.381178,-4.0112295,-3.1694887,0.07842914,-0.23457746,-3.4644341,-3.7940822,-2.4404783,0.50594586,-3.6437395,-6.160551,-1.0155014,-5.612825,-2.196445,2.235604,-6.88618,-0.27060413,-1.3485845,-3.8209612,-1.5056801,-0.79570836,-1.9952581,2.5349522,-0.9841462,2.5414734,-1.7645502,2.1524527,0.011636598,-1.2774003,-0.9215748
16,-3.8453777,-1.4186527,-1.6830425,9.875534,4.3721166,-1.2318453,-2.4708383,-3.3805213,1.7708868,-4.492497,2.785426,-2.5727496,0.22344059,0.17145716,-2.647423,-0.7290255,-1.6737283,-0.37435195,0.9203061,1.3598089,-1.1289608,1.093136,-2.9146452,-2.1740816,0.20155251,2.5139546,1.726464,-2.2293718,1.1837783,-3.388605,-0.0516538,-6.3944135,1.3778625,-2.0434005,1.0172648,-2.215165,1.1348809,1.4059826,0.37571886,-0.50392693,-3.101241,-1.2756226,-0.4675149,0.5910607,-0.9786472,-1.7088088,-4.7342734,-2.8538451,-1.1280674,-0.1185009,-0.2352941,-1.6281124,0.6477495,-2.3786378,0.8861676,1.6069201,3.8652039,-3.027673,-1.1541965,-4.131041,-3.6102288,-1.613643,-2.1183648,2.0298686,-3.266587,-0.73854464,3.077535,0.88826114,-0.115882136,3.462137,-1.4398273,-2.0386734,-1.0003995,-1.0027261,-4.931,-0.15335514,-1.9947237,0.36866063,2.812497,0.01823704,-2.4178758,0.12503347,-0.36348116,-4.536355,0.40358397,0.4982957,0.9452399,0.9399524,-1.3385874,-2.438995,-6.038834,-6.2485857,2.3716755,0.63160855,0.5432093,-0.8567448,5.82655,-2.0073352,0.21345003,-2.7993293,0.9267623,-0.21503657,-1.7622806,-3.6829104,-1.0136031,2.579403,-5.2127876,-5.530085,0.42996335,-2.3924196,-1.3963852,0.34034672,-0.33682472,-2.8674958,-2.5727584,-0.06533509,-4.426159,1.8594624,-2.2992733,-2.5898132,-3.117062,-1.4614786,-0.6595095,-2.8782349,-1.3401457,-0.9271308,-0.6008943,-2.2825632,-3.2506602,-2.273908,-2.5489118,-5.3854365,-3.490879,-1.5707505,-4.4051447,-0.115754336,1.3661215,-2.2360833,-1.240144,2.8385441,3.16129,-0.7862786,-3.0245738,-1.1015737,-2.7111151,-3.229595,-1.5598127,-2.258796,-2.3291492,0.3152711,-3.122756,-4.460089,0.94016,0.39425647,0.16649741,0.34804118,-2.9338443,0.96478134,-2.6072931,1.5780383,-13.503193,-0.12437944,-4.0769863,0.33700168,-0.029639272,-4.233224,-3.429852,-1.0388247,0.4459727,-3.4337268,-0.8608011,-3.3242412,-2.7983716,0.7347757,0.1973061,-2.5171711,-4.1616626,-1.3082236,1.1119922,-3.2621725,-5.527545,-0.04183544,-4.312488,-1.487633,2.332406,-5.473677,-0.84453785,-0.86686736,-2.9074652,-1.1484566,-0.86638,-1.6478199,2.8492212,-0.23660325,3.0027857,-2.1308172,2.5164413,-0.17867798,-1.9292395,-0.6361153
17,-5.2140164,-2.4715767,-1.4026916,7.351105,2.5404828,-1.343518,-1.6989383,-3.711378,1.0761944,-5.2744226,2.2416422,-2.6139364,-0.17594345,0.02115886,-3.5268111,-1.3989875,-2.6705544,-1.6138022,-0.41443694,-0.36265457,-2.4709685,-0.86702204,-3.3426714,-3.0781243,-0.20094368,1.1311206,-0.107816935,-4.55338,-0.25543985,-4.070087,0.111710764,-6.259999,-0.072500914,-2.7602367,-0.5156375,-1.7831917,0.21182323,0.482084,1.3930713,0.30853802,-5.311727,-1.6279762,-1.4919194,-0.5331074,-1.2894498,-2.5067189,-4.5845256,-2.6339264,-1.5820781,-1.8714883,-1.0700588,-2.4901989,-0.49251607,-3.1346757,-0.08959112,0.92347544,1.9606509,-1.4178482,-1.3074219,-5.0947013,-3.7487712,-2.463562,-3.609915,-0.0064158575,-3.6521382,-1.59768,2.08805,-0.8358048,-1.1047101,1.7980009,-4.2160354,-4.6313143,-0.88708586,-2.1900985,-5.073844,-1.3257589,-2.8057268,-1.2283876,1.8847427,-0.269821,-2.7839859,-0.84206384,-0.5463079,-5.099066,-0.2720601,-0.41778618,-0.32241523,-0.32862228,-2.3003645,-4.963848,-6.566598,-6.5014505,2.5170665,-0.4686114,-0.6640803,-0.1720622,3.59293,-2.645283,-0.38352168,-4.3320546,0.265628,-0.4646324,-0.8974374,-4.4146194,-2.4652662,1.1811155,-5.250004,-5.553856,-1.1380583,-3.5363126,-2.047647,0.28787068,-1.7372338,-3.9856107,-3.1841786,-0.0037539715,-4.355575,1.0997328,-2.8779168,-4.362529,-5.0984936,-1.9109478,-1.8967965,-4.342418,-3.0014868,-1.1642065,-1.0420738,-3.1317434,-2.5258687,-3.2078948,-4.169748,-5.5708675,-4.215451,-2.0336857,-5.21883,-1.8203038,0.124968655,-5.3431787,-4.195265,0.85544926,1.4009341,-1.6137017,-4.0946913,-2.989471,-2.2205863,-3.509345,-2.020516,-3.283897,-2.9329112,-0.8198762,-2.4737003,-3.3349276,0.039337642,-0.6081119,-1.6892627,-1.9283385,-3.2084947,0.8265733,-4.267556,-0.0502369,-13.212661,-1.7518895,-3.5923975,0.0631874,-1.0706367,-4.211784,-3.3978026,-2.4964542,0.27150664,-4.1364565,-1.9816844,-4.1589513,-2.0161264,-0.6114223,-1.0102006,-3.5057638,-4.1453066,-3.1393697,-0.03971559,-3.947704,-5.107403,-3.0477993,-4.343643,-2.3911235,2.523436,-8.176153,-0.93474406,-1.8218169,-4.3740764,-1.5904858,-0.9888027,-2.5900636,1.3153281,-1.8552448,1.5369651,-2.5396564,1.9744279,-0.34429717,-2.0621452,-1.2627084
18,-5.5331497,-2.1135,-1.0394582,7.207306,1.3006126,-1.2625976,-2.9560566,-2.5936184,1.0482608,-2.189933,2.711996,-4.054045,-0.15508063,-0.9408335,-3.1396334,0.3227511,-1.8377904,-3.4087055,-2.4011874,-2.0613837,-2.9796858,-1.6720337,-3.2970324,-3.5738218,-0.04203295,3.4410572,2.7712708,-4.507617,2.3940227,-4.017975,-0.35676694,-3.6023881,2.682514,-5.05599,0.111746415,1.5417495,0.70651674,1.0869404,2.779508,0.8240155,-3.9007716,-1.0881934,-0.47812918,0.3055773,-2.746466,-4.764492,-6.321792,-3.1863542,-2.5700164,-0.9363782,-0.8628591,-4.5958977,-1.045572,-1.8969195,-0.72818035,1.558358,2.0179088,-0.4673834,-0.7724805,-4.3110642,-4.7929525,-4.163161,-4.1122603,1.6849517,-2.9825573,-0.5314065,3.0122023,-1.45632,-2.0674632,2.4890394,-6.187103,-6.0592065,0.057288516,-1.8806734,-5.329711,-1.1813668,-0.52154136,0.34405926,2.4180615,-0.24126339,-1.0172707,-0.82395065,-0.7022895,-2.915956,1.0712514,-0.9730137,0.28836906,0.917329,-1.0065056,-6.155151,-4.424018,-4.172955,3.2024076,-0.17754468,-0.22411777,3.0057693,3.3301964,-0.9023047,-1.5653285,-2.829724,2.2172766,-1.8039409,-0.43491563,-2.288679,-3.2369397,-0.30701986,-3.5251281,-3.8400235,-2.6509285,-4.262318,-1.0365735,1.1043057,-1.7132341,-5.3782315,-3.2898188,0.389308,-4.9838347,0.04230184,-3.9767327,-4.764712,-5.8122606,-2.3723767,-1.9910347,-2.9657476,-2.1392536,-1.5098977,-0.64797443,-5.0527525,-0.91445124,-2.5667315,-4.5257463,-4.421871,-4.1032324,-0.45507982,-4.0471196,-2.650611,0.72083926,-4.8253365,-6.3102,0.259744,1.0489787,-1.180567,-3.6299367,-5.193575,-1.762427,-3.6544945,-0.4467045,-1.6221501,-0.9708243,0.66729844,-1.7021325,-2.299721,0.17309436,-0.63021666,-2.2466521,-3.4366307,-3.6220667,1.0966105,-3.5384622,-2.5199666,-10.921432,-2.0400155,-4.0540175,0.14429946,-0.704945,-5.544855,-4.627568,-2.9372036,3.3093252,-2.2834532,-1.5780302,-2.8381698,-0.26576024,0.25616914,-2.1689954,-2.0530505,-3.3264115,-4.53606,-1.3448915,-3.5309956,-2.875653,-5.8240666,-4.003137,-2.2369251,3.7889614,-8.6814995,-0.6516815,-0.92896616,-2.943363,-0.5809976,0.7810214,-2.5572095,1.7132508,-3.5816274,1.012704,-1.1823251,2.5641952,-1.8215593,-4.015374,-1.4403725
19,3.3482392,2.0021715,0.59831715,0.25596896,8.67977,1.8575385,-0.19817066,-0.34573278,2.940702,0.6399752,2.3883216,5.105013,0.23976637,0.3244592,5.711047,-1.3432738,2.7841723,5.6211066,5.7401037,2.5910423,3.7222664,2.9029174,1.2794664,7.723618,5.1596575,4.4068017,2.4221125,0.28504393,2.4102273,2.9526412,-3.2532675,-0.7716803,1.9535887,-0.022266788,3.2325058,-6.48954,-0.5830801,-0.64045435,0.41525027,1.7571282,0.9890022,1.17768,3.190413,2.4801347,-1.6990519,0.85495645,-2.9107761,-0.6724971,-0.63772374,3.3915167,2.0107408,1.434184,1.7018709,0.075384974,5.763851,2.6852517,0.69682926,-2.7842283,1.7151657,-1.6959803,2.0967445,2.0430892,3.0785656,5.2203164,4.567452,4.6395836,-0.62650305,0.83524024,-0.28509605,-1.130126,-3.9543247,-4.0483017,3.258648,-0.5921317,4.137926,-0.6203643,-0.35174417,2.3128564,-0.0757376,0.3757094,4.340133,0.01332576,-1.2803576,2.5250914,0.33412707,1.7281525,7.7163715,3.2651727,-3.35724,0.11313581,0.37582284,0.38046044,1.1376196,4.7505484,-1.0507662,-4.587065,1.2155453,1.7806419,2.6309292,-0.27057976,3.0277271,-0.024363134,0.23854035,3.0257082,4.423346,7.183646,0.38874447,0.73344994,4.1339684,4.0581875,2.9212198,-0.5841714,2.5355682,0.5008782,1.5707481,2.0076246,-5.7356343,2.9792738,-1.5810914,0.64406735,-0.23415303,3.1725852,-1.4848319,-0.67953485,-1.3798443,-0.14390202,1.8377036,-0.89152104,-9.1595,-0.03169743,1.7008222,1.1074477,-0.2513476,0.30360395,1.4643564,-0.8826481,7.2683516,0.7659755,-4.244052,-2.0515814,-0.29400066,0.63523644,2.189845,4.253766,-0.18123546,-0.5700036,0.35147494,-0.37331605,4.4832444,-0.42108488,0.64145124,0.11946545,5.9378,0.82361305,5.676609,6.3353834,-3.2988362,1.2832618,1.6229577,6.6599684,-3.268256,4.617968,0.46335566,3.36437,4.9868746,-1.6304928,-1.4136192,-0.74831736,-3.8548288,-1.6414108,2.334381,-1.4149263,0.08182574,-0.9921133,1.3349165,4.519928,-4.101491,3.1644852,3.5536776,1.0131592,-0.51410204,-1.7003928,-5.6679473,2.6110103,0.7976929,-1.7781498,-2.4563923,0.13251433,-0.5943093,2.7247527,0.4802831,-0.14075562,1.9311255,-0.8059133,2.7074594,1.0499989,1.5572711,0.9458184,-0.71866703,2.7289853
20,-3.5104396,-2.6526797,0.4865768,0.14494137,5.512083,-0.61465,-2.3769834,0.16246612,3.1023033,-0.95348454,0.6009218,-0.6608604,-1.418188,0.8470972,-1.0414971,0.654309,-2.8898964,2.1885407,3.3165998,-0.45713726,-1.3348103,-1.8853067,-0.38866606,0.5987685,1.9657646,-1.7368565,-3.4784503,-2.4700198,-2.715385,-2.1927564,-2.1563985,-3.4282553,-1.8180014,-1.0313085,-0.1904214,-2.1213052,-2.0764456,-3.9451156,-0.9200222,-0.5125983,-5.770973,-0.2747954,-0.6931804,-0.7363958,-0.37238294,-0.5713087,-2.8942673,-2.1275995,-1.872878,-0.9950588,-1.1940005,-1.1373016,-2.0787687,-2.4559004,3.0442212,4.1984806,-0.8665431,-2.3298247,-2.2428117,-2.8919408,0.37345946,0.8092278,-2.230581,-2.26855,-1.6753601,0.90301234,-2.2420588,-1.2865069,-1.3168932,-4.1867466,-4.1038814,-4.5700126,1.3895782,-2.0784063,-1.9358735,-2.1959853,-2.1806235,-2.2715983,0.08392119,-0.84097224,-1.1612073,-0.21401384,-0.42110756,-1.8853916,0.5752845,-2.5294902,-0.1251765,0.48242927,-6.1316214,-4.7643046,-3.3144643,-2.4626412,3.0753326,0.43211585,-0.92131406,-2.2571394,-1.1375444,-2.0115304,-0.19581997,-5.4174924,0.49965578,1.4039726,-2.0202196,-1.2295406,-0.46001306,2.3114307,-3.2491837,-3.1623983,0.5861028,-1.0650886,-1.8357072,-0.085776046,0.45740333,-3.1057017,0.092001624,1.1092244,-5.4784813,4.291728,-3.0310848,-2.5175884,-3.009976,-1.3587168,-2.5670114,-5.6287007,-2.308936,-0.64554685,-0.047398824,-1.579656,-4.0752144,-4.0575886,-2.3084302,-1.2102019,-2.6515474,-0.19506663,-1.3322657,-5.1940722,-0.16910529,-5.9569383,-3.9043033,-2.8150988,-1.7909217,-1.7575916,-2.8454542,-0.20573017,-4.0821576,-2.0823016,-0.19705047,-0.46020052,0.7892625,-3.3512194,0.34775364,-0.045171358,0.36277157,0.1702269,-1.1783776,-1.4135715,-3.7450986,2.5940318,-0.8785338,3.371199,-4.245206,-3.5501683,-1.3173889,2.283008,0.55834705,-3.1364594,-2.5620837,-3.1117024,-1.3002498,-1.0049565,-4.8006616,-2.8457265,-5.054027,-0.82588965,0.0159187,-2.7556224,-3.3682718,-0.61489,1.5410467,-0.34549013,0.78483146,-2.9439402,-2.308049,-1.2176236,2.6407323,-6.089315,-2.570767,-0.85700494,-3.324878,-3.4657588,-3.1809635,-2.0148268,-1.3780972,-1.4464447,-0.7123568,0.27912143,2.8364198,1.4622186,0.22482571,0.024478119
21,-3.5104396,-2.6526797,0.4865768,0.14494137,5.512083,-0.61465,-2.3769834,0.16246612,3.1023033,-0.95348454,0.6009218,-0.6608604,-1.418188,0.8470972,-1.0414971,0.654309,-2.8898964,2.1885407,3.3165998,-0.45713726,-1.3348103,-1.8853067,-0.38866606,0.5987685,1.9657646,-1.7368565,-3.4784503,-2.4700198,-2.715385,-2.1927564,-2.1563985,-3.4282553,-1.8180014,-1.0313085,-0.1904214,-2.1213052,-2.0764456,-3.9451156,-0.9200222,-0.5125983,-5.770973,-0.2747954,-0.6931804,-0.7363958,-0.37238294,-0.5713087,-2.8942673,-2.1275995,-1.872878,-0.9950588,-1.1940005,-1.1373016,-2.0787687,-2.4559004,3.0442212,4.1984806,-0.8665431,-2.3298247,-2.2428117,-2.8919408,0.37345946,0.8092278,-2.230581,-2.26855,-1.6753601,0.90301234,-2.2420588,-1.2865069,-1.3168932,-4.1867466,-4.1038814,-4.5700126,1.3895782,-2.0784063,-1.9358735,-2.1959853,-2.1806235,-2.2715983,0.08392119,-0.84097224,-1.1612073,-0.21401384,-0.42110756,-1.8853916,0.5752845,-2.5294902,-0.1251765,0.48242927,-6.1316214,-4.7643046,-3.3144643,-2.4626412,3.0753326,0.43211585,-0.92131406,-2.2571394,-1.1375444,-2.0115304,-0.19581997,-5.4174924,0.49965578,1.4039726,-2.0202196,-1.2295406,-0.46001306,2.3114307,-3.2491837,-3.1623983,0.5861028,-1.0650886,-1.8357072,-0.085776046,0.45740333,-3.1057017,0.092001624,1.1092244,-5.4784813,4.291728,-3.0310848,-2.5175884,-3.009976,-1.3587168,-2.5670114,-5.6287007,-2.308936,-0.64554685,-0.047398824,-1.579656,-4.0752144,-4.0575886,-2.3084302,-1.2102019,-2.6515474,-0.19506663,-1.3322657,-5.1940722,-0.16910529,-5.9569383,-3.9043033,-2.8150988,-1.7909217,-1.7575916,-2.8454542,-0.20573017,-4.0821576,-2.0823016,-0.19705047,-0.46020052,0.7892625,-3.3512194,0.34775364,-0.045171358,0.36277157,0.1702269,-1.1783776,-1.4135715,-3.7450986,2.5940318,-0.8785338,3.371199,-4.245206,-3.5501683,-1.3173889,2.283008,0.55834705,-3.1364594,-2.5620837,-3.1117024,-1.3002498,-1.0049565,-4.8006616,-2.8457265,-5.054027,-0.82588965,0.0159187,-2.7556224,-3.3682718,-0.61489,1.5410467,-0.34549013,0.78483146,-2.9439402,-2.308049,-1.2176236,2.6407323,-6.089315,-2.570767,-0.85700494,-3.324878,-3.4657588,-3.1809635,-2.0148268,-1.3780972,-1.4464447,-0.7123568,0.27912143,2.8364198,1.4622186,0.22482571,0.024478119
22,-2.0980504,-1.2444011,0.45670137,-5.3106546,-0.5962773,6.02554,7.219288,-3.076898,-0.46254995,-4.40911,-0.18844214,1.2311532,0.9034579,4.419371,-0.35506904,-4.727195,-1.1293955,1.3540064,1.713642,0.21646215,-0.46704525,-1.4565434,0.07704395,1.5965118,-0.90771353,-1.1524373,-3.8496518,-6.519013,-2.9481013,-0.30374357,1.1469295,-4.7168894,-5.045727,6.4862514,-2.643217,-1.8462262,-3.067743,-4.9901485,-2.2294087,-1.6349596,-4.985638,0.24404512,-1.6693867,-1.3301047,6.7299566,4.1552987,9.879231,8.76308,9.766283,-4.0025797,-0.0584182,6.375832,-0.61578894,-2.8298163,-0.95549655,-3.2876425,-3.2309198,3.139591,-0.08381911,-3.15837,3.4978995,2.5394697,-0.04277315,-3.1135488,-2.938578,-3.0837228,-1.7293267,-1.1844821,1.0457292,-5.93834,-3.0559862,-3.2020304,-3.8077538,-2.9572165,-0.96270835,-4.116122,-3.4363954,-2.7685559,-3.7267854,0.09687654,-5.006605,-1.4472893,-0.2211137,-4.027205,-5.0336943,-0.49685112,-2.7479153,-3.7729917,-4.2281103,-3.4603221,-5.0081606,-5.1447697,-1.8382347,-2.4778037,-4.456569,-2.5384207,-2.239829,-2.35147,0.5135444,-3.3342977,-3.7775898,2.5836189,2.3756785,-3.2674034,0.8572801,-0.2942707,-0.074092366,-0.09729836,3.2395267,-2.8391,-1.2934802,-0.19965453,-3.4887764,-0.7660447,-0.7691322,-1.0529652,-2.1454973,-0.58107156,7.729733,-4.6180863,-4.6169896,1.1180117,-2.8898077,-2.8631241,-4.42325,0.42286742,-0.8529133,0.59247535,-2.3071978,-1.8705852,-4.9311624,-5.8077507,-0.14468785,-5.387365,-4.2083864,-1.6373361,-1.5838176,-5.420977,-2.6170127,-3.1565642,-2.7698438,-0.55242103,-0.12904274,-0.3776933,-1.7692862,0.18805733,-5.3571334,-5.9489307,-5.4717293,-3.625486,0.41753885,0.7739711,2.3127081,-1.3247706,0.2817418,0.41772327,-3.9093392,-3.7688456,-5.984485,0.8807413,-0.92764163,-0.70195764,7.2242255,-3.2151544,-3.34497,10.251223,10.239933,-1.5590844,-2.3986769,-5.444239,-1.7438651,-2.9107547,-2.6032457,-5.971482,-0.71646774,-2.7332416,0.61677206,-5.0350413,1.8394934,-3.0222547,-2.296746,-1.3380067,-4.7438927,-0.6520645,-2.4589064,-5.032812,1.3791919,-2.854853,-3.6926632,0.8564272,-3.750238,-0.9830074,-2.8385477,-0.9350097,-1.010727,-1.5187631,-1.417244,4.219247,7.1808095,1.2453512
23,-1.3102423,-3.4625561,-1.2796482,-5.2043953,-0.22581945,7.3495913,10.060903,-3.304523,-1.1185977,-7.508914,-1.6709903,3.2842853,0.13556089,5.3237977,-0.25557652,-5.863836,0.17992383,2.2596989,2.8976543,3.7984915,0.31332156,-2.1298468,-1.070873,1.361959,-1.6114419,-1.6575632,-4.1592937,-8.564589,-5.1187778,-1.3919232,1.6319946,-4.3239317,-6.8935585,11.390028,-4.228586,-1.4930004,-5.3847823,-4.752861,-2.2903168,-0.55574715,-5.8565097,-1.2874229,-3.2754457,-2.7161994,7.242423,6.393729,13.299254,8.203949,10.466669,-8.024052,-1.441348,10.945674,-3.5929618,-4.261273,-0.64270097,-3.4545887,-5.6421413,4.2037897,-1.5460643,-4.767879,1.7689322,0.24411173,-0.79560816,-5.1615458,-2.6525192,-2.2289598,-4.548291,-2.7490468,-1.1950965,-5.3877788,-6.0927124,-6.101637,-4.684443,-5.1750684,0.3419671,-5.2974963,-4.4526677,-4.0779305,-5.6811953,-1.0743558,-3.7534635,-3.361324,-1.384419,-4.094464,-7.8808827,0.5665452,-2.3437917,-4.601657,-5.0760894,-6.844898,-4.5987587,-4.578457,-2.9845972,-4.154645,-6.0487256,-1.9619395,-4.9095597,-2.7607412,-0.35810032,-5.7068644,-4.7618647,0.47443137,1.7985857,-5.8479266,0.55731314,1.8947433,-0.55283487,-0.4928588,2.1742969,-3.5390587,-0.053361554,-1.7676487,-4.3683558,-0.09549782,-3.7252026,-2.4656878,-4.5082965,-0.22444285,6.933995,-7.3775053,-8.088222,0.08669038,-6.9099064,-5.3027043,-7.181189,-0.6372867,0.11079686,-0.5589854,-1.304717,0.36852476,-8.842344,-5.7308483,-2.1434398,-8.588984,-5.4186683,-3.9770036,-1.8891758,-7.925982,-6.455286,-7.690559,-6.539786,-2.857124,-3.015811,-0.4278811,-0.8471472,0.26733783,-8.54642,-8.666649,-6.0059695,-6.1006145,-0.56593746,-0.08039158,1.2886262,-3.1418593,-0.040145006,-0.19963671,-6.8949027,-4.4248724,-6.840811,2.5365944,-1.0744222,-0.5536243,8.154111,-4.083001,-3.2265346,10.538001,10.997567,-3.9500906,-1.7754395,-7.613757,0.23618951,-3.980356,-3.2704642,-7.510695,-1.9408596,-4.2764997,0.084094964,-5.345631,3.7199216,-4.629801,-3.8015096,-3.6271877,-7.511506,-1.2971292,-3.3972661,-8.789977,3.566242,-4.233098,-6.5196166,1.8788706,-1.2730321,-2.53216,-3.5914211,-1.1118222,-3.2202234,-1.8362339,-2.2059019,3.2842252,8.042662,0.24137026
24,-0.753808,-2.4890914,-0.59221226,-4.8026633,-0.6173826,6.0432396,8.640561,-3.1748316,-0.44117528,-6.522884,0.18682513,2.0198164,1.4145792,5.9985676,-0.9908626,-3.3119986,-0.7021208,0.31824404,1.805376,0.69026107,-0.44811767,-2.6017654,-0.76249164,0.902124,-1.1053911,-0.88249546,-3.2482479,-6.4857173,-3.235878,-1.7370259,2.7572448,-2.8488574,-4.8207726,7.5374117,-3.5116382,-0.5434335,-4.204888,-5.7635612,-0.4896319,0.8720736,-4.3098164,-0.557049,-2.8537676,-2.5140803,7.6963735,5.450613,10.757135,7.737431,9.516139,-5.2411094,-1.2812388,7.0926695,-0.013931353,-2.252695,-1.2589866,-3.1475284,-4.5490346,4.67679,-0.6398346,-2.6606874,3.1029816,2.339566,-0.8302893,-3.6836252,-2.459761,-2.5325918,-1.6940035,-2.3977041,0.058927428,-5.4010816,-4.505199,-4.421415,-3.6972468,-3.704265,1.0008851,-5.685692,-1.8089308,-2.2631037,-4.287664,-0.43772453,-2.4652658,-1.6925967,-0.07049444,-4.0142984,-5.0961003,0.3074973,-2.521057,-2.664067,-3.311071,-4.123018,-5.01525,-4.3778787,-1.190396,-4.4925647,-5.982354,-0.9509866,-2.589543,-0.9665709,0.62741935,-3.4458914,-3.9064248,2.5567183,2.518953,-5.103091,-1.5067474,-0.39779982,-1.1888837,-1.1817495,2.1514814,-4.2638583,-1.1265469,-1.5253909,-3.0508242,-0.07196953,-1.0352632,0.42681357,-1.8350896,-0.006535511,6.907601,-6.10429,-6.549243,0.109359115,-1.5610663,-2.8819678,-4.539958,0.38961107,-1.7910222,1.0129293,-0.7389107,-0.10310763,-5.7076297,-5.988398,-0.7979425,-5.5155444,-3.78171,-1.7427088,-1.8976878,-6.0497336,-4.116852,-3.750769,-2.8813264,-0.26921907,-2.4894404,-1.9751065,-1.5532542,-0.2818299,-5.466292,-6.76478,-5.0441847,-3.5201638,-0.48264253,0.16786991,0.90416354,-1.4895648,-1.262336,-1.3951007,-3.4711485,-2.2167585,-6.2047606,0.6000473,-0.5906255,-1.8109436,6.782975,-2.0498269,-2.6324449,10.261859,10.526689,-0.24907088,-1.2483983,-5.070337,-1.1418703,-2.172485,-3.3161526,-5.4275937,-1.2717131,-3.3700616,2.1074984,-5.858097,1.8220707,-2.477485,-0.7793449,-3.228368,-6.3260384,-0.90117234,-1.694963,-5.141182,3.6460779,-1.9284803,-3.402425,0.2176499,-2.8122804,-1.4374995,-2.4324708,-1.563432,-1.4409428,-0.49752206,-1.3582602,4.058117,7.7909303,0.38520515
25,-2.1012063,-0.79222846,0.76649016,-6.5593634,-1.7021866,4.3495812,4.5724382,-0.6363139,-1.3939897,-0.52718747,0.14295097,0.30002528,1.5684717,2.553373,-1.1004616,-6.18469,-4.5796137,0.23759995,0.93099004,-2.3130658,-1.4173409,0.08593729,1.0983176,2.1846259,0.28786287,-3.126839,-5.6919837,-8.112164,-2.8814857,0.15903933,1.9544423,-3.5100133,-3.8599803,3.7036576,-1.0718914,-1.545174,-0.78511304,-4.1645966,-1.3725944,-1.815221,-4.6743093,0.5496902,-1.1321768,-1.6132388,4.992806,2.314046,7.282512,8.631369,6.697324,-3.2380505,-0.052079692,3.2855043,-0.7714933,-3.0445385,-1.3927594,-1.8307598,-2.3403916,3.7042449,1.307876,-3.4171052,5.779146,4.1967087,1.2389804,-2.9256432,-1.5668495,-3.4062219,-1.1694747,-1.5125378,0.49283627,-6.9149528,-2.565405,-1.9450048,-2.0148327,-3.5906494,-0.2142911,-2.2394826,-4.393147,-2.2880259,-0.44223976,-0.686631,-5.290071,-1.7615093,-1.28214,-2.8127291,-0.34399363,-0.14295204,-2.9631584,-5.7640133,-5.2429104,-1.8966322,-3.7861505,-3.8624084,-2.2165005,-0.7129702,-3.8288279,-1.587141,-3.3282473,-3.7026238,2.0722747,-2.4563868,-4.1878066,4.0495825,3.196583,0.48653394,0.71758527,-1.8359199,0.38599038,0.349335,2.292391,-0.72364855,-3.5283675,-0.40057325,-5.0719385,0.9744513,1.2632849,-0.41539073,-1.6738789,-0.4913764,6.977424,-1.345013,-1.0807488,0.93321425,-2.0863953,-2.5048347,-3.8676562,-0.29065275,-3.0357642,0.81960845,-3.8641596,-2.7477715,-1.2125583,-3.793971,0.9868669,0.15334833,-2.9759421,-3.16866,-1.7814982,-5.0663075,-2.442787,-0.5451632,-0.45942035,1.830915,1.6853049,1.3734797,-1.0999848,0.07309536,0.15834025,-5.204538,-3.8681076,-1.4389651,0.8714031,1.7182556,2.49073,-1.8285887,0.35094532,0.07014289,-3.0555449,-3.0177705,-6.845214,0.1144416,1.0306597,-1.8462062,7.363585,-2.3523877,-2.928097,8.743283,8.109076,-3.3276982,-1.9817446,-4.0408278,-2.0371623,-3.6842968,-0.74090374,-5.742355,-1.2081343,-0.6764073,1.7073498,-4.4301395,1.3018513,-1.5584711,-0.23950246,-1.4860389,-0.28066966,-1.2447234,-3.1772528,-4.5234394,1.2829967,-3.1424878,-3.4165273,0.21441117,-3.1960182,-1.6163744,-3.8425603,-0.97793883,-1.4098779,-1.8918455,-2.1677504,4.588138,5.4769506,1.2010669
26,-0.32326365,-1.1806135,0.3399001,-2.7999187,0.97505003,6.7089896,9.566423,-2.6612566,-0.023291418,-4.89055,-1.169229,5.2475634,-0.24834272,3.1695192,1.1402049,-5.456537,0.11779086,3.1119525,2.574066,3.746513,0.6170306,-0.72791773,-0.1926016,3.5304608,-0.3105287,-1.500507,-4.047761,-4.5502534,-3.8766162,1.1185738,-1.6132233,-6.2561812,-5.862508,9.529055,-2.063798,-2.6240616,-4.034487,-3.1006725,-2.7454607,-1.418868,-7.137972,-0.52467734,-1.543965,-0.782769,5.3155584,6.5911274,12.554747,8.700993,10.947152,-5.327673,0.36757976,9.236751,-2.666741,-3.0510912,0.68257314,-2.6542747,-3.274696,2.65359,-0.53295016,-3.4424028,2.6318533,1.2586038,0.3478844,-3.277575,-2.6249428,-2.3280911,-4.6326137,0.69574827,0.40083838,-3.5130477,-4.0084796,-4.253413,-3.5398655,-2.6602542,-0.6830341,-3.0739908,-4.412024,-3.075477,-4.312373,0.69355947,-5.3897533,-2.4529166,-0.22895993,-4.194553,-5.643248,0.4102497,-0.7334775,-2.990561,-5.667979,-4.300543,-5.062001,-5.5224137,-3.00943,-1.4802076,-3.118112,-2.9032474,-3.493353,-2.4659688,-0.16261207,-3.7433696,-5.066498,1.1599293,0.7851626,-2.9804394,3.570905,3.6327806,-0.2994065,-0.23749922,4.15472,-1.2649759,0.5476775,0.5890604,-3.5853846,-0.011915708,-3.8654957,-3.6295717,-3.2815046,-0.17053649,8.51483,-5.557841,-5.707545,1.9566454,-6.619072,-3.3423994,-5.405489,0.7502188,1.7897749,-0.34025717,-0.23723593,-1.6462184,-5.9394307,-4.5256686,-1.0150961,-6.6472373,-4.8794374,-2.3259463,-0.58072674,-6.4784484,-3.555802,-5.079381,-4.3467026,-3.246038,-0.021015918,1.5226624,-1.3685569,0.86150837,-6.6495647,-7.151109,-5.7980094,-5.0972095,1.0866688,0.90643466,4.6665373,-2.266874,1.7952595,2.4711542,-5.514296,-4.26393,-5.425902,3.2765195,0.04093698,2.0467262,7.693467,-4.2400584,-2.2946193,9.8019085,10.04668,-4.226713,-2.56529,-6.0527024,0.61216944,-2.7428377,-2.1365585,-5.9301805,-0.22504202,-2.8471634,-3.042551,-2.9353237,5.021174,-4.5321593,-5.0262995,-0.62443095,-4.149757,0.24833483,-2.9718843,-5.931928,-0.80637616,-3.5878813,-6.1691318,1.9774967,-2.384472,-1.5007778,-2.4214268,0.7227144,-1.3758254,-2.9893649,-0.9510345,4.1181974,6.540525,0.9163302
27,-1.1351926,-2.9516504,0.8654908,-7.2199936,-4.3152375,-1.7138944,-2.0806112,7.639521,-5.3914137,-2.3138044,-3.0073094,0.86494523,-5.68739,-5.485657,-1.1593423,-3.995097,-4.1252527,-1.997583,-1.7301401,-0.5676798,-3.612728,-7.3387194,-6.523072,-0.08170977,-0.44502926,-3.4443092,-6.469706,-4.600848,-4.6414385,-1.3704197,-0.06857055,-8.540451,-3.0391498,1.9741871,-1.4937375,0.76436013,-11.681429,-14.160987,-6.5078745,-8.86071,-5.0336633,-0.111184105,-2.1377165,-1.5536596,-2.5557787,-1.1468066,-8.476393,-4.819034,-7.086497,-3.1827316,-1.3945279,0.6592586,-10.61374,-10.660801,-3.3381333,-2.2165697,-3.5750391,-0.034437876,-5.3104773,-6.461298,-0.34981897,-3.0775113,-5.183339,-5.7399244,-10.830183,0.8733419,-2.86738,-4.2510266,-3.0301576,-14.886815,-12.192898,-11.760554,-1.9351639,-7.963824,-1.4601283,-14.876161,-1.2688538,-3.914377,-3.0371616,-0.59100294,-8.959523,-1.8621886,-0.102906644,1.6339287,-3.505789,-2.0458136,-3.4206448,-2.6060472,-11.265305,-10.716241,-0.4686365,0.7006924,-1.0524037,-0.5529208,-3.3314655,-2.445143,-8.417969,1.4240799,-4.2837706,-5.0755343,-4.6516147,-0.7216576,-1.3208952,-2.5628078,-0.3784357,-0.35883445,-7.3967557,-7.3861747,-6.4967694,-2.4776137,-2.6691658,1.7030352,-2.7670977,-0.16944724,-6.4978986,-7.828837,-11.275931,-1.2361571,-8.052881,-10.540218,-11.037379,-0.2429116,-7.8678694,-4.5077987,-1.0633695,0.20310244,-1.6190627,-0.7395853,-0.76303416,-1.4158877,-6.451145,-1.5435796,-5.391371,-3.4684684,4.370573,-12.458781,-4.153414,-7.6216083,-11.295293,-9.350376,-8.389251,-6.1963825,-5.2053266,-1.2912534,-7.387142,0.9339051,-3.5899026,-4.0815973,-4.704132,-11.915924,0.83431506,1.5193434,-4.873754,-1.7853487,-3.4481616,-6.2809043,-9.630735,-7.5349946,-11.712747,-1.687528,-0.31300455,-4.288602,-2.1718004,-3.629758,-2.492265,-8.883892,-8.107497,-4.1313972,1.2164361,-5.437273,1.4700956,-7.2245216,-4.501809,-5.551038,-2.7942924,-3.5047681,-2.305689,-9.136134,-1.7817402,5.0446773,-2.6163254,-11.651801,-4.214683,-1.7679392,-1.1532947,-2.2845643,-2.877765,-4.5863323,-3.9285574,0.008364395,-9.083162,-4.415493,-10.276178,-3.1398768,-6.712827,-4.083385,-3.6806855,0.92216736,-3.754005,0.51925445
28,6.0503006,-3.2031026,-0.4505618,-3.1538284,-1.6032414,1.346721,-1.7346929,13.272451,-6.03992,-0.349125,-2.8554196,4.5332036,-2.8174102,-2.9714324,-1.0632218,-0.061458956,3.1983657,-0.26629958,-2.2794566,4.0500793,4.890987,-5.343113,-3.9180188,0.8914603,-0.9998317,3.0201871,1.275689,2.930087,-1.1481041,-2.6508076,4.277693,5.0458517,0.5480554,6.339026,-0.9554005,6.878735,-8.10649,-6.394803,-5.186659,-8.694493,6.2347245,-2.1467748,-2.7527134,-1.4177068,0.0055938116,4.892492,-3.9013138,-3.3966675,-3.0455806,0.013919603,-1.2831622,4.7543697,-7.065333,-6.147684,-4.0870676,0.47631398,-0.9354229,0.552228,-8.093202,-2.477596,-0.009181386,-1.6283495,-1.6460339,-0.4144069,-6.8679905,3.1780214,0.51608413,-0.8213148,-3.8536046,-10.261509,-7.2206917,-7.3273954,-2.7310326,-2.9404495,3.8337646,-10.300749,0.28326043,0.27141735,-3.6178632,-2.2855988,-4.792226,-3.6766107,-2.1862013,5.777226,-1.005128,2.5152442,1.1934605,-1.3361187,0.34474054,-7.1688805,8.0341625,9.688798,-2.858991,0.057247434,-1.3355142,1.2219069,-4.627659,3.8482902,-7.1523585,-1.1216515,-2.7391598,1.5249097,-1.3908025,-1.6640928,1.2005538,0.57313246,-6.289472,-6.4266877,-4.33364,-1.3614275,2.9699125,1.2990022,0.7325182,4.7889056,-7.148113,-4.2709684,-6.6193905,-0.60604334,-5.1899476,-3.212484,-3.708089,-0.5128316,-5.235373,0.45384946,4.342854,-1.4557337,-2.293325,-0.0181003,5.1224756,6.282872,-1.6298214,4.5607505,-2.7264574,-1.4228737,6.8600287,-10.940951,0.0013142026,3.4591627,-6.5169215,-6.629785,-5.077099,-4.8229094,-3.234853,-1.1471263,-4.2928114,4.908212,-1.5423357,-3.1350098,-0.8021059,-6.0464845,0.06748186,0.6080685,0.35638607,-3.569491,-1.4437385,-4.4350786,-6.614488,-6.609109,0.5864741,-1.878044,8.113841,-1.6731449,-0.98662406,-0.615141,0.019062022,-6.5700073,-5.310868,0.25181672,6.207033,-2.7388918,8.047721,-3.3495026,-4.818584,-2.801092,-4.040068,-1.7800988,5.3746433,-5.2190003,0.38542214,5.748074,0.53862816,-7.065067,-0.285909,-2.500085,-0.03186766,7.626029,4.6323967,-2.7626765,1.4038804,4.6876545,-2.1226707,-2.8545399,-2.8201246,1.9340719,-2.9092603,1.7219588,-3.4404893,2.2171955,-3.132667,-0.5467407
29,0.71605843,-1.588504,0.97585666,-7.064771,-4.7881827,1.6942306,1.1843078,12.861427,-6.8380375,-0.9614442,-3.736712,2.4092243,-7.04958,-5.994651,-0.55758446,-4.90016,1.6125144,-3.5912492,-4.942944,5.6130905,1.4650011,-7.7845545,-6.9271793,1.5910085,-1.1678231,-1.3574986,-5.458762,-4.507702,-5.1654897,-0.022695433,2.6622264,-6.9133782,-1.8336111,6.2731457,-2.257912,5.108837,-14.06367,-13.550637,-6.5251594,-8.246268,-1.1708672,-0.17189297,-2.3226213,-1.7360848,-2.022782,0.47480288,-9.083213,-3.6113524,-6.490877,-3.9326909,-1.3624189,4.4286532,-12.798817,-13.4087105,-5.744948,-2.6302536,-3.6080751,3.4847643,-4.0528746,-7.414989,1.2929038,-4.093527,-5.26839,-6.176564,-12.884573,2.0995455,-1.7970686,-4.041619,-3.7147949,-15.928908,-12.116704,-11.338157,-1.8113532,-8.959803,-0.2584964,-17.165163,-0.78511053,-3.8909361,-2.37149,-1.7104468,-8.832775,-3.1069484,-1.2076262,3.0981421,-3.1443105,-1.0936946,-1.6619722,-2.6578093,-9.572273,-10.923336,2.5943513,4.718316,-3.5175867,-0.23781036,-3.945778,1.1364813,-9.895599,2.9369996,-5.068316,-4.558331,-6.073042,-1.6658323,0.54594153,-1.2497474,0.07615809,0.18852408,-4.3578806,-4.366646,-6.4912286,-1.5863459,1.897739,2.345339,-4.2667093,-0.00890219,-9.304544,-9.595565,-10.321799,-3.3100388,-7.411086,-13.217522,-13.8170185,-0.40923646,-7.873874,-3.8628836,0.9286212,-0.70234174,-1.7488056,-2.2654274,3.3506026,3.2632482,-3.5605237,-0.5630244,-5.115328,-2.9110587,6.400041,-13.303074,-2.3793461,-5.511193,-11.5377,-9.922613,-9.629643,-6.960699,-6.7108116,-2.7757738,-3.3629313,3.0484753,-3.0724669,-5.307422,-4.056029,-13.569239,1.6123054,2.9713547,-4.9753094,-3.2244902,-4.055072,-8.223659,-9.695858,-10.574621,-13.35139,-5.139098,4.7988663,-2.6145208,1.1315274,-5.087465,-1.6059947,-8.117857,-7.3151436,-5.4938583,4.916893,-5.1352344,6.1701508,-8.512187,-1.0891641,-6.4990945,-4.323386,-2.8090484,0.4613312,-11.829098,-0.5650598,6.2189846,-1.3247434,-12.333824,-6.112139,-2.0929954,-3.189711,0.18861265,0.06629219,-6.0130744,-3.5533364,5.181492,-7.089876,-6.0149865,-11.437862,-3.8243935,-8.497054,-2.6376715,-5.1992784,1.0107317,-3.8871841,1.2258542
30,-4.0112314,-4.003308,-0.4887263,-3.4703884,-2.64682,-0.6602905,-0.57289654,5.0752535,-3.5250723,-2.3167644,-2.126662,-2.7668645,-3.9233842,-1.915891,-3.7815669,-4.112232,-5.501566,-2.3681538,-2.1528873,2.0038903,-2.9811993,-5.17044,-4.396625,-2.2441006,-1.5259072,-5.0716395,-7.388826,-6.9114857,-5.9896173,-3.0496843,3.3718557,-4.759269,-4.4701505,2.1972094,-3.1035893,2.215787,-7.206555,-8.558898,-4.63952,-6.1322856,-4.597419,-1.088207,-3.2429793,-3.0672226,-0.020133732,-1.1694617,-5.5185966,-1.96943,-3.524864,-4.7098794,-2.5275197,0.5549696,-6.9105506,-8.796902,-3.9951472,0.09415592,-2.5365696,1.6359133,-4.8155904,-6.1978717,0.357027,-1.1974012,-4.595835,-7.1463685,-9.391601,-2.5973506,-2.387772,-4.2316957,-1.7230812,-10.226698,-6.761299,-6.549266,-2.9041057,-6.444482,-3.3998964,-9.545808,-3.8897715,-5.6849537,0.77461225,-2.3839085,-8.424675,-2.299868,-1.312841,-2.8121066,-1.1335211,-2.413202,-3.9623275,-6.216539,-8.344903,-7.838184,-2.998829,-2.3116791,-0.95599866,-2.3218403,-2.9000728,0.0695263,-6.0175295,-2.760088,-2.957375,-6.1784344,-5.3142004,1.1141065,-0.4758742,-2.522748,-2.091314,-1.6909865,-7.2229433,-7.363317,-4.593645,-3.7420962,-4.982312,0.05418903,-3.123039,-0.6099227,-3.975893,-5.509781,-6.7455177,-0.42450035,-3.6684508,-6.9675145,-6.875259,-2.3094225,-5.413096,-5.704895,-2.7388043,-1.2460064,-5.1648755,-1.2076347,-1.8571398,-1.7197301,-4.4128094,-3.87936,-4.052236,-1.3202009,-0.93176943,-8.80089,-4.72325,-6.630955,-6.809194,-5.539059,-5.565664,-4.0568013,-5.051852,-1.8389091,-5.121376,-1.2702421,-1.3904183,-5.2596664,-5.421504,-6.9585085,-0.9014483,-0.36726156,-4.440269,-2.3936718,-4.110263,-6.067927,-6.5701904,-4.4015336,-9.640833,-2.657515,-2.018455,-5.808518,-0.40935504,-2.480133,-1.1918479,-3.943609,-3.6799407,-4.5818896,1.8961353,-4.6302056,-1.1064444,-6.7193384,-4.2588515,-5.018286,-2.9256275,-5.485837,0.5317072,-8.297872,-1.3457408,0.44193015,-1.9108106,-7.0090156,-2.3152702,-2.7380438,-1.4533819,-3.5781062,0.92284113,-4.4227505,-4.066183,-2.9475267,-5.5498238,-3.944274,-6.9490743,-2.5664723,-5.3863792,-3.327684,-2.5637977,1.3804289,-1.1253445,-1.2352993
31,-1.2360158,0.8958729,0.38273984,-3.141208,-4.4016004,0.15612578,-1.274621,8.19434,-5.016962,-0.05834796,-2.7267864,-1.4665788,-4.3519187,-4.0256305,-2.194577,-0.41981548,-4.6048307,-1.621658,-1.4436315,-0.7253302,-2.2732284,-3.3843918,-3.4150348,-1.0194498,-0.19308123,-1.7136666,-3.2993684,-4.6890492,-1.661228,0.302309,3.0572858,-1.598878,-1.8887056,1.9902266,-0.5821804,4.7138085,-4.5997386,-6.4290433,-5.102844,-8.315823,-0.59658325,1.1955689,-1.0048004,-0.2851901,0.23774794,-2.550073,-5.497999,-0.58200395,-2.546096,-2.7952943,-0.38007358,0.320845,-5.3514957,-3.635555,-3.4258003,-0.7233964,-0.5431106,1.0303428,-2.8464131,-0.8437336,-0.45817637,-2.6525211,0.53984946,-3.6342113,-8.862469,-1.3010036,0.363954,-2.4544706,-0.25641668,-9.350161,-4.9698286,-4.6138763,-1.4535273,-3.9873774,-1.4806691,-7.5480814,-1.0760483,-2.8697357,1.1011854,-0.72500324,-8.383152,-0.48810947,0.4373476,0.84410906,-0.23418681,-2.284657,-2.170352,-5.5406027,-3.4176946,-6.9800878,0.613146,1.3290805,-1.1574947,-0.47150543,0.04418778,0.5299929,-3.9940145,0.15327121,-4.461576,-1.9244769,-2.3599575,0.6374637,0.52956533,-0.17828144,1.0785992,-1.5315926,-5.6789684,-5.975519,-4.959578,-2.2093384,-3.7240493,1.7040628,-2.3018837,0.6168978,-1.5905464,-4.045523,-5.0125513,-1.0685902,-2.7635121,-6.066682,-5.913914,-1.190136,-3.791464,-1.3408895,0.17501749,0.38028178,-2.9144948,-0.15971757,-0.5842903,1.0505726,-4.9562683,-0.591834,1.4178392,0.04111783,2.0028446,-6.539688,-1.5595244,-2.5808797,-5.0275908,-3.592744,-4.0895824,-3.4340923,-1.1907171,-1.22893,-2.7591162,1.4680178,-0.016262088,-3.4721587,-5.7928514,-5.3659687,-0.5037424,-0.12798183,-2.888425,-0.62446064,-0.9464139,-3.311351,-4.627804,-5.2044473,-7.7826304,-2.1180491,-1.119254,-1.5711038,0.320111,-1.0808425,-1.4192913,-3.1428773,-2.9795058,-1.1773301,4.4291854,-0.6771018,1.2517943,-1.5908037,-0.6603046,-2.8323,-2.017964,-1.6916044,2.0175014,-6.922716,-0.980236,2.9745333,-1.0309085,-5.9230857,0.15402283,-1.4475286,-0.9750613,0.5904618,0.5680063,-1.3529544,-1.8731309,-0.25081202,-3.917643,-1.4156892,-5.680292,-1.1397876,-3.2024198,-3.4786665,-2.9911509,0.7280573,-1.4993575,1.7437398
32,-1.8984025,-0.6146865,0.8403918,-5.582363,-4.5480843,-0.08981452,-0.15990993,13.407413,-5.770733,-0.16483279,-4.7858915,-0.8393898,-9.963754,-6.2735147,-2.2076283,-1.0032018,-0.8436884,-2.3974764,-3.2245536,3.0164552,0.96089286,-6.7467227,-4.2240515,-0.39542413,-0.3198029,-4.0026917,-7.498852,-5.4414687,-5.959702,-0.106986396,1.4355133,-1.1634182,-4.5157228,4.818742,-2.5876298,7.0891776,-12.396402,-13.364004,-6.7696404,-10.152215,-2.441011,0.8040498,-2.5861905,-1.7126147,-1.5410742,-2.7612402,-9.894671,-2.872237,-5.042283,-5.0993266,-0.115600936,2.583897,-9.279807,-8.338265,-6.213261,0.172443,-3.348588,1.8723646,-5.3250337,-3.2217202,0.11079143,-3.7794814,-1.7307107,-8.126655,-15.491123,-1.719247,-2.0261316,-4.671228,-1.1369991,-15.0286,-10.939162,-10.578968,-2.0736012,-7.4144707,-2.9385474,-16.349281,-1.9429076,-6.817005,1.1274253,-1.5723964,-11.6015835,-1.2631444,0.8624176,-0.49385914,-0.8075719,-4.773907,-1.9478422,-7.2657247,-6.0912957,-12.179266,-1.0905509,1.0225198,-2.0256188,-1.4607944,-2.123085,0.9114352,-8.376309,1.6336704,-7.2819557,-5.50783,-5.30097,0.50950336,-0.63963693,-0.45174474,0.99097884,-0.14021489,-6.2857566,-6.506367,-6.883932,-1.5931495,-0.81495434,2.7476854,-2.495357,-0.32591784,-6.2548237,-7.2906375,-7.7925487,-0.62764454,-5.6577086,-13.356466,-13.578115,-0.14717443,-6.588424,-4.3620386,-1.7062974,1.0875765,-3.6256244,-2.1930735,0.49364266,2.0526168,-5.850282,-1.7568517,0.064610064,-0.600747,2.2496233,-10.90263,-2.9400413,-6.1595526,-9.697434,-8.846475,-9.336384,-7.633526,-4.802007,-2.6699286,-5.5186024,1.2411813,-0.7316913,-7.378524,-7.944454,-9.181831,-0.39435774,-0.07012848,-5.2592473,-1.33418,-3.1026595,-6.717729,-6.219139,-8.175628,-13.274031,-3.965081,2.2628403,-2.2916641,-0.4933845,-2.0869904,0.27818042,-6.9060307,-6.175367,-2.3929536,6.2492156,-1.8986399,2.5172184,-4.550429,-1.9972279,-5.714106,-3.4675243,-3.4437296,-0.65095586,-10.734522,-0.34824225,3.1386883,0.32080218,-10.97879,-3.5585253,-1.9768735,-1.5232306,-0.29875323,-2.6674237,-3.0152988,-3.8972492,-0.6698741,-7.163291,-4.468425,-9.975545,-4.393927,-7.5096917,-3.615159,-3.6348937,0.97449887,-3.5804958,2.178399
33,1.4044654,-0.8229992,0.4613958,-5.720585,-5.089441,3.0125804,1.3891805,12.035044,-6.773487,-1.2174522,-2.7287076,1.9075646,-5.990922,-4.8850093,-1.0730176,-6.057539,1.8382229,-3.31524,-4.224345,5.3957,1.026544,-5.992743,-6.9719396,1.76375,-1.5052649,0.4311444,-3.2690864,-4.3658137,-3.8897073,0.1054068,3.444275,-6.707983,-0.7980621,6.1139574,-1.8613043,4.226166,-11.973789,-11.262183,-6.8097215,-8.270371,0.9425249,-0.9827433,-2.3165054,-1.8395702,-0.9336275,0.44035262,-9.894792,-2.707859,-6.166288,-3.1419973,-1.1783577,4.571855,-11.521872,-13.955969,-5.379762,-3.2548344,-2.3181767,3.08837,-1.9113076,-8.348091,1.8826151,-3.7197247,-5.0427074,-4.470068,-11.955874,3.0311596,-1.3519585,-4.767504,-3.829203,-14.773979,-10.205661,-9.280951,-2.467249,-10.054295,-0.18510254,-15.296526,-0.8352348,-2.9787707,-1.474997,-1.6606103,-7.1320114,-3.0064003,-1.8191589,3.7379467,-4.1293,0.7012132,-1.7088697,-1.7863789,-8.157055,-9.549224,3.2416117,5.058195,-4.1959677,0.9743871,-3.0749555,0.87044656,-7.7126412,2.3004525,-4.1831126,-3.1734684,-5.251818,-1.7950764,0.7788332,-0.317173,0.03934166,0.15496615,-3.7718754,-3.8195987,-4.94268,-1.5396867,2.355343,1.4786824,-5.474553,1.1868405,-8.067865,-9.478826,-9.051829,-5.3253365,-6.3726654,-10.961808,-11.604292,-0.71142596,-6.898073,-2.7627008,1.0523762,-1.4120156,-1.8011959,-1.0862818,1.6464087,5.257317,-2.1907158,0.19958495,-5.71786,-3.8896375,7.1459165,-12.125995,-2.0453196,-3.0845356,-10.290376,-8.403475,-8.739102,-4.821583,-6.7424436,-2.1146371,-2.478926,3.971086,-4.044164,-4.1027017,-3.501275,-12.380622,0.93730956,2.0484748,-5.240251,-3.140917,-3.7888799,-7.847508,-9.27487,-12.127418,-12.157563,-4.5282,3.3911722,-2.1904614,2.5237253,-5.4512024,-1.857058,-7.151731,-6.639029,-4.772484,4.557284,-5.8327703,8.245694,-9.203536,0.71104765,-6.8937964,-3.8761053,-2.2611065,2.6472335,-11.083577,-1.4299151,7.094664,-1.1391459,-10.834769,-6.5968914,-2.0623364,-4.357499,1.7960922,1.438795,-6.744565,-1.9187019,6.413604,-5.475633,-6.366855,-9.597738,-1.8430778,-6.513132,-1.5321656,-5.56233,0.98636675,-2.5229216,0.77422094
34,0.5145004,-2.0120091,-0.0033889993,0.22106926,-2.4397182,-1.4417936,-3.9014342,8.599406,-3.462886,0.77477163,-1.8896697,0.022888863,-2.9605122,-2.7329931,-4.437443,1.0252961,-2.5870998,0.15161937,-2.7981143,1.6179727,-1.1563247,-2.673101,-2.2040675,-2.4791684,-1.3029922,-1.4914503,-2.8191397,2.0916917,-3.1912916,-2.1222496,3.0580547,-0.6180339,-2.1436908,0.79943544,-2.133046,4.926409,-4.0427914,-3.0311801,-4.471255,-8.220306,1.0116485,-1.8090038,-2.776415,-1.5141995,-0.12291742,0.21853527,-7.0095897,-3.3222451,-3.500115,0.43443546,-1.4373865,-0.739344,-3.7146125,-4.478164,-3.3986306,2.0612,1.3621573,-2.1867397,-5.379755,-1.6209164,-1.0529976,-0.9836074,-2.3117042,-3.2720892,-6.679189,-1.3274256,-0.032964654,0.90591,-0.61301905,-5.73184,-2.5792587,-3.3504517,-2.431336,-0.27057987,-2.1444433,-5.18669,-3.6663992,-3.9515467,1.7517382,-1.8722919,-9.958851,-2.0079293,-1.0308124,0.5382209,0.5925507,-0.810829,-1.0221283,-3.3626754,-1.1565694,-4.1824884,2.9404721,2.785263,-0.760094,0.48739082,2.0861003,0.7006644,-2.4957018,-2.4153175,-6.2726803,-3.6863275,-4.0090733,2.673316,-1.0664866,0.2238052,1.4262114,-0.7342013,-8.3753805,-8.676873,-3.0357325,-2.8312037,-2.1031008,2.1739373,0.4323585,1.8712116,-3.9787655,-4.052897,-3.2130952,-0.77307194,-3.3359737,-0.19603531,0.7150523,-2.4248989,-3.3953621,-2.4793408,2.650547,-1.2559873,-4.023352,0.6008087,1.9466355,0.25710472,-0.60658926,0.50304186,-1.220226,-0.09845037,2.1642737,-6.244665,-2.5662122,1.4677057,-2.3139517,-2.1247766,-2.6031048,-3.9932284,-1.3014789,-1.2875465,-3.1260462,3.3951468,-0.2055733,-0.6934329,-3.644992,-2.8485668,-0.47720417,-1.4555367,-0.77642876,-2.1903467,-2.8229268,-4.1423,-3.2742639,-3.9020839,-0.86447096,-2.567771,0.7059017,-2.6336405,-2.7945447,-0.43382517,0.115317106,-5.988716,-5.666001,-1.0411881,3.929341,-0.35071403,2.30774,-2.5134163,-1.8526658,-1.0246131,-1.5772839,-6.093269,2.9600227,-4.64189,-1.4117041,2.4254904,-0.87305206,-3.2492447,4.4578643,-2.4629073,0.9336376,5.8004684,0.7207634,-2.808117,0.4960251,-0.5979588,-5.335677,-1.7628134,-1.7445052,3.090427,-1.1488805,-0.6632519,-1.3650749,1.9120644,-2.327413,-1.5228809
35,2.7305496,0.40785104,1.6189216,-2.7597175,-3.8716347,-0.11111366,-1.8143071,12.73961,-4.2987585,1.2802343,-2.4572623,2.117968,-4.2127004,-3.0607338,-2.6354275,4.639237,-3.1931508,0.22806427,-1.3199481,-1.359977,-1.1874412,-5.411086,-3.0299742,-0.5077804,0.777495,0.033579424,-1.1433715,1.4423076,-0.49623045,-0.27349034,3.3234391,3.0177095,-0.48421913,1.4468244,-0.345588,8.221661,-5.268959,-7.393463,-3.407449,-7.6316466,1.4357781,0.38582602,-2.0661016,-0.78697693,1.2957098,0.17755386,-5.272551,-1.2820632,-2.3983402,-0.17016694,-0.41171014,-0.7615834,-3.2868621,-0.43381736,-2.5577953,2.3781214,0.29720214,0.36997953,-5.700177,2.8836966,0.36472556,-1.1257752,0.68038785,-1.836243,-8.069013,0.9034945,0.65673417,0.6606904,-0.66855603,-9.736301,-5.1732774,-5.7488217,0.35667095,-0.026635889,0.37657815,-8.289903,0.70790875,-1.0320327,0.84091777,-0.8397998,-7.954181,-0.8229952,0.6192752,3.6698086,1.6947674,-1.2119344,-1.2289522,-1.9910989,0.07779377,-7.555861,4.0227613,4.8309426,0.6897085,-0.2198308,1.6305733,2.0496373,-2.1185887,2.9093695,-6.9839544,-0.76348627,-2.1020725,4.1670165,-1.3756052,1.1636323,2.1387668,-0.56583,-7.1674914,-7.436255,-4.9177685,-1.9276527,-2.3621786,2.9345448,0.7193034,3.1912804,-2.2692366,-0.98155445,-3.2713606,1.2097058,-2.7568295,-2.8012285,-2.4890847,-1.1270425,-1.3050805,0.8349731,4.0008106,0.863161,-1.603594,1.8845276,2.969806,2.1705298,-2.2487636,2.7476838,2.6998131,1.5784613,5.3868093,-7.672701,-1.7961586,0.09010038,-4.1371574,-3.2310011,-3.148058,-3.7786317,0.30639878,-2.249905,-5.5939956,4.3868957,1.4793576,0.070799224,-3.7449076,-2.228405,1.0271078,0.6541818,-0.58534753,-0.8805217,-1.4423037,-3.7137458,-2.1205258,-2.6694689,-2.7157354,-1.3638141,4.3086996,-1.5408312,-0.80037326,2.7853322,0.26602274,-4.016744,-3.5267513,2.9611053,6.497895,2.6294494,2.4337046,1.9660667,-3.1887271,-0.04898746,-2.0297296,-2.1860616,4.706379,-5.9257665,-0.34766752,6.307044,3.8706186,-5.8837385,5.395015,-1.7525873,2.4576375,7.8219404,0.55454415,0.24759139,0.17643377,-0.5603464,-6.3400745,-0.703107,-2.0384088,2.591287,-0.07660144,-0.8630251,-1.3593508,3.0303693,-1.1230783,1.0891314
36,1.7485011,-1.1835383,0.22777641,-5.148589,-5.544701,-1.1041164,-3.302623,8.382151,-5.8548694,-1.476177,-3.3455098,0.045164924,-3.1092823,-2.8090482,-3.1226115,0.9758141,-3.2575433,0.120718904,-1.3339245,-2.4706976,-2.165897,-5.3145676,-5.1538415,-2.7753417,-2.1372576,-0.100509554,-0.26711532,0.011558633,-1.5915098,-2.0696123,4.0040507,-0.16092986,-2.364995,1.3337517,-1.381181,4.1550374,-4.1387606,-6.279444,-6.195662,-9.717611,3.6825747,-0.31782973,-2.563811,-1.4367111,1.5466125,0.3033992,-4.4995036,-1.8569041,-2.9379191,-0.6806624,-1.4868113,-0.2538116,-4.3979406,-3.206741,-3.5824172,-1.9937521,0.25132114,-1.4772642,-6.606606,0.3898232,-0.93166316,-1.4312272,-0.676046,-2.8005457,-6.6278224,1.0746725,1.0943735,-0.3081882,-0.4772304,-10.270818,-2.2651718,-2.7630477,-3.721633,-1.3733908,0.067920215,-7.422016,-0.031711828,-2.1485128,-2.700889,-1.2636269,-7.5050464,-0.69867104,-0.42296177,3.3422189,-3.5590494,0.64037013,-3.2592335,-2.7764862,1.2245374,-5.441388,6.379688,7.005668,-0.7561656,-0.55691814,-0.45270413,-1.581754,-2.5635574,1.1131696,-6.2439823,-0.4349026,-2.3997014,2.0896704,-0.47348863,-2.0098038,0.47101745,-3.5581882,-6.884836,-7.155888,-4.911087,-3.7240245,-3.1432085,0.8387078,0.17251843,2.852775,-1.1523172,-3.7941303,-3.4550893,-1.7625073,-4.030262,-0.3095156,0.28975165,-1.9847238,-1.8810834,1.2252469,5.355818,-0.58946747,-2.6527364,2.45294,2.3280876,2.6428277,-4.039283,2.0994258,0.25552312,-3.408298,5.459466,-6.8387237,-2.7392642,2.3707664,-2.1887276,-2.779556,-3.034155,-2.476908,-0.795457,-1.1771761,-3.887751,4.9350057,-3.4943733,1.2676349,-3.926086,-4.642542,-0.30732626,-0.116316326,-2.3538876,-0.97711635,-1.8447374,-3.9046066,-4.10549,-5.123353,0.06710846,-1.6493936,1.5896311,-3.004296,-1.089311,-0.9136426,-2.4959276,-3.9048436,-3.463943,2.3512924,2.61059,-1.255535,2.8752902,-0.79201216,-4.0845013,-1.5145913,-1.8419147,-2.9027395,5.9472528,-6.4091163,-2.7894955,6.43378,-0.40899125,-3.9720275,3.5794628,-2.6786342,0.31174836,8.123809,2.2759578,-1.2580819,1.3416754,1.3441055,-6.349667,0.19038701,-2.5535412,3.8605168,-0.36906072,-1.3819038,-3.4349365,1.8490489,-0.82155466,0.25761864
37,2.0988374,2.159465,0.42207596,-3.7527614,-4.9433665,0.03773256,-2.7233047,10.291323,-5.804226,0.43291205,-3.462749,-0.07085915,-4.8084974,-4.6255574,-1.6198264,2.321191,-3.00953,0.7911715,0.40139806,-1.9768208,-2.5690827,-3.2140558,-4.452429,-0.815564,-0.15582857,1.0671324,0.2354854,-0.65068406,-0.03846788,0.81342924,2.1470368,-1.68567,-0.7877793,1.7881444,0.647323,4.2853575,-5.5131316,-8.935966,-6.6772065,-10.132533,3.1331499,1.53117,-0.7971251,0.23918936,1.5896239,-1.5053025,-6.3528113,-1.4243528,-3.0694745,-0.4834996,0.59245384,0.2051361,-5.0192823,-2.1941803,-2.2844074,-1.2707591,0.9236089,-1.815113,-3.475427,1.9647864,-0.8488687,-2.862265,1.6862973,-1.9162972,-8.72487,2.6006143,0.9485492,-0.8237705,-0.26594153,-10.385476,-3.3472555,-3.4278798,-1.4533428,-2.9693232,-0.1796922,-9.590144,1.7569413,-1.6925321,-0.5308256,-0.23706484,-8.06147,0.6876523,1.1228466,4.73222,-2.5660439,-0.7839623,-2.0436754,-1.7560215,-0.28811768,-6.598648,5.119593,5.8655963,-0.4221552,0.81903803,1.4310076,-1.4710255,-2.0683722,3.073455,-5.8385096,0.45466247,-0.90077925,0.7390276,-0.30410293,0.8226698,2.8515134,-1.1554599,-5.6638007,-5.923273,-4.3552384,-1.8217589,-2.5875387,1.7831837,-0.6787782,2.2115006,-0.3974227,-4.191773,-5.53775,-1.3349702,-3.8599749,-4.3185763,-3.954139,-1.2115307,-2.5916698,1.5483981,4.8764286,1.0717827,-0.48783013,2.065324,-0.95695066,3.9976618,-5.095266,1.5640875,2.4586446,-2.1793103,6.8307505,-6.941317,-1.0509334,1.1363386,-3.117032,-3.571034,-4.530452,-3.1427753,0.284932,-0.9667895,-3.7501678,4.8911767,-2.2639065,1.2297935,-4.445729,-4.862637,-0.62020177,-1.0478286,-2.9673247,0.53025067,0.31481507,-2.1133134,-4.791268,-6.108043,-4.455673,-0.042492718,0.63898057,-0.20382193,-0.38661367,-0.32881653,-1.2344533,-4.0826073,-3.7761562,2.442364,3.9581714,0.74949694,3.791628,0.84318423,-1.7309148,-1.1285254,-1.1696119,-0.80777276,3.898102,-6.8006115,-1.4374084,7.797205,0.6765443,-4.882733,1.124471,-0.94244355,-0.119363554,6.772518,-0.4314754,0.3525119,0.47777793,1.5853822,-6.5192933,-0.2783798,-3.2782633,2.2563667,-0.32143772,-1.6629939,-3.3433628,1.0057714,-0.6572332,2.616185
38,0.28437528,0.25582528,-0.76216936,-5.340493,-5.090388,0.4780078,-0.6787609,7.3699517,-5.5111375,-1.3191997,-4.059571,-0.619232,-4.3559666,-3.4748821,-1.9311056,0.23027492,-3.2056594,-0.5326877,0.42793757,-1.9035147,-3.3533545,-3.3273964,-3.3398879,-0.89303845,-0.45960382,-0.8444116,-2.087376,-4.4349465,-2.1283092,-0.37797695,2.404645,-1.3228668,-2.5714657,2.5828807,-0.80087876,2.9223096,-6.4439692,-9.43623,-5.8063226,-8.065118,0.030634852,0.6709758,-2.063729,-1.5152932,1.9465872,-1.622214,-4.0594635,-0.41480196,-2.1398551,-3.49703,-0.5107423,1.1019484,-5.3754563,-2.955739,-2.9554288,-2.051198,-2.378754,-0.06590661,-2.2186375,0.074463464,-0.571749,-2.787693,0.52479285,-4.455691,-8.365284,1.5983727,-1.6053293,-3.6483214,-1.5850188,-9.545399,-5.7579155,-5.425077,-1.3156402,-5.561208,0.009704778,-10.302961,1.3035419,-3.0979624,-1.9590443,-0.9202092,-5.8517094,-0.4047776,0.462059,2.6110778,-3.5149846,-1.6865848,-2.9120748,-2.991542,-2.6006823,-7.5132666,2.259071,3.3280764,-1.2848831,-1.2141421,-0.45628417,-1.5103738,-4.5128884,2.3115861,-4.638476,-0.7135265,-1.440376,-0.24926771,0.78926957,-0.57138324,0.7632224,-1.6074282,-4.908302,-5.0637536,-4.053885,-2.6616032,-2.6441002,-0.06822355,-2.4993494,0.87179005,-0.68734145,-3.6773856,-4.9685373,-1.7784517,-3.158842,-6.9225626,-7.106652,-1.7012132,-4.0300007,0.059384823,0.72482526,0.45788634,-1.0226085,1.010435,-1.5364956,3.386189,-7.4074874,0.27400756,1.0584365,-2.9053252,4.206124,-7.092605,-1.788622,-3.1457121,-5.4010997,-6.2530265,-6.5902143,-3.116629,-1.702785,-2.1428647,-2.509218,2.8784804,-2.945492,-1.7012137,-4.4489527,-5.5386133,-1.3124114,-1.0581006,-3.5587766,-0.47636533,-0.8637017,-2.9286215,-4.790963,-5.6139092,-7.088631,-0.50384134,0.571832,-1.7330048,0.7194762,-0.63132197,-1.7759483,-1.9535493,-1.7516894,0.5680254,2.626952,-1.2327759,2.2682948,-0.48872015,-0.50209665,-3.1711078,-2.331417,-1.2147467,3.828084,-7.0167937,-1.7537663,5.3236227,0.7331813,-6.3310943,-2.1487396,-1.3857577,-1.5594085,1.106475,0.6165667,-0.7253879,-1.4854188,0.048398092,-4.2282987,-1.5602214,-4.2300625,-0.7423913,-2.5493562,-1.6300763,-3.9056387,0.31573513,0.23300777,1.5669471
39,-1.6486324,-1.2570043,-0.14467236,-5.3933487,-4.623324,-0.78146243,-1.8421685,5.6079793,-4.384372,-1.7413206,-2.9650083,-1.8073311,-4.170055,-2.9699411,-2.9532154,-0.020386305,-4.8103967,-1.0409173,-0.23440848,-3.299094,-4.640103,-4.866062,-4.354216,-1.8034724,-0.8477899,-1.848311,-3.1190932,-4.9194055,-2.8900044,-1.8281493,1.4895319,-3.8165073,-3.1406677,0.49609873,-1.2022742,2.4475646,-6.5888214,-10.372758,-5.260533,-7.4539986,-2.1117013,0.44237533,-2.413347,-1.8958228,1.3841461,-2.0293312,-4.736083,-1.1251295,-2.5858572,-3.0842538,-1.1129221,-0.80775857,-5.142799,-3.9260516,-3.0565078,-1.7612151,-2.0996237,-0.6992181,-3.4272716,-1.0146636,-0.45218036,-1.7291018,-1.4935598,-5.020353,-8.621543,0.53462833,-1.2231867,-3.1128433,-1.2498596,-10.649938,-5.8478656,-5.6635137,-2.243032,-4.9436965,-1.866373,-10.525819,0.350894,-3.792217,-1.9272419,-0.94984514,-7.23378,-0.2784658,0.43460155,0.79312354,-3.1702254,-2.1535912,-4.1147213,-2.7633114,-3.8263183,-7.4021745,0.78233653,1.8984438,0.044008944,-1.6598549,-1.6215175,-1.3624362,-4.0816374,0.8884557,-4.257707,-2.1601412,-2.431882,0.66713923,0.20839998,-1.4838692,-0.65173095,-2.6911924,-5.957966,-6.1111507,-4.238054,-4.1797557,-4.2353477,0.37364995,-2.2253578,-0.59044534,-0.6964928,-3.667769,-5.810006,-1.2348268,-3.6003385,-6.4179063,-6.365237,-2.0474637,-3.5674784,-1.291777,0.98309135,0.25246415,-2.3897054,0.565901,-1.435481,0.545511,-6.6982927,-1.4325597,-0.3174826,-2.8082933,2.8915823,-7.728898,-3.2674131,-4.626453,-5.3442583,-5.2189965,-5.4209657,-2.6871305,-2.387372,-2.64102,-4.424935,1.8512961,-2.8646011,-1.1379684,-4.6106477,-5.594512,-0.73669857,-0.49512884,-3.548957,-0.37989184,-2.3852706,-4.364743,-5.523089,-4.320429,-6.7268076,-1.2680265,-1.2615519,-3.6592212,-0.48052537,-1.1682645,-2.2560194,-2.7667425,-2.5010436,-0.51796025,1.8666134,-1.807659,-0.12565337,-1.6016265,-2.8440437,-3.0139449,-2.022494,-2.6662881,2.5320642,-8.248256,-2.3291767,4.453938,0.16190906,-6.6424236,-1.4553747,-1.8660418,-0.36011454,0.22807921,-0.6756353,-1.1127042,-1.9621725,-1.3547521,-6.309045,-1.5661799,-4.4821887,-0.97456425,-2.4836023,-2.0313509,-2.8442116,0.9725392,-0.27878663,0.77430964
40,-0.4406698,0.50468177,0.027681535,-3.7428646,-4.6393747,-0.9765773,-3.3870814,7.334654,-4.7707553,-0.4289361,-2.904472,-1.8385167,-4.370654,-3.7494824,-2.7561026,2.0872312,-5.0823865,-0.14675535,0.3608775,-3.3895526,-4.32457,-4.0950923,-4.240809,-1.955776,-0.548374,-0.6063576,-1.0251245,-3.0286038,-0.7983818,-0.8688775,1.7384193,-2.2293618,-1.4714781,0.26201278,0.010326425,3.998456,-4.5527196,-8.354017,-5.8357744,-8.857474,0.64522105,1.0122416,-1.4961134,-0.67829657,1.0740806,-2.712673,-5.7480297,-1.5525912,-2.8871455,-1.4925467,-0.5283778,-1.1565762,-4.2215796,-1.8532022,-2.3749783,-0.9356928,-0.18542503,-1.8423295,-3.6493092,1.2638639,-1.3548788,-2.4056275,0.53463,-2.9949694,-7.9375734,1.298926,0.33412588,-1.7946503,-0.6546678,-9.692699,-3.7374241,-3.7944648,-1.5673082,-3.1635227,-1.469637,-8.435364,1.2270504,-2.3507707,-0.5388866,-0.7697744,-7.4291205,0.36068067,0.6548029,2.6683865,-2.1141634,-1.7287345,-3.3984768,-2.4609025,-1.5792224,-6.429198,3.0194879,3.5675635,0.3198586,-0.5925171,0.34735292,-0.8245318,-2.0768874,1.5282038,-4.996049,-0.5147234,-0.9241035,0.72276926,-0.30555642,-0.44788083,0.8916472,-2.1995614,-6.1296067,-6.3784,-4.882396,-3.3076816,-4.471946,0.95562273,-1.1592063,0.5859044,0.23109673,-2.8615787,-5.495179,-0.6890557,-3.8068273,-3.9934392,-3.6946976,-2.2527664,-2.4875484,0.42667988,3.104807,0.39253953,-1.6386147,1.1962823,-1.3222982,1.5323344,-5.892047,0.22815192,1.63823,-1.7919638,4.217604,-6.6663437,-2.1978505,-1.3436233,-3.6215713,-3.5021088,-4.0157857,-2.3343616,-0.6407383,-1.7036684,-4.183134,3.089916,-1.8457183,0.86370635,-4.354754,-4.108513,-0.87634593,-0.95632,-3.3000953,0.2288254,-0.8911626,-2.9148262,-4.865652,-4.046367,-4.43709,-0.42603493,-1.5209261,-2.0891085,-1.0794605,-0.20276666,-2.0588021,-3.4279182,-3.1614306,1.253489,3.53232,0.362762,0.806015,0.48459226,-2.589908,-1.1963277,-1.4964683,-1.537338,3.2147973,-6.805309,-1.9418966,5.6889677,0.4413369,-5.1692896,0.9920236,-1.7190506,0.2542178,3.4731622,-0.46940938,0.179494,-0.6587154,-0.66178733,-5.8083563,-0.3748683,-2.9603262,1.0171849,-0.69117486,-2.3732097,-2.6880772,0.5610785,-0.88155687,1.5888804
41,-1.7719089,-0.26112157,0.858652,-3.3049967,-5.029062,-0.9154936,-1.5344424,7.6442294,-4.355958,-0.58535224,-2.1763995,-1.1696799,-5.003672,-3.920135,-3.5872233,0.9926238,-4.871209,-1.3005503,-1.5195943,-2.7521198,-3.8549755,-5.0964546,-4.455718,-2.001251,-0.026375605,-1.7538911,-3.564037,-4.7958035,-1.9973359,-1.0608549,1.5663652,-4.198085,-2.0713959,0.6783214,-1.0876738,4.842311,-5.2838745,-8.06941,-3.8481562,-7.2913175,-2.9193401,0.85655224,-1.8933702,-1.0107151,0.45612404,-2.3371363,-5.1696754,-0.90286756,-2.8677924,-3.2032607,-0.6904692,-1.0243127,-4.866643,-3.0772595,-3.264744,-0.349343,-0.16056693,0.6588838,-3.8755918,-0.49513537,-0.7286414,-2.8266392,-1.1442485,-4.0996184,-8.682862,-0.7017193,0.3898104,-2.4268212,-0.5137402,-10.861822,-5.907073,-5.6696687,-1.5665002,-4.1145816,-2.2136364,-8.616681,-0.4236958,-3.0492795,0.88915586,-0.4356119,-9.243411,-0.309521,1.0409303,0.6174743,-0.4307095,-2.5286927,-3.1706264,-3.8909307,-3.7662964,-8.767617,0.28239644,1.1739091,0.66100186,-1.0252694,-0.5667253,0.73920786,-3.3165467,0.6495936,-4.808641,-2.9405503,-3.0551152,1.3842063,0.32417744,-0.31535214,-0.20686747,-2.2453396,-6.1035657,-6.405982,-5.375891,-3.7282822,-3.731431,2.2974114,-2.6949332,-0.3341795,-1.738943,-3.9465456,-6.2189975,-0.38652244,-3.3388984,-6.5425186,-6.429893,-1.7015834,-3.0228412,-2.1115541,1.1484139,0.8562751,-2.6736522,0.07272914,0.106986895,-0.1627916,-5.361195,-1.3472893,0.84570646,-0.37305352,2.2282944,-7.8985615,-3.0468311,-5.0552425,-5.692387,-3.2791672,-3.7990716,-3.1013403,-1.4560828,-2.7237284,-4.1710563,2.2175767,-0.459023,-1.7461604,-6.0044374,-4.8037753,0.11191146,0.07476466,-3.167996,-0.49594283,-2.956117,-5.2651954,-5.089062,-4.037948,-8.135323,-2.213279,-1.1585395,-3.0030262,-0.76788527,-1.095552,-1.3918577,-3.8441715,-3.5060134,-1.0886405,4.0686235,-0.031157685,0.05734804,-1.0260469,-1.9141169,-2.3835087,-2.050031,-3.0329192,0.79969823,-8.702051,-1.1132269,3.6220164,0.4814174,-7.151365,1.2167723,-1.8103623,1.0077547,0.07578522,-1.531379,-0.97913474,-2.5821743,-0.45947853,-6.712997,-1.9489101,-5.590136,-0.5412058,-2.4688468,-3.819274,-1.8958306,1.4142001,-1.3038304,1.2348653
42,2.6857638,2.6000767,0.42851976,-4.543835,-5.255119,1.4244777,-0.95325404,14.465381,-6.034497,1.8762417,-4.783941,1.089856,-7.75109,-5.497286,-1.7261995,4.055303,-0.038391195,-0.40636784,-0.9751487,-0.2629046,-0.03832296,-4.0445337,-2.5082605,0.11335447,0.34030524,0.47139108,-1.348765,-1.0314733,-1.8988293,1.4049834,1.3549726,2.5595002,-1.7401977,3.6145353,0.029922787,8.99169,-8.954158,-11.19789,-5.694144,-9.30315,2.2204516,1.3728446,-1.7751096,-0.68550116,1.3231989,-1.5982205,-7.0639076,-0.5313776,-2.0038385,-2.4530585,0.8058962,1.571217,-5.5170083,-1.4948248,-3.9539738,0.3589604,-1.419647,-0.053247813,-2.6859543,3.47486,0.10341876,-3.3005817,2.541544,-4.3679204,-11.873802,2.2397914,-1.1079599,-1.8450985,-1.6095031,-10.880258,-6.9822454,-6.78599,-0.050079156,-4.101062,0.023505269,-13.294475,1.9666582,-3.4308357,0.5249161,-1.2647785,-8.711035,-0.50479245,1.0886045,3.8999724,-0.82151777,-2.5465453,-1.2434003,-2.7202415,0.14836907,-8.787949,4.096417,6.064765,-1.2701955,-0.18349758,0.851573,1.9619132,-4.5424886,4.268153,-7.3198137,-0.23447666,-2.0614269,1.1349205,-0.011922656,2.2909033,3.0498972,-0.28631774,-4.2625237,-4.503978,-4.9261594,-0.9719166,0.06985032,2.2043722,-1.8345417,1.8293878,-2.5409052,-3.598262,-4.7598944,-1.0464529,-2.6678956,-8.810955,-8.775152,-1.2876499,-3.5823722,0.9752861,3.0541387,1.3200839,-0.9474624,0.08519204,1.0071771,6.1677756,-5.3022327,2.4699996,4.6416645,-0.22679897,6.2871485,-8.494574,-0.5507492,-1.2105874,-5.9491796,-6.308692,-7.3332186,-4.866147,-1.0793582,-3.0818372,-3.0385551,5.0228,-0.33111677,-1.7445663,-5.2118115,-4.427043,-0.4116388,-0.74748516,-2.6783097,-0.5896154,-0.86364675,-4.035144,-3.7733974,-6.2674046,-7.194635,-1.7432541,5.25274,0.5075845,1.0099411,0.92100435,-0.16829875,-3.3158715,-2.878747,1.558866,7.9169006,2.88386,5.1034713,2.1396182,0.30449095,-1.7172837,-2.7317026,-0.7244127,4.066681,-8.16729,-0.43993333,7.092084,3.9117763,-7.9773793,0.5656431,-1.5353324,-0.42563438,6.2400117,-1.2725302,0.65999806,-1.0838856,1.1930377,-5.597763,-2.1771102,-3.8761818,0.0012190619,-2.2943754,-0.75633967,-3.5981529,1.0857562,-1.1465003,2.9484706
43,2.7144063,2.9448102,1.3102455,-4.2859817,-5.355419,0.26958618,-2.156332,14.90095,-5.2401185,2.3869958,-3.9006243,1.120062,-8.478682,-5.8654666,-1.7328671,5.4742594,-1.5049748,0.014453898,-0.32858938,-2.3435225,-1.0553648,-5.182048,-3.4983103,0.25631136,1.2307925,0.6016318,-0.8310538,-0.8419873,-0.59123415,1.3497628,0.47334695,2.0147097,-0.71627367,2.1118388,0.75630176,9.352556,-8.221744,-11.760868,-5.4291034,-9.596527,1.998893,2.0964506,-1.1977317,-0.0093026515,0.6896596,-2.4571054,-8.165848,-1.0372493,-2.8904538,-1.8071364,1.1959333,-0.009908286,-4.500177,-0.17660826,-3.3800106,0.99648225,-0.26446238,-0.55072004,-3.7809741,4.3366203,0.09536055,-2.9107008,2.7862082,-3.3090513,-11.515652,2.5748575,-0.20734785,-1.4289478,-0.679749,-12.577563,-7.0898523,-6.8325467,0.012158174,-3.3397722,-0.04580628,-13.118088,3.3531768,-2.3240457,0.9831898,-0.25863373,-8.721564,0.74614173,2.2278576,4.4341645,0.06449597,-2.722354,-0.9872253,-2.0356627,0.045262452,-9.538407,4.4450345,6.289564,0.30440286,0.12022888,1.0032159,1.9194973,-3.3332205,5.335585,-7.61733,0.3821829,-1.757315,2.0710943,-0.6801571,2.951417,2.9382944,-0.4987712,-5.1614585,-5.430485,-5.640924,-1.5820925,-0.8633247,3.1165495,-0.8716092,1.8216867,-1.1822265,-3.1840327,-5.2937593,-0.1829372,-3.4696565,-8.01517,-7.986834,-0.86668444,-1.9913831,1.7817652,4.1114306,2.3305385,-1.2471219,0.76457816,1.0313729,4.97042,-5.029837,2.5882516,5.281049,0.6065409,7.0017815,-8.772499,-0.7487894,-1.331002,-5.9256687,-5.0477204,-5.9567914,-3.8986812,-0.15196458,-2.5798342,-4.940939,5.247435,0.48851368,-0.2236852,-5.398809,-3.3790383,0.2117494,-0.21597303,-2.5909944,0.65640634,-0.96415174,-4.0846667,-3.5389094,-5.07949,-6.831527,-1.146859,4.584132,0.34337947,-0.08954165,1.5900967,0.83853006,-4.387046,-3.8840363,2.6791618,8.187748,3.8946135,4.233848,3.1856005,-0.95518714,-1.0049534,-1.8937792,0.10192596,3.3374293,-8.737635,-0.35537532,8.201204,4.959419,-8.318954,1.8397295,-0.7800521,1.2853111,7.2344584,-2.6673174,1.9699856,-0.35381544,0.7221289,-6.849474,-1.0725969,-3.6710067,0.5802967,-1.24172,-1.7217714,-2.3045592,1.5734364,-1.9307725,3.4648173
44,3.1860273,2.3096914,1.7469227,-3.505052,-4.132833,0.19326068,-1.7712799,12.721299,-4.1483183,1.2718834,-2.6348934,2.0644686,-5.4594073,-3.878893,-1.0272526,5.1513066,-3.2120755,1.1972018,1.0048871,-3.0119233,-2.1037133,-4.917975,-4.0071087,0.70292556,1.7249641,1.1341543,0.2409512,0.053313054,0.83569723,1.1719021,1.531688,0.94829327,0.14799388,1.6367741,1.3251361,7.0671153,-5.974738,-10.0117035,-4.3300447,-8.095799,1.517803,2.0023267,-0.75002176,0.43393663,1.5704371,-0.80515504,-5.4762306,-0.8992099,-2.5294836,-0.7220725,0.8986948,-0.3192475,-3.7890835,0.517509,-1.2868142,1.269475,0.57353115,-0.43518198,-4.4709296,4.0450954,0.3243208,-1.7900501,2.32001,-1.0473651,-8.703037,2.9714437,0.33053112,-0.0055828434,-0.38152117,-11.320362,-5.514411,-5.6569734,0.57396394,-1.4526267,0.7879371,-9.9859085,3.1273718,-0.21016593,-0.17897052,0.49053934,-7.0645146,0.94191,2.0576446,5.1763797,0.08789636,-1.2431412,-1.1711657,-0.621964,-0.4970158,-8.647805,4.4174323,5.558323,1.3329403,0.45241436,1.7184201,0.79574305,-1.5079175,5.028079,-6.4228625,0.6853755,-0.91171855,2.9745884,-1.5321423,1.8971988,3.076574,0.13337278,-5.711742,-5.917676,-4.609242,-1.5771673,-2.1435907,2.9891784,0.37487185,2.7997167,-0.39572388,-1.5683008,-4.9272876,1.0413915,-3.2086365,-5.028981,-5.0873966,-0.3400046,-1.4267291,2.0375593,4.165723,2.256743,0.016956402,2.414927,0.7813131,3.451889,-4.420447,2.9546926,3.951096,0.36486912,7.072469,-8.191924,-1.0198932,-0.9109901,-4.5412164,-4.1574187,-4.353899,-3.0665867,0.8782295,-1.3566949,-6.1986346,4.804941,0.26691732,1.1815027,-4.163388,-2.9036093,0.93785185,0.5240978,-1.5178432,0.92603517,0.027981898,-2.4295268,-3.2830062,-3.3216147,-4.5874767,0.70416015,3.2247398,-0.0009605738,-0.19482066,2.5616298,0.50490963,-3.6749022,-3.2110069,3.4904332,6.119722,2.9670472,3.0972414,3.2270148,-3.0337358,-0.12503313,-0.97202516,0.33741364,3.7675333,-6.5490193,0.037987545,8.349678,4.2369733,-6.2844543,3.0723526,-0.22014605,2.224409,7.020934,-1.0702313,1.8828025,-0.10675141,0.2778054,-6.347014,0.15612115,-2.490822,2.2128074,0.29146424,-1.4378558,-1.2829062,2.4815185,-0.6091856,2.967369
45,1.6821446,3.522344,1.275693,-5.1103106,-5.021459,1.7949173,0.27955094,12.823958,-4.878223,1.3524754,-3.9530444,0.60479385,-7.769547,-4.86647,-0.54165035,3.3826647,-1.5966402,-0.16048387,0.24764751,-1.1005776,-1.5808952,-4.6716866,-4.192553,1.2538427,1.0517533,0.33653584,-1.5180769,-2.7968116,-1.25121,2.432614,0.694426,-1.2308817,-1.6198962,3.4461432,0.7758073,7.0663366,-9.134164,-13.182382,-6.2336082,-8.927649,0.4557404,2.855473,-0.61034423,0.27609128,1.9812583,-2.0279799,-6.4005666,0.3873862,-1.6179693,-2.916482,1.3820834,1.4853216,-5.7971125,-1.8618677,-2.7823472,-0.7447468,-1.1060213,0.5706624,-2.0795844,3.045083,1.1384404,-2.6545565,2.370422,-4.092792,-12.142898,2.540997,-1.0862533,-1.9170328,-0.24588867,-12.9815445,-6.6326213,-6.123922,-0.40722933,-4.621736,-0.39851707,-13.875734,3.2352052,-2.8927424,-0.18377495,0.38874167,-8.393552,1.3102425,2.6358716,3.6752512,-1.872863,-2.9321744,-1.7998844,-1.7920088,-2.2838042,-9.195145,2.6985092,4.756431,-0.2676857,-0.09104106,0.2881396,0.7201289,-4.182695,4.96506,-5.9791436,0.1780927,-2.136092,1.0558423,-0.14696953,2.2429616,2.9839563,-0.22627966,-3.730711,-3.9046757,-4.208834,-1.6986564,-1.0927621,2.6318889,-1.7650207,0.6696077,-0.6634183,-4.3665433,-5.4109745,-1.0886592,-2.3039467,-10.405654,-10.452968,-0.3850376,-2.890045,1.1777084,2.8441758,2.6859715,-0.40741467,0.9436979,-0.39629936,4.772096,-6.2325697,0.88567173,4.39005,-1.1744391,6.7029276,-8.354191,-0.9482968,-3.0666819,-5.6337633,-6.0006976,-7.1982694,-3.9484687,-0.81952095,-2.258262,-4.450758,4.2078977,-1.2810727,-1.0557904,-5.9038815,-5.889499,0.31366846,0.22652398,-3.249513,1.2042999,-0.43881816,-3.5505304,-4.418905,-6.3308625,-9.366313,-0.8255407,3.6857593,0.53196037,1.9769326,-0.005419124,-0.012540024,-2.1901333,-1.8898392,1.4924667,6.3622317,2.2370722,3.6449554,1.9366922,-0.74349725,-2.1950517,-1.2101667,0.29758143,2.9206395,-9.500654,-0.13609102,8.01268,3.4061124,-7.7007127,-1.3969109,0.15793395,-0.36865452,4.66914,-2.2865214,1.3852558,-1.23131,0.93607986,-6.5926476,-0.90402657,-5.403044,-0.73941445,-2.4364638,-1.7128763,-2.787391,1.6563227,0.0021887568,4.0241923
46,-0.0688062,-0.021775056,0.418377,-5.513861,-5.2583337,-1.1301732,-3.8393795,7.0622025,-5.434042,-0.6183463,-3.8456206,-1.8194325,-3.381069,-3.8624794,-2.0459397,0.039707173,-4.6400385,0.15415312,-0.27126598,-3.6648443,-3.8181524,-3.916077,-5.1241183,-2.1283598,-1.7360258,-0.49758583,-0.5600473,-1.3294947,-1.4088944,-0.7154612,2.1955779,-2.370804,-2.5081713,0.38595784,-0.25528345,1.7053957,-4.0796824,-7.3392415,-7.856732,-10.844621,2.2645974,0.88758314,-1.2265223,-0.386885,1.2264433,-1.504753,-5.035032,-1.8570862,-3.512454,-0.78019685,-0.5065119,-0.91236836,-6.053731,-3.7425752,-2.5821128,-2.7818556,0.21823852,-2.590481,-4.677894,0.09521631,-1.071492,-1.9581767,-0.26623043,-3.0066674,-7.7578754,1.3901385,0.2471955,-1.1838428,-0.17581278,-10.524297,-1.4610741,-1.6141049,-3.6520624,-2.639112,-1.4991976,-7.304923,0.118388146,-2.7064443,-3.3432753,-0.31397328,-7.6529026,0.5702556,0.46794602,3.4365444,-4.4878216,-0.6797208,-4.018117,-2.7444797,-0.39847094,-5.464618,5.337478,6.1915803,-0.8927231,0.28286266,0.8077612,-3.4619188,-3.042342,0.6631005,-5.6265473,-0.17140004,-1.1041192,0.34078223,-0.771088,-1.2562907,1.3692995,-3.4308028,-5.9273467,-6.14539,-3.903703,-3.2125604,-4.140749,1.1279956,-0.49275446,1.0674332,0.15932405,-5.211459,-4.114594,-2.566443,-4.4143424,-2.0066133,-1.4408619,-1.4818866,-3.7088263,0.90645015,4.3656864,0.068781674,-1.3084065,1.9585232,-0.06401217,1.9912019,-5.5939846,1.9011115,0.20023906,-4.030475,5.5475693,-6.9441557,-2.7786636,1.0348897,-1.4901519,-3.6765199,-4.3701663,-2.7519312,-0.44473317,-0.484156,-4.080718,3.8099306,-4.111225,1.5425079,-3.839946,-6.3086247,-0.2829335,-0.17214625,-3.1846871,0.29375806,-0.6010791,-2.740109,-5.0816455,-6.2489862,-1.2348722,-0.8385368,-0.41323498,-2.6155999,-0.83598965,-2.061856,-3.1222641,-4.080963,-3.8713,0.7225613,0.9331439,-1.7032659,1.6448629,-1.0207933,-3.476256,-2.0498486,-0.9065245,-1.8768345,4.3799067,-5.957959,-3.1235278,6.404502,-1.5046517,-3.086195,1.5119451,-1.4614652,-0.8088673,5.323296,0.3301665,-1.0839142,0.812965,0.5173216,-5.3308663,0.4695226,-3.7311997,2.3922243,-1.2726939,-1.0734823,-3.3744164,0.84526604,-0.6311846,1.163702
47,1.0422227,1.6384873,0.49233982,-6.201266,-6.0243897,-0.56531465,-3.0791523,8.75453,-5.921644,-0.14717399,-4.2782683,-1.1297493,-4.6206923,-4.7769065,-0.97893685,1.4781469,-4.7183075,-0.017222011,0.5187016,-4.347837,-4.2553544,-4.1010933,-5.2972784,-1.4506176,-0.93202454,-0.049605843,-0.22347333,-1.9386965,-0.5463153,0.60699373,1.727373,-2.1049154,-1.7719498,0.8157418,0.7606182,3.154595,-5.9894223,-10.502882,-7.6713705,-10.6574135,2.2707062,2.2242994,-0.5262717,0.2945331,1.4218758,-2.4115982,-5.9863276,-1.5414424,-3.363998,-1.3478212,0.33465916,-0.6937395,-6.299953,-2.5590856,-2.3353734,-2.82666,-0.48587134,-1.8434033,-3.726362,1.7960229,-1.210363,-2.8881314,1.2328405,-3.0740025,-9.312361,2.5575504,0.1810974,-1.3024564,-0.24558555,-11.264817,-3.6363425,-3.452707,-2.4460056,-3.292349,-0.6474634,-10.305792,2.5078561,-2.3388233,-3.2650914,0.13859308,-7.5134835,1.4069113,1.5787047,4.6324515,-4.4895253,-1.3108635,-3.5431418,-2.070171,-1.0894364,-6.795552,5.286017,6.464109,-0.42079872,0.047744293,0.5848762,-2.6568274,-3.7139494,3.1753101,-5.726908,1.0928173,-0.5103095,-0.12956075,-0.4908446,-0.5302037,1.9993415,-2.7835164,-5.4581375,-5.6603956,-4.859257,-2.6214378,-4.0755467,1.448873,-0.58941376,1.191923,0.4939515,-4.920613,-5.009686,-2.2693076,-4.4745,-5.266494,-5.017867,-1.188216,-3.5159836,2.12064,4.350143,1.2275263,-0.38999745,1.9282086,-0.11581463,3.3509405,-7.625198,1.7888119,1.9978365,-3.7801044,7.0329986,-7.157986,-1.9325513,-0.14740683,-3.3238854,-4.942482,-5.586676,-3.1520336,-0.22320095,-1.010602,-4.2979283,3.9786694,-3.8537986,1.2217104,-4.3459945,-6.353983,-0.3814298,-0.21575338,-3.7799795,1.1842496,0.174558,-2.4141834,-5.0588717,-6.2540083,-4.3546677,-0.30524567,-0.1615095,-1.200183,-0.379982,-1.2657216,-2.6806047,-3.7742624,-3.4788132,1.7485744,2.6734583,-0.44191504,2.518472,0.685088,-2.7456048,-1.4505298,-0.8353749,-0.26686594,4.1186466,-7.1398973,-2.8392758,8.138989,-0.09955607,-5.266645,0.013803411,-0.75690603,-0.56697035,5.345366,-0.52229404,0.61377543,0.261344,0.77518827,-6.0008388,0.7860013,-4.278831,1.0175833,-1.6098858,-1.481305,-3.603213,0.43628925,-0.6720829,2.6996915
48,2.0969048,0.52480537,0.44198886,-6.850416,-6.0053344,-0.8912453,-3.2651277,7.8456607,-6.1787467,-1.4288076,-4.134824,-0.1122553,-3.7741828,-3.9233363,-1.2807951,0.9325233,-3.576846,0.42459154,0.1943234,-4.501303,-3.246798,-4.8722515,-6.0137596,-1.9213367,-1.7550274,0.4709818,0.67743057,-0.4235312,-0.72887355,-0.46668303,1.9813643,-1.8456652,-2.066417,0.93949735,0.35503364,2.2330067,-4.885644,-8.799432,-7.5576496,-10.49559,3.65556,1.3438305,-1.2254087,-0.21406385,1.5473678,-0.60002476,-4.667228,-1.6847626,-3.1821823,-0.7239497,-0.1764109,-0.39957005,-5.5933867,-2.7918434,-2.5728486,-3.6896942,-0.12819552,-2.2794302,-5.2177835,1.4574264,-1.1507279,-2.218224,0.6203516,-2.3794096,-7.4931707,3.0289912,0.6832915,-0.7570896,-0.37861797,-11.637781,-2.2501013,-2.3480804,-3.5983355,-2.4811287,0.3065901,-8.8919325,2.1797628,-1.6200544,-4.6964226,-0.10141421,-6.540618,0.8072575,0.8539949,4.961131,-5.847815,0.49682835,-3.7259154,-1.3365993,0.67621607,-6.0406904,7.022362,8.075306,-0.6056099,0.1493023,-0.24751706,-3.512473,-2.7390828,3.058113,-5.689084,1.372073,-0.67084783,0.50405717,-0.64471537,-1.7670759,1.5132751,-3.370716,-5.4296837,-5.621923,-4.6870503,-2.9868407,-3.2623112,1.0677348,-0.024838502,2.2440736,0.16450633,-4.6378045,-4.240778,-2.4840095,-4.580956,-2.5390282,-2.2687902,-1.1633133,-2.573551,2.7506514,5.910062,0.6115978,-0.5308985,2.7199707,1.052926,3.7213664,-6.403025,2.9538167,1.0891173,-5.290723,7.419879,-7.235479,-2.2123222,1.6504691,-2.185722,-4.02672,-4.4218693,-2.3420136,-0.3634953,-0.6178896,-4.4279966,5.020374,-5.3714433,2.3808963,-3.5757344,-6.00318,-0.12396739,0.13500725,-3.2305772,0.5626186,-0.1599627,-2.588128,-4.767115,-6.1480217,-0.8497828,-0.293363,0.6611057,-1.6643205,-0.65393704,-1.616135,-3.4788294,-3.750957,-3.3235528,2.65117,1.3674977,-1.4319075,3.3102577,0.16407388,-4.2256517,-1.5443633,-0.9892632,-0.5524282,4.6875577,-6.3774443,-3.124625,8.425398,-0.44141352,-4.1622586,1.3861144,-1.4950855,-0.3122249,7.5265245,0.28370127,0.085343175,1.112069,1.9566039,-6.112606,1.0063063,-3.1881638,3.1041577,-0.43081215,-1.3118479,-3.8661532,1.068241,-0.49069268,1.9622707
49,2.4724922,3.175163,1.0965363,-5.106264,-5.0940022,0.5982789,-1.939173,13.798082,-5.547457,1.6286557,-4.322586,1.1004924,-7.6409616,-5.6431727,-1.4472024,4.9478455,-2.400943,0.47316724,0.5513132,-3.0174203,-2.2801292,-4.5262876,-3.2882266,0.78400314,1.3304751,0.48137504,-1.0999646,-0.84710395,-0.92150974,1.7453265,-0.038213328,0.8320157,-1.278941,1.9794675,0.95835686,7.4038086,-8.620456,-12.806563,-6.393962,-10.120121,1.0422901,2.0556011,-1.2765803,-0.11948957,1.3784114,-2.420189,-7.9226007,-1.0260193,-2.7316341,-1.5125163,1.1510954,0.022478757,-5.1142564,-0.6328927,-2.6847663,0.28209046,-1.0400152,-1.4128944,-2.6914792,4.2271338,0.14046112,-2.7884896,2.7726908,-3.5289075,-11.638728,3.0387197,-1.125027,-1.7277247,-1.0299658,-12.434441,-7.1740627,-7.088123,0.45156392,-3.8794668,-0.11204728,-13.5678835,2.9664927,-2.6199443,-0.06810563,-0.21450347,-8.671512,0.66453046,2.0618415,4.725293,-1.1487917,-2.9634593,-1.8541692,-1.3056241,-0.75846106,-9.139615,3.9052696,5.7176075,-0.05762014,0.37953693,1.4804883,0.32580414,-3.5760071,4.9527864,-7.33614,0.1777557,-1.1016634,1.5335314,-0.7896389,2.4578745,3.5527709,-0.050862547,-5.514997,-5.726488,-4.8161154,-1.3857473,-1.5463549,2.61243,-1.2287334,1.508899,-0.8666521,-2.798479,-5.5857053,-0.41319945,-3.4860935,-8.327686,-8.262247,-0.9174654,-3.0505881,1.4029646,3.7823143,2.2117062,-0.13396709,1.2655194,-0.5690957,4.6361637,-5.8257613,2.6622777,4.830904,-0.5208351,7.345692,-9.013828,-0.9740975,-1.9344591,-5.847446,-6.1271095,-6.9589715,-4.3229465,-0.22634411,-2.574366,-5.143253,5.2459435,-0.62301385,0.031123051,-5.144662,-4.7625847,0.034773696,-0.5023488,-2.7092402,0.67402655,-0.38590455,-3.3370705,-4.136878,-5.6872396,-6.8119235,-0.22681937,3.638267,0.4403898,0.21577741,1.6380181,-0.46448228,-3.9318604,-3.535289,2.5547128,6.643225,3.1586237,3.6169949,2.9546218,-0.9118385,-1.3832651,-1.8005041,-0.16801853,3.3595445,-7.9936104,-0.7739368,8.513395,4.255029,-7.991614,0.8609394,-0.7671232,0.374575,6.485283,-3.0322852,1.4494789,-0.81696093,-0.024524787,-7.0597167,-1.2949393,-3.7343783,0.6053898,-1.0970861,-1.0812923,-3.0029266,1.4435999,-0.8442648,3.6282132
50,1.9765252,2.2752748,0.017909361,-6.643671,-6.043891,-0.8489546,-2.9225633,15.752903,-7.280315,1.6098819,-6.8712044,0.4496715,-11.021302,-8.508286,-1.7998929,4.684644,0.97703105,-1.2221429,-1.478358,-1.0254561,0.22589613,-5.002765,-2.1344461,-0.24374333,0.3279712,-1.4945803,-3.6878488,-0.9365423,-3.8413622,1.1195812,-1.057171,2.849105,-3.2426863,3.0001132,-0.46345806,8.639091,-12.467429,-14.888804,-7.7344975,-11.952038,1.3500063,1.5052209,-2.3485425,-1.0946895,-1.0735494,-3.510062,-10.577633,-3.3215978,-4.7874455,-2.808745,1.1782197,0.98041713,-7.1043406,-2.422079,-5.7979608,-0.41141096,-3.4720755,-2.0063112,-3.4227388,3.5879428,-1.238241,-4.474543,2.4562693,-6.8176727,-15.0072565,1.9514047,-2.1728685,-3.691124,-1.888659,-13.002252,-10.377493,-10.120714,-0.1242981,-5.926614,-0.7026319,-17.948185,2.3637004,-5.595533,-0.12349599,-1.3594772,-10.180875,-0.23442902,1.8906566,3.4135375,-1.6415935,-4.8542385,-1.1869209,-3.4799197,-0.4765549,-10.506112,3.3810964,6.0022693,-1.8929902,-0.5730794,0.265028,0.24557368,-7.0970535,5.4751554,-9.240236,-1.0937043,-2.0545151,-0.15244487,-0.2754395,1.7150893,3.1914556,-0.23092112,-5.462723,-5.6791806,-6.7448797,-0.41393334,0.68658143,2.3603873,-1.2975281,0.63728034,-4.005156,-5.041405,-5.654467,-1.101522,-5.8993673,-12.4884405,-12.596378,-0.8521296,-5.088182,0.39795992,2.3716867,2.013125,-1.1257781,-1.029806,0.40347573,5.8950577,-7.2304845,2.3562515,4.8823957,-0.8047849,6.5747976,-9.58687,-0.80036855,-2.7001758,-8.324189,-9.065134,-9.934218,-7.1504645,-2.4150395,-3.7345252,-4.094676,4.5728893,-0.9202651,-3.301206,-6.103501,-6.5656075,-1.3842887,-1.8097013,-4.335555,-0.22320549,-1.094117,-4.588254,-3.7166677,-7.6234655,-9.414359,-2.5085442,5.0399327,0.53963,-1.6941782,0.51644635,-0.17561176,-6.90385,-6.158681,2.0542233,7.601882,2.838152,4.90416,1.8069429,0.62868494,-2.671063,-3.3884015,-0.8458822,1.4593823,-8.740393,-1.0949022,7.1550364,3.4381866,-10.828095,-1.5953674,-1.8181052,-0.9368385,5.4041085,-4.8066673,0.7263666,-1.5696121,-0.24104857,-7.1320963,-3.138933,-6.0806518,-2.5709789,-4.6384335,-1.2282674,-4.650462,-0.24615678,-3.9079502,3.6090422
51,3.1245236,2.4379375,1.1878527,-5.4897976,-5.219595,-0.739771,-2.5682342,13.875574,-5.837206,0.65767187,-4.3307776,2.1904128,-7.9820724,-6.320222,-1.324433,4.5912833,-2.0514755,0.42095247,0.42989942,-3.2531352,-1.7226388,-5.2631903,-3.9255633,0.68834573,1.4424866,-0.08996663,-1.582565,-0.5189463,-1.0149608,1.248765,-0.042288575,0.5451565,-1.2657874,1.9433798,0.88233936,6.6187916,-8.533587,-12.286018,-6.1057944,-10.185005,1.1201522,1.8461661,-1.4757746,-0.17784011,0.104928814,-1.9122097,-8.197721,-2.2711418,-4.2201624,-1.3500354,1.1285506,-0.0062036724,-5.1386533,-0.8662098,-3.0498774,-0.09678499,-1.030229,-1.5380881,-4.039092,3.6468253,-0.33312052,-2.87964,2.4781454,-3.142844,-11.016619,3.0851157,-0.6200954,-1.9729643,-1.0246823,-13.370035,-7.938757,-7.885554,0.23307739,-3.9293785,0.74214125,-13.486134,3.0125937,-2.1669557,-0.6276469,0.14283054,-8.363951,0.54340357,2.2356415,4.9824967,-1.2422118,-2.3092065,-1.2139963,-1.4196502,-0.93441844,-9.801544,4.3637824,6.0717826,0.078597255,0.40255445,1.0913424,-0.4246139,-3.5764775,5.5568576,-7.5152335,0.11502462,-1.2476912,1.6743225,-0.85141575,1.6004211,3.282943,0.17704667,-6.2232757,-6.425388,-5.7613583,-1.1352584,-1.2208872,2.8398447,-0.5846055,2.2743506,-1.6460648,-3.1461225,-5.8207994,-0.04282617,-5.0920653,-8.011499,-8.183252,-0.25360444,-2.8841581,1.5854046,3.825522,2.450466,-0.33796632,1.6054494,0.08943909,4.2504635,-5.622865,3.2555559,4.177451,-0.666136,7.5256767,-9.329313,-0.8986082,-2.0352368,-6.5975637,-6.2175345,-6.5735884,-4.443802,-0.41525275,-1.9294015,-5.627317,5.3227515,-0.7737343,-0.19219062,-5.0282617,-4.961034,0.17422038,-0.21286954,-2.864607,0.58118635,-0.27940258,-3.0945451,-3.83783,-5.4087267,-6.6034665,-0.08781824,3.0116327,0.37824762,-1.1553199,1.6340194,-0.11978964,-5.7371693,-5.149457,3.0804188,5.8319693,2.414631,4.1932287,2.3990607,-1.518205,-1.5728332,-1.810104,0.31207362,2.2370944,-7.4262114,-0.5737275,8.635421,3.5248206,-8.60855,1.2605588,-0.7690904,0.89694,6.5648227,-3.384183,1.3135093,-0.8978209,0.4192455,-7.113827,-1.2719373,-4.2119155,0.7414252,-1.3195904,-2.1294105,-2.9685245,1.5213726,-2.2656746,3.532288
52,-0.16374612,1.6593722,0.014783006,-4.1198916,-4.7923613,-0.26022315,-2.1083288,8.049195,-6.0712714,-0.80289084,-3.6495023,-0.7179934,-5.362915,-5.2833867,-1.7651207,-0.357525,-3.48089,-0.7820295,-0.84131986,-1.2770768,-1.8047209,-3.1558683,-4.0172086,-0.72651595,-0.5095383,-0.8268696,-2.2373939,-4.0597577,-1.4582676,0.6759803,1.9295366,-1.3902471,-2.3130195,2.236996,-0.3623681,3.3017044,-4.5418715,-6.0391717,-6.7879057,-10.105313,1.3584335,1.2819637,-0.87674075,0.09004179,-0.26098925,-2.722157,-6.1329317,-1.0472356,-2.8071182,-2.1918263,0.12813191,0.83128047,-5.1766453,-3.1781955,-3.6963947,-2.5081353,-0.34886485,-0.819019,-3.0071113,-0.10243859,-1.2587831,-3.242162,1.8136119,-3.3854635,-8.43148,-0.19569418,0.7104765,-2.7779045,-0.030587558,-10.214086,-4.494343,-4.1532707,-2.530921,-4.4384747,-0.5874676,-7.962137,-0.4151317,-3.166681,-0.3236751,-0.38766897,-8.333934,-0.2304626,0.7081555,1.9956862,-2.4708323,-1.7426486,-1.4420602,-5.321351,-1.4823831,-6.6009274,2.8862462,3.606929,-1.8798969,0.11964689,0.009742977,-1.5272549,-3.8747258,0.90138376,-5.3074265,-0.9184139,-1.6537937,-0.39955124,1.1495022,-0.47564572,2.0743499,-1.4473509,-5.796878,-6.101726,-4.95424,-2.2243326,-2.844261,1.5503477,-2.1467924,0.80528504,-1.1037027,-4.995002,-5.3614235,-2.2350562,-3.6369007,-5.6715636,-5.4578004,-0.91637087,-4.1566734,-0.085599,1.73098,0.5985371,-2.5155895,-0.038898878,-1.2764124,2.2589965,-5.800902,0.4743299,2.239693,-2.0636008,3.0924027,-6.175457,-0.40276632,-0.7513376,-4.7777567,-3.847177,-4.475887,-3.4793282,-0.58142,-0.59377265,-1.6159309,2.9033706,-2.118837,-2.6931965,-5.791944,-6.092513,-0.9820031,-0.69956845,-2.6060624,-0.35526958,0.09430075,-2.161607,-5.2625694,-6.598795,-5.778235,-1.5609933,-1.7527763,-0.09500456,-0.22445264,-1.9498987,-1.6766888,-3.7461436,-3.510212,-0.4289438,3.2441769,-1.0693641,2.8458264,-1.0657539,0.19296905,-3.2362025,-1.8234477,-0.81564415,1.7207246,-6.7454033,-1.2715414,3.7660754,-2.47743,-5.6680923,-0.5996431,-1.3264714,-1.5299535,2.3254523,-0.48437724,-1.0077614,-1.0971085,1.4602946,-3.812847,-0.9613448,-5.219184,-0.37466267,-2.5106454,-3.866456,-3.996621,0.12080987,-2.2007022,2.477322
53,-0.16374612,1.6593722,0.014783006,-4.1198916,-4.7923613,-0.26022315,-2.1083288,8.049195,-6.0712714,-0.80289084,-3.6495023,-0.7179934,-5.362915,-5.2833867,-1.7651207,-0.357525,-3.48089,-0.7820295,-0.84131986,-1.2770768,-1.8047209,-3.1558683,-4.0172086,-0.72651595,-0.5095383,-0.8268696,-2.2373939,-4.0597577,-1.4582676,0.6759803,1.9295366,-1.3902471,-2.3130195,2.236996,-0.3623681,3.3017044,-4.5418715,-6.0391717,-6.7879057,-10.105313,1.3584335,1.2819637,-0.87674075,0.09004179,-0.26098925,-2.722157,-6.1329317,-1.0472356,-2.8071182,-2.1918263,0.12813191,0.83128047,-5.1766453,-3.1781955,-3.6963947,-2.5081353,-0.34886485,-0.819019,-3.0071113,-0.10243859,-1.2587831,-3.242162,1.8136119,-3.3854635,-8.43148,-0.19569418,0.7104765,-2.7779045,-0.030587558,-10.214086,-4.494343,-4.1532707,-2.530921,-4.4384747,-0.5874676,-7.962137,-0.4151317,-3.166681,-0.3236751,-0.38766897,-8.333934,-0.2304626,0.7081555,1.9956862,-2.4708323,-1.7426486,-1.4420602,-5.321351,-1.4823831,-6.6009274,2.8862462,3.606929,-1.8798969,0.11964689,0.009742977,-1.5272549,-3.8747258,0.90138376,-5.3074265,-0.9184139,-1.6537937,-0.39955124,1.1495022,-0.47564572,2.0743499,-1.4473509,-5.796878,-6.101726,-4.95424,-2.2243326,-2.844261,1.5503477,-2.1467924,0.80528504,-1.1037027,-4.995002,-5.3614235,-2.2350562,-3.6369007,-5.6715636,-5.4578004,-0.91637087,-4.1566734,-0.085599,1.73098,0.5985371,-2.5155895,-0.038898878,-1.2764124,2.2589965,-5.800902,0.4743299,2.239693,-2.0636008,3.0924027,-6.175457,-0.40276632,-0.7513376,-4.7777567,-3.847177,-4.475887,-3.4793282,-0.58142,-0.59377265,-1.6159309,2.9033706,-2.118837,-2.6931965,-5.791944,-6.092513,-0.9820031,-0.69956845,-2.6060624,-0.35526958,0.09430075,-2.161607,-5.2625694,-6.598795,-5.778235,-1.5609933,-1.7527763,-0.09500456,-0.22445264,-1.9498987,-1.6766888,-3.7461436,-3.510212,-0.4289438,3.2441769,-1.0693641,2.8458264,-1.0657539,0.19296905,-3.2362025,-1.8234477,-0.81564415,1.7207246,-6.7454033,-1.2715414,3.7660754,-2.47743,-5.6680923,-0.5996431,-1.3264714,-1.5299535,2.3254523,-0.48437724,-1.0077614,-1.0971085,1.4602946,-3.812847,-0.9613448,-5.219184,-0.37466267,-2.5106454,-3.866456,-3.996621,0.12080987,-2.2007022,2.477322
54,-1.309709,0.19608189,1.2854311,-6.9289837,-4.3144755,-1.6934308,-4.1831217,5.7167373,-3.8779745,0.13133958,-3.7378035,-2.9550347,-3.4183962,-4.403914,-0.03898611,1.1932985,-4.8607655,-1.0373238,-0.11021445,-5.3946314,-5.193466,-4.4760165,-4.7551956,-1.6850028,-1.0483707,-0.8073193,-0.8481333,-1.2619349,-0.6897597,-0.057112467,0.09424483,-3.457119,-1.7702054,-1.9998982,0.7657419,0.8170528,-6.5466375,-11.523844,-7.2965345,-9.306296,0.28634232,2.5719194,0.23678042,0.5835873,0.31954435,-3.460346,-6.4782295,-3.011636,-4.3543878,0.1372051,0.21257299,-2.9525552,-7.2667003,-3.4607332,-1.5762247,-2.4976609,-1.3770947,-2.5733733,-3.6468937,0.6385371,-1.6097922,-2.2302887,-1.20398,-3.0558953,-9.458557,2.0914452,0.28580952,-1.0247592,-0.0933067,-10.033648,-3.7510908,-3.8048012,-2.0111272,-2.3505828,-2.6632006,-10.363285,2.3825326,-2.6597562,-4.8276644,0.3635185,-6.418848,2.0246425,1.6761646,3.439699,-4.469492,-2.6543736,-3.9615598,-0.6811604,-2.6151874,-5.9805336,3.3707743,4.945918,0.75261945,-0.32625437,0.27316192,-3.9359686,-4.144658,2.9338593,-5.0710936,0.275643,0.8053318,-1.0132055,-1.1662586,-1.6832386,0.74564236,-3.5072343,-4.9295044,-4.9978127,-3.9455144,-2.4982507,-4.779885,1.6886692,0.77746385,-1.5244968,0.074543305,-4.7605424,-5.048465,-1.7452878,-5.79052,-5.86711,-5.6972933,-0.6897042,-4.225474,1.0899044,3.575295,1.0690413,0.5593904,0.42536446,0.41927636,0.67843765,-7.6358347,0.7904638,-0.33788806,-3.78813,6.0242767,-6.269643,-2.2763612,-1.5557932,-2.7220995,-5.772884,-5.7319503,-4.0593214,-1.0420201,-2.0852456,-5.70117,1.174096,-3.8463414,1.5356156,-2.2379413,-7.488478,0.50275844,0.90012366,-3.789201,1.8835917,-0.061169103,-2.4723592,-5.003679,-4.5566134,-3.7291775,-1.0833316,-1.9091712,-2.8215287,-1.955277,-1.3189667,-2.9524765,-5.0354843,-4.617252,0.7893396,0.17268167,-1.1734107,-0.39081952,-0.19940831,-4.468335,-0.74886554,-0.5070228,-0.5587884,2.1973002,-6.005656,-3.810102,6.667691,-0.70528036,-5.0187674,-1.9248804,-0.29647776,0.23238575,2.3021867,-2.1367478,0.40276948,-0.15020458,-1.0533396,-6.3305626,0.803272,-4.77753,-1.5580499,-2.9332004,0.35578883,-2.0405033,-0.16726631,-1.3729569,2.2085721
55,-3.9540966,0.3211514,0.9672266,-5.3405747,-5.1224527,-2.7684703,-5.5139575,5.019956,-4.6709986,0.14238295,-3.6605234,-5.3559494,-5.035468,-5.746524,-2.1308496,0.08240815,-6.06385,-2.5785153,-2.1128836,-5.419591,-5.0041046,-4.126372,-4.790411,-3.4741573,-1.917663,-2.5120008,-2.651202,-2.8825073,-1.8327391,-0.57648516,-1.1933525,-3.1345088,-2.4059227,-3.1101875,0.13100767,1.7836832,-4.980659,-8.530566,-7.14378,-9.933635,-0.6761211,1.7846848,-0.25222436,0.30565506,-1.9072413,-5.6833854,-8.68675,-3.650371,-5.3197074,-0.54681504,-0.09149344,-4.0341544,-6.896669,-4.394545,-3.4100018,-2.5044322,-0.56848454,-3.171047,-3.2974803,-0.4685979,-2.5836797,-3.230897,-1.1823124,-4.0108666,-10.358456,-0.83876663,1.1840173,-2.1689234,-0.098691836,-9.345212,-3.7946255,-3.734788,-2.9078836,-3.2159107,-5.158813,-8.417585,-0.6102788,-4.012261,-1.3184348,-0.5686638,-8.772078,1.0815666,0.82492775,0.7716325,-3.1474097,-3.6397722,-4.8321657,-3.6991055,-1.7184557,-5.7593026,1.0962932,2.3108764,-0.10821003,-0.073501945,-0.24839202,-2.6736188,-3.7946799,-0.15315188,-4.9308753,-1.5407754,-0.015692577,-1.3052409,-1.5873258,-1.8747742,0.15713921,-4.1483865,-5.266798,-5.514563,-5.683946,-2.0313518,-5.7651877,1.9938761,-1.3489242,-2.2281575,-1.1663578,-5.231187,-4.4577456,-2.2030776,-5.8351836,-5.3977685,-4.9443216,-1.471979,-4.271832,-1.1096301,2.4048498,0.07001416,-1.5068094,-1.5615222,-0.7562665,-0.75432223,-6.1306806,-0.3574969,0.15875164,-2.7377243,2.7871895,-5.6368647,-3.3276126,-1.6073546,-3.4890594,-3.3268294,-4.048623,-4.094869,-1.8096269,-2.113385,-5.583924,-0.05681057,-2.8072114,-0.42913598,-4.1549835,-6.7916226,-0.49174133,-0.3358331,-4.9118285,0.859569,-1.2147565,-4.0517917,-4.3499317,-5.358636,-4.5180955,-3.0086794,-4.642144,-2.7862508,-2.9634817,-2.91424,-4.3085546,-6.43723,-6.1107206,-1.06606,1.4016995,-0.9821697,-1.1546035,-1.7300185,-3.6767542,-1.2644396,-1.2864954,-1.9051899,-0.5681198,-6.029835,-3.8782287,3.3349452,-2.2819688,-5.671712,-0.3951336,-2.1180706,-0.54325914,0.8731616,-3.9868977,-0.9968323,-1.24448,-1.8170065,-6.0967,-0.98443943,-5.882248,-2.052498,-3.445449,-1.7451992,-2.7967987,-1.1045564,-3.2231333,1.7864262
56,-4.088655,-2.9883685,-0.27509972,-4.215057,-4.195104,-1.0296816,-2.1658788,7.22768,-3.781198,-1.7411298,-2.735821,-4.2338395,-5.651569,-2.8952959,-4.608525,-0.5578181,-6.1838875,-3.1655238,-1.6761986,-0.8856806,-4.39552,-6.1727943,-4.172022,-2.3570504,-1.0641462,-4.444674,-6.050555,-7.1418757,-4.354605,-3.3487933,3.3001194,-2.4469059,-3.9164572,1.2778435,-2.7868907,4.9400897,-7.402372,-10.431464,-6.531071,-9.131834,-3.216466,-0.36267295,-3.2656243,-2.8051856,0.6072236,-3.1032786,-6.8494143,-1.7720037,-3.3399487,-4.1974797,-2.2198684,-0.67316055,-6.1531115,-5.983135,-5.0786214,-0.09547507,-2.6041741,0.65078837,-5.0923705,-3.3256571,-0.0030797932,-1.1047298,-3.1747308,-6.9365673,-11.782566,-2.3834078,-1.3570964,-5.368565,-0.9975367,-12.172342,-7.58756,-7.3003173,-2.9319103,-6.6244774,-3.7044933,-11.808203,-1.2464386,-5.4186673,0.4418438,-1.7424653,-8.852828,-0.81840575,0.1288564,-2.0180273,-0.585638,-3.8482115,-4.0394125,-6.047971,-6.034948,-8.972669,-2.0472927,-0.7389661,-0.35550743,-3.0072627,-1.9491706,0.27064914,-5.3433433,-0.47193518,-5.5653667,-4.3461494,-4.0540934,1.5627915,-0.20384909,-2.122321,-2.3466713,-3.1271553,-8.658551,-8.906955,-5.2531166,-5.240864,-5.7238574,0.42358288,-2.4106882,-1.1575317,-2.0616214,-4.743227,-6.137122,-0.8097663,-4.104761,-7.9814944,-7.8704195,-2.6658022,-4.344251,-3.346924,-1.6095299,-0.22443385,-5.7784,-0.84735185,-1.1961448,-0.78314745,-6.332217,-3.1906672,-1.7071879,-0.46509498,0.2997188,-8.646344,-4.173217,-5.958068,-6.6983905,-5.836287,-5.8973236,-3.7815776,-4.589324,-3.2217135,-6.2347107,-0.5645334,-0.53105044,-4.4897304,-6.446819,-6.4485674,-1.3666128,-0.7173496,-4.7476993,-0.9094092,-4.07655,-6.2458706,-5.998074,-4.517253,-9.870776,-3.1934214,-2.0656466,-6.123741,-0.80752486,-1.1622654,-0.63300544,-3.9632146,-3.6060798,-1.6437359,3.9052331,-2.0944128,-1.1591258,-3.5612826,-3.4706156,-4.3834763,-3.0469165,-4.2750173,2.9179597,-9.568098,-2.023646,1.95404,-0.30872804,-8.032844,-2.3620927,-2.2479756,-0.6159875,-1.8894092,0.49846777,-2.3770041,-2.5022035,-4.021289,-5.6557083,-2.951166,-6.5739255,-2.9788055,-5.041951,-2.7588882,-2.0941947,1.3552723,-1.5054632,-0.31874344
57,-1.0398452,-0.13800347,0.97286624,-5.7614694,-4.0140867,-1.221002,-3.388569,7.849902,-4.205801,-0.359102,-3.5560308,-1.8697813,-5.477882,-4.551448,-1.199787,3.420243,-3.0113084,-2.1745067,-1.301794,-3.9917467,-2.602154,-5.9795637,-3.2202427,-1.252489,-0.36644188,-0.4827043,-1.3772299,-2.2610166,-0.81581676,-1.0224043,0.40387973,1.437752,-1.8847058,-0.28747588,-0.5792605,5.508955,-7.679558,-10.470573,-6.0225115,-9.197112,0.34493393,1.725053,-0.9540144,-0.08395989,-0.45840606,-3.6763134,-6.7387495,-2.781143,-2.953454,-1.0943216,-0.23400544,-1.5512338,-5.3439884,-1.5697464,-3.6401975,-1.0088468,-2.8190823,-1.2663724,-4.5887446,1.6495602,-2.040265,-2.5941226,-0.22766903,-3.6294365,-10.448431,0.014141787,0.647883,-2.4030044,-0.52990603,-10.035032,-7.635582,-7.6506453,-1.5605743,-2.617732,-1.6021765,-11.917538,2.2275836,-2.9590735,-2.985877,-0.3905881,-6.8918653,0.65120995,1.6124167,1.7041347,-1.9008899,-3.964742,-1.9943582,-2.8867633,-0.905894,-7.7947536,1.9153643,3.8691385,0.3275444,-1.8914984,-1.1380831,-0.5176259,-4.8337307,3.5904632,-6.997756,-0.8396108,-0.10413135,-0.09806331,-0.29628372,-1.9330496,0.06481375,-2.7067475,-6.459333,-6.65686,-5.625035,-3.5467148,-3.1880655,2.0397954,0.61003673,-1.6607424,-1.6292305,-2.6132119,-5.1489964,-0.6034553,-5.1291566,-8.087386,-8.256394,-0.8904457,-3.878697,0.38910636,1.4719689,1.1585892,-1.7856426,-1.427818,2.0993156,1.1093793,-7.8246126,0.24477579,1.5643233,-1.5186329,3.3852022,-6.355866,-0.96072155,-2.3549173,-6.1451473,-6.538424,-5.7748237,-4.9764247,-2.1000628,-3.8317456,-4.995842,0.8004371,-1.5567518,-2.6163712,-4.048206,-6.232596,-0.055863835,0.53749776,-2.4096806,0.7090561,-1.3135192,-3.88468,-4.4943614,-3.6961694,-4.7759895,-2.7024834,-0.44386512,-2.292902,-2.3782444,0.287302,-1.5076268,-4.7826037,-4.0027833,1.3835584,4.359206,0.49991745,0.07650341,1.0294442,-2.8649824,-1.3873211,-2.231559,-1.0826951,2.209497,-7.1483517,-2.4979858,3.852022,0.34606704,-8.296814,-2.576224,-1.204576,1.1145391,1.3367254,-1.4494854,0.866988,-0.5297477,-1.4897684,-4.8779655,-0.33668286,-4.6646433,-3.4588785,-3.762399,-0.5705448,-1.9256113,-0.08616495,-2.9350486,2.1021554
58,-0.88829356,1.7403816,0.60704654,-4.283727,-5.1296926,-0.53906405,-2.6309078,10.034591,-5.4696274,0.01842691,-3.5532205,-1.7376983,-6.9668927,-5.785194,-2.1832082,2.194329,-3.5085957,-2.0228436,-1.3555348,-2.1422758,-2.0459793,-4.912872,-3.7118125,-0.7508894,0.054225996,-1.1168742,-2.5179586,-4.4958725,-0.8719276,0.23649012,1.7348369,0.02057503,-1.7243068,1.6163344,-0.4320518,6.3682985,-5.9381123,-8.484106,-7.0049586,-10.873163,0.8989826,1.9023405,-0.92892694,0.10222961,-0.44572675,-4.213879,-7.68006,-1.2597787,-2.8946097,-2.2088015,0.13148202,-0.13122731,-5.0592623,-1.9773569,-4.5302467,-1.2981732,-0.95285815,-0.23214802,-3.6926198,1.2473719,-1.1973883,-3.185936,1.6930952,-3.8218756,-10.88633,-0.5722109,1.3148392,-3.3217006,0.2495654,-11.677105,-6.3121476,-5.950772,-1.6899974,-4.3638344,-1.3223628,-10.53116,1.3190674,-3.1671762,0.16592261,-0.2879798,-8.812536,0.49693897,1.6215844,1.6893667,-0.63182646,-3.5151396,-1.430114,-5.27647,-1.5230402,-8.11075,2.0192764,3.3331242,-0.89410394,-0.97614574,-0.07464739,0.040123522,-3.971731,2.7456908,-6.73228,-0.7284682,-1.3661588,0.24367887,1.0011979,-0.24646777,1.2317985,-2.106215,-6.447114,-6.7959146,-6.015824,-3.0218701,-3.0617921,2.2500184,-1.4740728,-0.26942027,-1.0942291,-4.015119,-5.644401,-1.3390559,-4.089593,-7.881915,-7.8045173,-1.0719675,-3.2979507,0.43394315,1.6525629,1.3470157,-3.0284374,-0.7539635,0.32298043,1.9592143,-6.522995,0.0637356,3.2723637,-0.1653096,3.1932688,-6.6537433,-0.36733013,-1.9447188,-5.589312,-4.4868627,-4.814174,-4.023554,-1.0927743,-2.3229496,-3.2421002,2.276413,-0.22341926,-3.1136036,-6.3773932,-5.7321553,-0.72285116,-0.20173022,-3.0179281,0.40259445,-0.75175136,-3.3495169,-4.887309,-5.679446,-7.653133,-2.67922,-0.9942317,-0.9124146,-0.75030863,-0.5856795,-0.784231,-4.1488905,-3.708189,0.92953473,5.626103,0.93987674,1.806165,0.4894228,-0.16774173,-2.6060867,-2.315398,-0.4068353,2.1874774,-8.221253,-1.3325201,4.1378665,-0.34257752,-7.3950863,-1.030349,-1.1548365,-0.32596385,2.170735,-1.2316997,0.27024224,-1.05966,0.034745026,-4.5450053,-0.9074402,-5.7166595,-2.1046176,-3.2596738,-3.6405475,-2.9227486,0.25465617,-2.9722414,3.014599
59,-1.6149335,1.7461717,1.6457797,-3.8876705,-3.1269054,0.49103528,-1.3419324,16.253954,-3.8533032,1.7180678,-4.76568,-2.3635416,-11.043941,-6.8339686,-1.0174909,4.754379,0.4680455,-3.4027395,-2.467773,2.6956599,2.2879806,-7.5095954,-2.0023682,1.863465,1.1352541,-2.3422313,-5.2289453,-3.6469147,-2.2725675,0.6409606,1.6645598,3.7254007,-2.582899,4.5513616,-0.8630414,11.527499,-12.073441,-14.709949,-9.898054,-13.6621475,-0.45763263,2.6955013,-0.99020326,0.28099906,-0.75199014,-3.886747,-9.592434,-1.2699777,-1.8620079,-2.9441864,0.8975346,1.9886671,-7.00119,-2.8552186,-6.5212064,1.3237404,-2.814914,1.375974,-6.035146,2.0344443,1.1612396,-1.5757068,1.2844465,-6.226579,-18.740881,-2.233238,-0.38471305,-3.4679048,1.1580217,-14.707496,-9.9755,-9.885162,-0.7976324,-4.7639303,-2.7576988,-17.723774,3.0722923,-4.6506495,0.45630294,0.31109354,-10.897231,1.4398966,3.4695098,-0.56816924,2.6867049,-7.7682304,-0.05943265,-6.2682476,-3.9729896,-10.587529,-1.5711396,1.3775923,-1.3300166,-2.4396298,0.26873848,1.7716233,-6.3626595,6.1614695,-9.9001875,-1.4085217,-3.2742035,1.9772139,-0.71835434,0.24806643,1.7909447,-0.6003917,-6.701782,-7.0104656,-5.2694354,-2.690931,-0.030227853,3.8776116,0.5501599,-1.9824045,-3.5760994,-5.2495785,-5.8529544,0.5611531,-3.6179519,-14.829278,-14.892058,0.6655245,-3.986792,0.47857222,-0.55206174,3.3797588,-3.6928232,-2.3761904,3.0335207,2.1165953,-6.7770267,-0.8922293,4.2799883,2.947943,2.79113,-8.246834,0.35341248,-4.044704,-6.2530637,-8.368936,-8.271574,-7.6865273,-3.033942,-3.523682,-7.232121,0.15272795,2.8411024,-7.513059,-8.796568,-8.096625,-0.3109927,0.6016381,-2.3457096,1.4586977,-1.4701616,-4.465757,-4.5691257,-6.216384,-12.484234,-4.325243,4.9212403,-1.2576933,-0.27007437,0.96514183,2.5379102,-4.5206103,-3.6408894,2.195149,9.771006,2.6596978,1.0253845,1.0521119,-1.7200792,-3.2322628,-2.800255,-0.10677684,2.570941,-9.983691,0.7804403,3.6382756,1.3315887,-8.701371,-4.4949083,0.24466854,-0.31808597,2.3466456,-2.3407989,1.2348257,-1.2772639,-2.813875,-5.506414,-1.2203846,-8.457042,-6.167619,-7.0336237,-2.4874659,-1.2700117,1.7284734,-4.1677833,4.057483
60,-5.1985364,-1.0127542,1.2153634,-5.753176,-4.841628,-2.3253322,-4.9349904,9.934349,-4.407859,0.9917148,-5.097819,-6.418984,-8.38674,-6.3515024,-2.7338915,1.762026,-4.57605,-3.822283,-3.2636063,-1.7209958,-3.2159135,-6.803007,-4.0303583,-3.356123,-1.9084091,-4.525541,-5.4315176,-3.760133,-3.804959,-1.4556469,0.021279756,-0.72948134,-3.705708,-0.61643595,-1.3987248,6.4170823,-9.588299,-12.973037,-9.034658,-12.204077,-1.6269256,1.7423462,-1.3492709,-0.632849,-1.9584025,-5.94651,-10.3505335,-4.0372057,-5.2583632,-2.2638679,-0.44354245,-2.5148058,-9.159945,-5.8014693,-5.6031237,-0.19663733,-2.450372,-1.5784906,-6.0048356,-0.72024834,-1.8553703,-3.0847194,-2.3577836,-7.0529184,-16.12414,-2.2343163,-0.2233448,-3.4224336,-0.030114476,-12.348554,-7.136943,-7.310477,-2.6191463,-4.4145074,-6.614814,-13.905141,-0.23279813,-6.2237134,-0.51001966,-1.2235609,-11.259801,0.83266956,1.4241637,-0.9777252,-1.1515374,-6.4750876,-4.745147,-5.9329343,-3.9540424,-9.318128,-0.8212086,1.1842797,-0.3286924,-2.1747231,-0.5357132,-0.66025156,-6.3517313,1.3071852,-7.9445047,-3.3343482,-1.7431979,-0.19839829,-2.4536848,-2.0719347,-0.2701931,-3.7504117,-6.9462104,-7.221745,-6.88736,-2.6119053,-5.145067,2.73014,-0.52594525,-3.1453695,-3.7355316,-6.516599,-5.380368,-0.78763306,-6.299148,-10.152357,-9.778654,-1.5792601,-5.5995803,-2.251399,0.4041814,0.69495636,-2.888476,-3.049686,1.4608735,-0.45829272,-7.397615,-1.4365699,0.073094636,-0.8778687,1.9090273,-7.813187,-4.0540733,-3.8797348,-5.3216186,-7.1098046,-7.525771,-7.1812963,-3.9159236,-3.6739268,-8.253587,-1.2316581,-0.9773448,-3.7112944,-6.2441096,-8.34819,-0.55612755,-0.08464396,-5.995917,0.6388611,-2.5492876,-5.85584,-4.805436,-5.8226347,-8.832375,-4.5873094,-1.3098414,-4.4836698,-2.9691536,-2.0076826,-2.1409533,-7.177582,-6.4944577,-0.8320089,4.9571757,-0.017901273,-1.5974649,-1.9296058,-5.159286,-2.2088878,-2.5094662,-3.1408966,0.28412133,-8.378228,-2.8681295,2.593944,-0.58101356,-7.928629,-2.0777094,-2.1377795,-0.3153073,0.11570276,-3.6898084,-1.0732741,-2.224819,-4.1008086,-7.2683086,-2.1033652,-8.08749,-4.6802597,-6.7526855,-1.7450312,-2.1234014,-0.35785466,-4.113706,1.7344391
61,-4.088655,-2.9883685,-0.27509972,-4.215057,-4.195104,-1.0296816,-2.1658788,7.22768,-3.781198,-1.7411298,-2.735821,-4.2338395,-5.651569,-2.8952959,-4.608525,-0.5578181,-6.1838875,-3.1655238,-1.6761986,-0.8856806,-4.39552,-6.1727943,-4.172022,-2.3570504,-1.0641462,-4.444674,-6.050555,-7.1418757,-4.354605,-3.3487933,3.3001194,-2.4469059,-3.9164572,1.2778435,-2.7868907,4.9400897,-7.402372,-10.431464,-6.531071,-9.131834,-3.216466,-0.36267295,-3.2656243,-2.8051856,0.6072236,-3.1032786,-6.8494143,-1.7720037,-3.3399487,-4.1974797,-2.2198684,-0.67316055,-6.1531115,-5.983135,-5.0786214,-0.09547507,-2.6041741,0.65078837,-5.0923705,-3.3256571,-0.0030797932,-1.1047298,-3.1747308,-6.9365673,-11.782566,-2.3834078,-1.3570964,-5.368565,-0.9975367,-12.172342,-7.58756,-7.3003173,-2.9319103,-6.6244774,-3.7044933,-11.808203,-1.2464386,-5.4186673,0.4418438,-1.7424653,-8.852828,-0.81840575,0.1288564,-2.0180273,-0.585638,-3.8482115,-4.0394125,-6.047971,-6.034948,-8.972669,-2.0472927,-0.7389661,-0.35550743,-3.0072627,-1.9491706,0.27064914,-5.3433433,-0.47193518,-5.5653667,-4.3461494,-4.0540934,1.5627915,-0.20384909,-2.122321,-2.3466713,-3.1271553,-8.658551,-8.906955,-5.2531166,-5.240864,-5.7238574,0.42358288,-2.4106882,-1.1575317,-2.0616214,-4.743227,-6.137122,-0.8097663,-4.104761,-7.9814944,-7.8704195,-2.6658022,-4.344251,-3.346924,-1.6095299,-0.22443385,-5.7784,-0.84735185,-1.1961448,-0.78314745,-6.332217,-3.1906672,-1.7071879,-0.46509498,0.2997188,-8.646344,-4.173217,-5.958068,-6.6983905,-5.836287,-5.8973236,-3.7815776,-4.589324,-3.2217135,-6.2347107,-0.5645334,-0.53105044,-4.4897304,-6.446819,-6.4485674,-1.3666128,-0.7173496,-4.7476993,-0.9094092,-4.07655,-6.2458706,-5.998074,-4.517253,-9.870776,-3.1934214,-2.0656466,-6.123741,-0.80752486,-1.1622654,-0.63300544,-3.9632146,-3.6060798,-1.6437359,3.9052331,-2.0944128,-1.1591258,-3.5612826,-3.4706156,-4.3834763,-3.0469165,-4.2750173,2.9179597,-9.568098,-2.023646,1.95404,-0.30872804,-8.032844,-2.3620927,-2.2479756,-0.6159875,-1.8894092,0.49846777,-2.3770041,-2.5022035,-4.021289,-5.6557083,-2.951166,-6.5739255,-2.9788055,-5.041951,-2.7588882,-2.0941947,1.3552723,-1.5054632,-0.31874344
62,-1.0398452,-0.13800347,0.97286624,-5.7614694,-4.0140867,-1.221002,-3.388569,7.849902,-4.205801,-0.359102,-3.5560308,-1.8697813,-5.477882,-4.551448,-1.199787,3.420243,-3.0113084,-2.1745067,-1.301794,-3.9917467,-2.602154,-5.9795637,-3.2202427,-1.252489,-0.36644188,-0.4827043,-1.3772299,-2.2610166,-0.81581676,-1.0224043,0.40387973,1.437752,-1.8847058,-0.28747588,-0.5792605,5.508955,-7.679558,-10.470573,-6.0225115,-9.197112,0.34493393,1.725053,-0.9540144,-0.08395989,-0.45840606,-3.6763134,-6.7387495,-2.781143,-2.953454,-1.0943216,-0.23400544,-1.5512338,-5.3439884,-1.5697464,-3.6401975,-1.0088468,-2.8190823,-1.2663724,-4.5887446,1.6495602,-2.040265,-2.5941226,-0.22766903,-3.6294365,-10.448431,0.014141787,0.647883,-2.4030044,-0.52990603,-10.035032,-7.635582,-7.6506453,-1.5605743,-2.617732,-1.6021765,-11.917538,2.2275836,-2.9590735,-2.985877,-0.3905881,-6.8918653,0.65120995,1.6124167,1.7041347,-1.9008899,-3.964742,-1.9943582,-2.8867633,-0.905894,-7.7947536,1.9153643,3.8691385,0.3275444,-1.8914984,-1.1380831,-0.5176259,-4.8337307,3.5904632,-6.997756,-0.8396108,-0.10413135,-0.09806331,-0.29628372,-1.9330496,0.06481375,-2.7067475,-6.459333,-6.65686,-5.625035,-3.5467148,-3.1880655,2.0397954,0.61003673,-1.6607424,-1.6292305,-2.6132119,-5.1489964,-0.6034553,-5.1291566,-8.087386,-8.256394,-0.8904457,-3.878697,0.38910636,1.4719689,1.1585892,-1.7856426,-1.427818,2.0993156,1.1093793,-7.8246126,0.24477579,1.5643233,-1.5186329,3.3852022,-6.355866,-0.96072155,-2.3549173,-6.1451473,-6.538424,-5.7748237,-4.9764247,-2.1000628,-3.8317456,-4.995842,0.8004371,-1.5567518,-2.6163712,-4.048206,-6.232596,-0.055863835,0.53749776,-2.4096806,0.7090561,-1.3135192,-3.88468,-4.4943614,-3.6961694,-4.7759895,-2.7024834,-0.44386512,-2.292902,-2.3782444,0.287302,-1.5076268,-4.7826037,-4.0027833,1.3835584,4.359206,0.49991745,0.07650341,1.0294442,-2.8649824,-1.3873211,-2.231559,-1.0826951,2.209497,-7.1483517,-2.4979858,3.852022,0.34606704,-8.296814,-2.576224,-1.204576,1.1145391,1.3367254,-1.4494854,0.866988,-0.5297477,-1.4897684,-4.8779655,-0.33668286,-4.6646433,-3.4588785,-3.762399,-0.5705448,-1.9256113,-0.08616495,-2.9350486,2.1021554
63,-0.88829356,1.7403816,0.60704654,-4.283727,-5.1296926,-0.53906405,-2.6309078,10.034591,-5.4696274,0.01842691,-3.5532205,-1.7376983,-6.9668927,-5.785194,-2.1832082,2.194329,-3.5085957,-2.0228436,-1.3555348,-2.1422758,-2.0459793,-4.912872,-3.7118125,-0.7508894,0.054225996,-1.1168742,-2.5179586,-4.4958725,-0.8719276,0.23649012,1.7348369,0.02057503,-1.7243068,1.6163344,-0.4320518,6.3682985,-5.9381123,-8.484106,-7.0049586,-10.873163,0.8989826,1.9023405,-0.92892694,0.10222961,-0.44572675,-4.213879,-7.68006,-1.2597787,-2.8946097,-2.2088015,0.13148202,-0.13122731,-5.0592623,-1.9773569,-4.5302467,-1.2981732,-0.95285815,-0.23214802,-3.6926198,1.2473719,-1.1973883,-3.185936,1.6930952,-3.8218756,-10.88633,-0.5722109,1.3148392,-3.3217006,0.2495654,-11.677105,-6.3121476,-5.950772,-1.6899974,-4.3638344,-1.3223628,-10.53116,1.3190674,-3.1671762,0.16592261,-0.2879798,-8.812536,0.49693897,1.6215844,1.6893667,-0.63182646,-3.5151396,-1.430114,-5.27647,-1.5230402,-8.11075,2.0192764,3.3331242,-0.89410394,-0.97614574,-0.07464739,0.040123522,-3.971731,2.7456908,-6.73228,-0.7284682,-1.3661588,0.24367887,1.0011979,-0.24646777,1.2317985,-2.106215,-6.447114,-6.7959146,-6.015824,-3.0218701,-3.0617921,2.2500184,-1.4740728,-0.26942027,-1.0942291,-4.015119,-5.644401,-1.3390559,-4.089593,-7.881915,-7.8045173,-1.0719675,-3.2979507,0.43394315,1.6525629,1.3470157,-3.0284374,-0.7539635,0.32298043,1.9592143,-6.522995,0.0637356,3.2723637,-0.1653096,3.1932688,-6.6537433,-0.36733013,-1.9447188,-5.589312,-4.4868627,-4.814174,-4.023554,-1.0927743,-2.3229496,-3.2421002,2.276413,-0.22341926,-3.1136036,-6.3773932,-5.7321553,-0.72285116,-0.20173022,-3.0179281,0.40259445,-0.75175136,-3.3495169,-4.887309,-5.679446,-7.653133,-2.67922,-0.9942317,-0.9124146,-0.75030863,-0.5856795,-0.784231,-4.1488905,-3.708189,0.92953473,5.626103,0.93987674,1.806165,0.4894228,-0.16774173,-2.6060867,-2.315398,-0.4068353,2.1874774,-8.221253,-1.3325201,4.1378665,-0.34257752,-7.3950863,-1.030349,-1.1548365,-0.32596385,2.170735,-1.2316997,0.27024224,-1.05966,0.034745026,-4.5450053,-0.9074402,-5.7166595,-2.1046176,-3.2596738,-3.6405475,-2.9227486,0.25465617,-2.9722414,3.014599
64,-5.1985364,-1.0127542,1.2153634,-5.753176,-4.841628,-2.3253322,-4.9349904,9.934349,-4.407859,0.9917148,-5.097819,-6.418984,-8.38674,-6.3515024,-2.7338915,1.762026,-4.57605,-3.822283,-3.2636063,-1.7209958,-3.2159135,-6.803007,-4.0303583,-3.356123,-1.9084091,-4.525541,-5.4315176,-3.760133,-3.804959,-1.4556469,0.021279756,-0.72948134,-3.705708,-0.61643595,-1.3987248,6.4170823,-9.588299,-12.973037,-9.034658,-12.204077,-1.6269256,1.7423462,-1.3492709,-0.632849,-1.9584025,-5.94651,-10.3505335,-4.0372057,-5.2583632,-2.2638679,-0.44354245,-2.5148058,-9.159945,-5.8014693,-5.6031237,-0.19663733,-2.450372,-1.5784906,-6.0048356,-0.72024834,-1.8553703,-3.0847194,-2.3577836,-7.0529184,-16.12414,-2.2343163,-0.2233448,-3.4224336,-0.030114476,-12.348554,-7.136943,-7.310477,-2.6191463,-4.4145074,-6.614814,-13.905141,-0.23279813,-6.2237134,-0.51001966,-1.2235609,-11.259801,0.83266956,1.4241637,-0.9777252,-1.1515374,-6.4750876,-4.745147,-5.9329343,-3.9540424,-9.318128,-0.8212086,1.1842797,-0.3286924,-2.1747231,-0.5357132,-0.66025156,-6.3517313,1.3071852,-7.9445047,-3.3343482,-1.7431979,-0.19839829,-2.4536848,-2.0719347,-0.2701931,-3.7504117,-6.9462104,-7.221745,-6.88736,-2.6119053,-5.145067,2.73014,-0.52594525,-3.1453695,-3.7355316,-6.516599,-5.380368,-0.78763306,-6.299148,-10.152357,-9.778654,-1.5792601,-5.5995803,-2.251399,0.4041814,0.69495636,-2.888476,-3.049686,1.4608735,-0.45829272,-7.397615,-1.4365699,0.073094636,-0.8778687,1.9090273,-7.813187,-4.0540733,-3.8797348,-5.3216186,-7.1098046,-7.525771,-7.1812963,-3.9159236,-3.6739268,-8.253587,-1.2316581,-0.9773448,-3.7112944,-6.2441096,-8.34819,-0.55612755,-0.08464396,-5.995917,0.6388611,-2.5492876,-5.85584,-4.805436,-5.8226347,-8.832375,-4.5873094,-1.3098414,-4.4836698,-2.9691536,-2.0076826,-2.1409533,-7.177582,-6.4944577,-0.8320089,4.9571757,-0.017901273,-1.5974649,-1.9296058,-5.159286,-2.2088878,-2.5094662,-3.1408966,0.28412133,-8.378228,-2.8681295,2.593944,-0.58101356,-7.928629,-2.0777094,-2.1377795,-0.3153073,0.11570276,-3.6898084,-1.0732741,-2.224819,-4.1008086,-7.2683086,-2.1033652,-8.08749,-4.6802597,-6.7526855,-1.7450312,-2.1234014,-0.35785466,-4.113706,1.7344391
65,-5.9324217,-2.4402502,1.8513995,-1.9947275,3.6930902,-0.8119405,-1.4844625,-2.1087005,3.5169075,-1.7099532,1.4322889,-3.26306,-1.8429431,1.582905,-0.06845448,-2.1698995,-4.7240734,0.17813389,1.3033113,-0.8006109,-2.1220691,-3.8888052,-2.5851128,0.533907,0.6425287,-3.2203438,-4.862919,-4.6562433,-3.3719437,-1.6184685,-1.0776671,-3.9495459,-3.4119103,-2.3074436,-1.4198436,-2.8626142,-2.8116143,-5.106217,-2.2261264,-1.2452598,-5.961814,0.7397927,0.1275146,-0.2755013,-0.9119569,-2.3294365,-4.408912,-1.5803635,-1.9471024,-1.3059365,-1.2292393,-2.1932414,-1.7329493,-5.0409245,1.3534391,1.3782617,-1.4628857,-0.78032416,-2.572421,-5.153112,1.846526,2.4693563,-3.9588864,-3.5496514,-3.4485297,-2.2052484,-1.9228549,-1.908347,0.87520957,-6.0412364,-3.8915017,-4.1080914,-1.4556379,-2.0290089,-3.613821,-3.526517,-2.703112,-3.871718,-0.7126552,0.5915964,-2.198214,1.1922351,0.79685396,-4.3431997,-1.2497696,-3.687968,-1.5614644,-1.8624173,-7.309811,-3.3190277,-5.394812,-4.528321,2.7450683,-0.29657125,-2.9639118,-2.7402685,-2.4851272,-3.184312,0.76687145,-5.3425775,-1.490452,1.8915858,-2.02492,-2.2886295,-2.0042672,-0.17872381,-3.2258737,-3.1084855,0.13187139,-2.6723263,-4.0378475,0.34053627,0.9205338,-4.5172305,1.6279147,-0.8612396,-2.9116256,1.6589649,-2.3936753,-3.2025537,-3.2762816,0.15070413,-1.4115227,-5.507941,-3.9152958,0.20442204,-2.9316757,-1.5208914,-4.5130215,-6.322189,-2.2206373,-4.122277,-3.5102537,-1.7257861,-2.707729,-3.0590603,-1.935761,-5.682582,-3.83269,-2.113583,-1.5823772,-0.9855808,-3.4942076,0.36762267,-5.610068,-4.456039,-1.7322372,-2.193077,-1.4022585,-5.244117,1.0778732,1.6018541,-0.90426695,1.406089,-2.477701,-2.8333678,-2.7295349,1.007279,-2.4625695,0.5634321,-4.9229975,-4.588969,-0.58733976,-0.20017205,0.33670565,-2.1436448,-1.9389403,-3.4441817,-2.5224683,-3.4486587,-6.5139647,-5.3367634,-5.711842,-2.682325,1.3146056,-2.9590883,-2.511919,-3.252528,-0.8439043,-1.4013044,-1.8325207,-3.313474,-4.525194,0.069240645,1.4747765,-5.9782405,-1.9673367,-1.5668747,-1.5705343,-4.7089496,-3.6322312,0.0573844,-3.8121886,-3.5964353,-2.3177035,-0.5400443,2.5081224,1.8285812,-0.088296466,-0.1973963
66,-5.7238216,0.71435034,1.557284,1.7755915,2.7706535,0.49733075,-0.4607333,-1.7925998,4.5557384,0.11459657,1.4947453,-4.0681915,-2.1099834,1.0090187,0.56973904,1.1872067,-2.004447,-1.1759034,0.20330364,-1.1114479,-2.0376036,-1.2717628,-0.49185508,0.40118903,1.6206901,-1.358189,-2.5846,-2.820885,-1.5251505,0.32046065,-2.042513,-3.813539,-1.7158687,-2.667341,-0.0069352505,-0.5509808,-1.275078,-3.3504934,-0.8271732,-0.5789453,-5.7939363,2.3431418,1.5819715,1.5828419,-0.38400728,-3.6011448,-4.069402,-0.58581805,-0.41768906,-1.5889196,0.4854372,-2.6160274,-1.2500614,-1.1150568,1.2086822,2.3969505,-0.09490889,0.07884134,0.6168966,-1.9420269,0.019237269,-0.015531897,-1.8274231,-2.6078596,-4.796654,-2.410225,-1.3287152,-0.44407845,1.17162,-1.8299601,-3.245825,-3.0100188,0.058459807,0.47123706,-4.2638235,-2.3866515,-0.59673893,-2.5122607,0.23933172,1.4226899,-1.681536,2.4731755,2.3507264,-4.7512417,-0.018075794,-4.422739,0.73853374,-0.030131616,-4.562483,-3.8187747,-6.5056267,-5.353561,3.431371,0.6245019,-0.27895832,-0.50109714,-0.37461045,-1.22069,-0.6984068,-3.9250839,0.24680565,0.20109941,-1.5045295,-0.19997084,-0.51963806,0.46806616,-1.3650572,-1.3729537,1.2165327,-2.7575123,-1.2596755,1.8225155,1.9760424,-5.9805336,1.7359512,-0.17807092,-1.7793846,1.441712,-0.66181636,-6.0133047,-6.436788,-0.26303607,-0.669228,-4.184092,-4.076135,1.5276939,-1.0911834,-2.3219433,-1.5818809,-3.902191,-3.8611186,-4.0443554,-0.6039187,-0.65757006,-3.256145,-1.9045384,0.7533108,-5.791191,-2.4749599,-1.510044,-1.5430855,-1.4371746,-3.2476401,-2.0563333,-2.8882995,-4.2412057,-0.6555177,-1.9636426,-2.6047552,-1.9955522,0.81790954,0.6872817,-0.089784116,2.6019356,-1.3066086,-2.052065,-1.4167112,2.03411,-4.313431,-0.728236,-5.282473,-1.5093421,0.03364798,1.4391452,1.7114756,-1.2541504,-1.0358756,-2.2043486,0.05492939,0.10916485,-5.0655,-1.5381609,-1.6044021,-1.1995157,1.1348913,-1.7491518,-3.003302,-3.1555629,0.06581685,-2.0636365,0.35842055,-2.7615166,-4.671045,1.5217441,2.7586792,-6.928746,-2.6235225,1.4362266,-1.6920974,-4.0220804,-0.9915948,1.0311192,-1.7275462,-4.4257383,-1.2529826,-0.0687653,4.324748,0.27677232,-0.0034178013,1.1425781
67,3.4133644,7.0228605,2.9941092,0.6939869,2.5651543,2.3856091,1.1515325,2.9980729,3.73173,9.389083,2.3024693,2.147284,0.2697239,-1.1468049,7.7712145,2.6866295,-0.883859,3.202923,3.419719,-0.49425164,-0.75856256,4.10622,2.3070505,6.736417,5.5571904,3.0119867,3.8000662,1.9710921,7.103123,8.030859,-2.8218632,0.92982316,6.409792,-2.493873,5.6043243,-0.22255951,2.356548,-1.7819798,1.6793723,1.6163722,2.3069248,5.5999503,6.785544,5.6109324,-0.7191145,-3.0661438,-1.4804479,3.5595791,1.1595235,4.3279076,4.7764583,-2.1116376,1.8142085,5.345461,5.6448655,4.0965986,2.982262,1.2621844,4.224214,3.9871433,3.1566422,1.1257994,5.7519746,6.5693817,3.3750277,4.6813025,-0.09193695,3.8552167,2.5046759,1.5197481,0.873375,1.7316543,6.046449,3.440335,1.7030468,2.064435,5.3032036,5.006865,2.6404743,2.8656855,3.36479,3.3035064,1.9113922,6.1931653,5.0523243,-0.015376479,5.6999855,3.961918,-2.953421,1.5707394,2.157181,0.5619344,2.1307282,4.4734735,4.603026,0.63138324,2.5642192,5.544985,1.9428352,5.6356864,4.185544,0.2193811,-0.18941383,10.136648,6.7691207,4.333155,4.8845625,5.180822,3.0924149,5.4338217,0.0026646673,2.836008,3.0973177,1.1045537,3.9102888,1.3658407,-1.0551301,1.8910737,2.884777,1.5348226,1.410891,3.8870609,1.5344708,5.105159,1.1119992,3.0434494,4.771014,0.44048417,-4.2670813,-0.21566933,2.5851765,1.731899,4.660409,5.967699,4.3154936,1.581394,4.640619,2.46109,1.3102741,0.80512315,0.71696407,1.9557614,8.656494,3.94113,-1.6203295,-0.14512457,5.9760056,5.3265166,4.1613617,6.2920456,3.4077394,2.8147495,3.9716098,3.511,7.6774187,8.510188,1.2814753,2.004658,-2.401661,4.0261316,4.5511336,6.691293,2.9486678,3.4467487,6.6439576,2.5879116,1.778065,1.6332128,0.91758466,5.230982,1.4189813,5.014554,2.7887702,2.316035,2.6538334,8.755135,-1.9698687,2.064785,2.1406767,3.890261,5.824811,1.9088213,1.4118797,6.513916,1.4028037,2.031811,-3.3546836,4.291859,1.5616914,0.87887454,1.0153911,3.5928302,2.7060363,-0.75432503,3.1486545,0.4041532,3.5801914,0.24007885,0.05236595,4.5176773
68,-4.8803144,-2.5310807,-0.36159882,-6.3434386,-2.6767447,-1.6275262,-1.5701278,-2.7789052,-3.8848872,-5.904212,-0.45137045,0.9302353,-2.8988907,-2.5646138,-3.1220224,-5.329369,-3.2277272,0.54578173,0.7717599,-6.6628213,-2.963307,-2.892971,-1.0798073,-1.8140557,0.09005354,-2.2089374,-6.4480805,-9.378865,-3.7143393,-2.605628,-2.992515,-8.355094,-4.3148117,-0.8252552,-2.771488,-4.066962,-5.726785,-8.588722,1.0920967,-2.197855,-8.977678,-1.0518154,-3.0582397,-2.2175593,-1.6234882,-3.1065257,-3.3545566,0.15449159,-1.1260245,-3.379756,-0.3335839,0.12078162,-1.6351979,-5.8105936,-2.3328934,-3.585759,-4.146652,-1.8588648,-0.5010924,-6.611572,-1.5633897,-2.104854,-2.0202162,-3.8216689,-3.7468243,-2.615536,-0.21897362,-4.418955,-1.9102516,-8.359306,-12.694117,-12.771283,-1.0804883,-6.920593,-2.871891,-8.401879,-6.0633216,-4.4900765,-1.1701403,-0.756698,-8.181547,-3.1537275,-1.3201749,-3.5235307,-3.652385,-2.344458,-3.598406,-5.018206,-6.628437,-8.480358,-6.5611186,-7.0886426,-0.22869807,-1.0136318,-5.883834,-3.8367662,-3.3559897,-3.4655333,-0.18321449,-7.307482,-2.4860654,0.76388544,2.3474596,-4.511042,-0.38579005,0.20050693,-3.2628105,-3.405276,-4.131198,-1.6553007,-1.8216237,-0.016981067,-5.7782526,-2.3260176,-4.378631,0.17510131,-8.890294,0.58688504,-2.7716143,-7.560303,-8.412607,0.8058476,-4.693202,-7.0288906,-6.0208025,-0.7584488,-0.66265655,-2.0864108,-7.344803,-6.162679,-6.409747,-6.5695934,-2.109845,-4.0527563,-4.80535,-5.83105,-2.6529522,-10.261334,-12.238008,-3.94679,-2.7269623,-2.1723945,-1.674513,-1.233161,-2.6626244,0.21947609,-4.0331674,-6.5973577,-5.7401104,-4.573896,-1.5879699,-1.9060892,-1.211752,-2.7102003,-1.6347849,-2.105734,-5.4901204,-4.3563204,-10.401063,0.66722095,-9.777344,-1.3507718,-1.7567139,-2.540957,-5.8999457,-2.4809854,-1.8631035,-3.0154645,-2.3860977,-7.1321397,-3.2682364,-7.125535,-0.4518062,-6.1434298,-2.811343,-3.4692905,-6.9445877,-6.181362,-1.5931923,-3.0278351,-4.4485145,-10.325588,-4.25733,-4.553683,-0.50217766,-9.941498,-5.3177023,-5.2202563,-6.8170414,0.23575523,-9.021763,-4.954228,-5.7480683,-4.383733,-1.9297277,-6.2522745,-3.4335012,0.85503405,-1.62143,1.5128787
69,8.279817,3.3433602,3.2246416,-5.383304,-1.4084616,-0.48769364,4.088896,3.1963208,-2.148216,-2.4877326,0.36410376,11.407366,-1.0500255,-0.053310845,3.8516126,2.4556677,-6.487216,5.2875953,4.968296,-3.7491622,-2.118616,-4.56804,-3.8050268,3.5551538,3.5565732,-1.6922891,-2.9136097,2.2732306,0.48740327,4.862738,-0.18864848,-1.6852452,-1.3158517,2.6636975,1.3638949,-1.590707,-2.8181062,-5.10207,1.094044,-0.4172408,-2.06074,3.3892317,1.3214766,2.2485595,0.8208662,3.6960208,1.231319,0.28067818,-0.1620771,0.07162127,1.5474093,1.5429747,2.503595,2.9545443,4.030584,-0.7375203,-1.7703509,2.01978,-3.1114068,4.060466,1.4534514,0.5637648,3.9667146,0.77031595,3.6225667,2.358291,-1.032937,1.8431802,2.3542767,-8.256516,-4.8492246,-4.8037305,1.7624482,1.2576529,9.041589,-3.3331227,2.9549696,1.5705765,-1.7980292,3.5418868,-1.7361069,1.3589056,4.324621,5.607902,-2.3330045,1.7142894,1.9499052,0.7431514,-4.7000012,-4.040351,2.9845848,1.8794359,2.5006943,0.9819362,-1.3262755,-2.575998,-2.994606,4.6285734,0.60226077,1.0766307,-1.5314636,3.9266486,0.5442219,0.50221175,4.5099506,4.026248,-6.1713095,-6.0556674,-4.2848735,0.66260827,-4.0454783,3.061473,3.44369,6.4797754,1.7793355,1.8376144,-2.161894,3.2201464,-0.676828,-1.3289758,-1.6520871,3.6566753,1.3040394,1.8328649,1.4899415,5.081494,1.046727,6.81655,-0.9782594,-1.6966388,-3.0975795,2.669668,3.8656938,-2.2430408,6.162374,-2.5393984,-0.16995603,-1.9699469,-6.040382,-2.015247,-0.56381965,-1.0379789,4.230572,4.475903,-3.3967578,3.9880464,-2.2377794,0.57872564,-2.0829484,-3.0401707,3.533218,3.2877994,1.155938,1.7729473,2.6300535,3.0044959,0.6291415,0.64460355,-1.3976234,5.939799,0.5799018,3.4260976,-0.27377412,2.6442077,0.7664798,-0.013273133,0.23790449,4.2773423,-1.3043557,0.86901957,1.0571437,3.027963,-2.8994107,-0.4674182,3.1810718,1.2103467,-2.9457262,-0.98590684,1.4285284,7.235855,1.3487781,-5.7210345,2.956396,2.6756132,3.3828475,5.789304,-2.5649836,3.1554427,0.07916741,0.02297607,-5.6348743,3.889418,-3.086831,3.1915426,1.9855115,-5.013519,-0.9083769,3.7644188,1.4636836,3.534704
70,6.504132,2.304521,2.0998063,-5.408991,-3.4156272,-2.1695673,1.8268998,0.8313778,-3.3189166,-2.5576222,-0.31769913,8.827178,-1.7302716,-1.8455173,1.9668627,1.0108013,-5.7476892,2.8173988,2.0532243,-5.622204,-3.1902525,-4.471867,-4.568027,0.8042839,1.4373292,-1.4905118,-2.2622814,2.1941938,-0.40205428,3.0367174,-1.5746162,-2.5572727,-1.6702849,-0.52911514,0.4639057,-2.219002,-2.3817189,-4.1689777,0.5524003,-1.18323,-1.3241528,2.2288768,0.39159572,1.1595947,-0.9631337,0.9846403,-2.366301,-1.0111768,-1.641877,0.0072338847,0.8562537,-1.2038045,2.3316367,1.4744809,1.8156139,-2.7645285,-1.4629407,0.54586035,-2.399178,2.8293228,-0.41541386,-1.1151823,2.1930144,-0.74717724,3.0327497,2.1564174,-0.2953381,1.1979375,1.6728642,-6.5968275,-4.0005536,-3.6437125,-0.16514051,0.39770854,6.7216105,-3.556481,2.7319303,-0.14698014,-2.221799,2.4683778,-2.1338108,0.8478856,3.3833134,4.268362,-3.973309,1.8099359,0.7229476,0.5111695,-2.483996,-2.650225,3.7604222,3.0276203,1.6842787,0.59798473,-2.3652675,-2.8297336,-3.3190513,3.4647753,0.23864526,1.5630995,-1.5728662,1.8028301,1.4075674,0.07585298,2.2921395,1.0065325,-5.6427937,-5.6198335,-5.1454,-0.54297537,-3.6583748,2.2569165,1.749289,4.3627696,1.0643853,0.039573878,-1.2831943,0.037834693,-1.8755805,-0.9477977,-0.954777,2.0450687,1.463378,2.2823625,3.1261122,3.7124655,0.022007242,4.575278,0.5992732,-1.4418918,-3.2623022,2.0528286,2.71187,-3.8192444,5.613466,-1.5992007,-0.7506526,-1.0011588,-5.179211,-0.390294,0.31391147,-0.5932799,2.9795768,2.3361075,-1.2829217,3.9383886,-3.8265414,1.4235477,-1.7477974,-2.440029,2.42843,2.1997457,0.16334689,1.0088718,0.44616532,0.602238,0.60498214,-0.7570555,-0.17540939,2.8398929,-0.4461983,2.3830533,-1.9789886,0.2776112,-0.72804934,-1.778735,-1.5457802,2.924154,-1.9940759,-0.13725477,1.4920163,1.7774001,-1.1779573,-0.49833876,2.069724,0.1347181,-3.473991,-2.5252085,-1.6556667,6.4106727,0.08375149,-5.7239842,2.7307625,1.0551839,2.6264186,6.0030446,-4.0908647,2.2667043,0.59785026,1.0817311,-6.362564,2.9018075,-2.2760687,2.574618,2.0145588,-4.9500003,-1.9981006,1.736238,-0.70626086,2.1321476
71,8.598195,5.185448,2.6171734,-4.1198573,-3.8262224,-2.114282,3.5233302,-0.36351365,-3.4524412,-3.003308,0.4542214,11.936042,-2.5279603,-3.1793795,4.3400736,1.648274,-3.779474,3.730018,1.9827697,-5.9067206,-2.9742603,-3.8568137,-7.06755,1.9900616,2.3900106,1.7242539,0.747998,2.655199,1.5630867,5.4866977,-3.7612836,-5.0516157,-0.028764213,-1.2395858,1.538973,-3.6367302,-3.3819382,-4.6770077,2.960422,1.617459,-0.26291922,3.840723,2.075248,3.0044804,-1.9006774,-0.38722098,-4.1572638,-1.6027981,-2.2031302,0.06155191,2.5165386,-1.3809446,3.0111988,2.6689477,3.245777,-4.700542,-0.24697223,0.5810083,-0.3178567,4.2221327,-1.7318454,-3.4768174,3.4814785,1.0134686,4.673779,4.701514,1.5263258,3.5167732,2.4098053,-4.9010353,-4.8117476,-4.0065923,0.3903952,1.4737072,8.030181,-4.854442,4.7971253,0.4507823,-2.9761894,4.032552,-1.3931364,2.1373365,4.912041,6.3077416,-6.029368,3.0550363,3.1461723,3.167516,-0.2310763,-2.722974,5.541368,4.9462595,2.6082392,1.5811267,-3.1609879,-2.8861344,-2.628759,5.8948073,1.0894846,2.981951,-0.757445,-0.4885209,2.681814,0.95587385,3.6565537,2.6830444,-3.9030285,-3.8470407,-5.5886126,0.09101939,-1.6799374,3.4073172,1.7484684,3.255755,0.707579,-0.5337749,-1.8236725,-1.1549737,-2.8578963,-3.6164098,-3.8720415,3.3734272,1.9898415,3.541464,5.0908947,5.2098603,2.8423238,3.5528536,1.2653884,0.026518164,-4.351275,1.1694547,4.130183,-5.8880024,7.53253,0.1125428,1.4677775,-0.6859408,-6.3616133,0.6314013,0.9566071,-0.88403535,4.601048,2.0304842,1.7689238,5.205197,-5.903526,2.5163217,-1.3243321,-2.370049,2.9594505,2.3044708,0.9055012,2.2636294,1.5575044,1.6735665,0.67327744,-1.3874141,-1.2265987,3.1815307,-2.4986875,6.9852657,-2.6582718,-0.7845601,0.4475298,-2.6411557,-2.308458,2.8635387,-2.4191165,0.16494507,4.094517,3.298005,1.7486683,0.64979476,3.3566725,2.0236726,-6.5861177,-4.4922056,-1.6562878,7.874279,-1.1254121,-6.9194417,0.10504013,2.8280358,3.4819565,6.015489,-6.630776,3.7689464,0.14932005,5.368008,-7.0336294,3.9804904,-1.7262696,1.7312695,3.3639839,-5.4874644,-1.9213334,0.5671611,-1.681151,4.141141
72,-5.259365,-8.689587,-3.8310661,-4.1875505,-4.0141916,-0.2250852,-2.658461,-5.8026805,-3.5477366,-5.5164604,-1.9405096,-8.249229,6.9731007,4.04523,-5.9456763,-7.915411,-6.56839,-3.3435588,-1.8319832,-3.0916986,-7.731652,-0.072847806,-2.8700857,-8.477748,-6.2572083,-2.0902722,-2.101231,-3.188543,-4.8506303,-7.9345603,8.46283,-6.337225,-4.3470855,-1.6154323,-4.74028,-6.2961698,-3.1000748,-6.762575,-5.1231728,-6.033123,-0.995733,-3.989527,-4.409271,-4.655107,5.8677425,0.8318217,-2.3427722,-2.5581691,-2.6483421,-1.4950027,-4.5277057,-1.7191268,-7.470279,-11.6377735,-3.2506077,-4.39243,-1.9484872,-0.6408861,-3.0451968,-10.03336,-2.6681616,-0.66902566,-9.670476,-5.642176,-4.8970337,-1.8593957,-0.39375362,-4.076019,-2.167044,-2.4027069,-0.8708409,-1.216222,-7.231576,-4.7410855,-4.6682873,-5.8671207,-5.0171084,-4.8386703,-6.348767,-3.362056,-4.444754,-1.9911718,-3.5158217,-2.4458013,-8.401662,1.8032124,-8.201824,-2.6158814,-4.2638173,-2.134494,-0.89879304,-0.7283038,-1.2211504,-2.7436128,-2.129275,-6.295197,-4.3072743,-6.280718,-2.1005783,-4.8177605,-1.9920294,-1.0669726,0.06834778,-8.194501,-6.440598,-7.683452,-7.627055,-7.7691875,0.7308497,-6.619025,-6.34395,-4.1158,-0.9212331,-0.8151722,-1.6792833,-5.819492,-3.1829393,-4.924325,-3.8016255,0.1414888,0.79223096,-4.545187,-5.475364,-4.576327,-0.76882267,-4.5759583,-3.7021484,2.0030866,-0.7856988,-0.8996614,-8.087951,-5.852352,-11.573481,-8.736754,0.16218725,-4.9935107,-7.014329,-1.1133126,-0.20647325,-4.082996,-3.97255,-1.3974133,-6.745697,-3.9426074,-3.061036,-1.772739,-8.734721,-0.9857478,-1.2501628,-6.955393,-4.200781,-4.0753784,-5.662937,-2.281897,-5.0011654,-5.9832053,-6.28059,-6.0383096,-2.115509,-2.9382198,-7.271571,-11.212649,-1.1635907,-4.5867386,-6.433393,-2.7161906,-2.3966057,-1.9030763,-6.086579,-11.105491,-2.1652598,-9.823843,-5.845803,-4.1547265,-2.8911178,-9.948717,8.619167,-5.424187,-8.842507,0.86719114,-5.565621,-0.88161767,-5.1569133,-4.4247212,-2.0907485,-3.5147865,8.844178,-6.2838793,1.2635107,-3.2146714,-5.6919627,-2.0961509,-3.013951,0.08079531,-3.3990328,5.1094537,-3.1757584,-0.14589918,4.127771,-5.8023844
73,-4.5242224,-1.7581443,-0.12884083,-8.527859,-4.753293,4.1946235,7.6521945,-4.5082097,-3.2528603,-7.970848,-2.8861194,-1.6088032,0.1615768,3.17161,-2.7991598,-8.180157,-7.286869,-1.2175399,-0.10369731,-3.1041775,-6.9362745,-1.6821612,-4.425797,-0.3831769,-1.3672508,-4.810804,-7.790176,-9.355972,-8.408622,-0.65759563,2.3537347,-9.602929,-10.204612,3.0861673,-4.3142204,-6.716148,-6.6755333,-9.848838,-5.384576,-4.197457,-9.24908,-0.46036065,-3.5441165,-3.8332772,7.3157873,0.7059611,1.8923116,3.944702,2.4264433,-8.581382,-2.1922898,2.138423,-6.639959,-8.350372,-1.7836591,-6.5979643,-4.8993883,3.3858757,2.1752362,-6.0080566,2.2945592,-0.25323078,-3.7683856,-9.366587,-7.613287,-4.5347743,-4.425106,-3.8793488,0.11317565,-8.918572,-5.7255445,-5.122499,-5.5859566,-6.0255466,-1.883904,-9.778462,-6.772873,-8.131083,-4.883547,-0.7910543,-7.7566953,-0.66112185,0.195121,-6.0546584,-10.300207,-1.2914015,-5.6228714,-5.5421295,-6.693266,-6.7007093,-7.12601,-5.130162,-1.8232805,-1.7176378,-6.0531144,-6.728666,-8.554837,-5.7889957,-0.47997957,-6.989641,-6.213319,-0.21018068,1.6497333,-5.3899355,-2.294143,-3.0118823,-5.7169285,-5.763128,1.7990842,-4.615214,-5.4604735,-1.8397158,-5.142399,-2.295043,1.0565678,-5.859751,-1.6081457,-4.73554,2.244333,-9.476007,-9.106945,-1.0244064,-6.0272427,-7.366251,-5.8040595,-0.050613847,-2.808312,1.5867994,-3.372679,-0.8788218,-10.564787,-6.818836,-3.2687454,-10.01365,-1.8716717,-5.242273,-4.3606234,-10.079407,-5.4070582,-5.910267,-6.9451795,-3.144618,-5.916688,-2.96508,-0.86657184,-1.0446048,-10.0311575,-8.085803,-8.77796,-11.64382,-0.8405239,-0.38596633,-2.9700987,-0.8383295,-4.578379,-6.5065126,-5.249614,-7.2182045,-11.20613,-1.2337064,-6.4470882,-4.106337,6.350584,-4.4789944,-4.8725457,4.279202,3.8907127,-4.6874514,-6.6357,-8.472703,-1.8043108,-6.520129,-0.6698103,-8.109514,-1.0524524,-7.7294307,2.018921,-9.248517,-2.8136544,-0.28549156,-4.856095,-5.4674873,-7.9065576,-1.4649334,-3.9808843,-7.9752593,0.88392097,-4.7997813,-5.3466587,-1.6181775,-7.633614,-2.1261199,-9.0405445,-2.4381638,-4.6109853,-0.24609414,-4.1800222,2.4972327,8.293052,-0.26696393
74,1.570747,5.693488,3.2185085,-1.7142341,5.113387,1.7377384,2.3290129,-0.19424886,3.664417,3.3959544,2.3524399,3.4817686,-0.4003751,-1.0138196,9.5185995,0.49669668,1.106398,3.5115283,4.5066257,0.69795156,1.306574,1.3274239,0.851877,8.234567,5.9287934,3.4970386,2.9851596,-1.5763133,6.2340083,7.105883,-2.8883786,-1.1242605,4.372203,-1.808888,4.4725394,-4.0366745,-0.53979737,-4.313477,2.138602,3.296129,0.055936653,5.641431,6.257192,5.1374016,-2.060008,-3.2623477,-1.8332238,2.0522563,0.44789088,3.3653471,4.248726,-0.6298859,1.6637181,3.465751,5.815282,1.5499611,0.10323972,1.2177247,2.9656754,1.5086112,2.4311817,1.1506325,4.703622,6.246016,2.6269364,4.230292,0.8287866,2.4708157,2.7928922,-1.0339869,-3.2434754,-2.9793496,6.1278553,2.0944102,2.0019498,-1.4589211,4.217731,4.2958617,-0.9016826,3.0213954,4.753747,2.9437397,1.6535157,3.598614,2.2079263,-0.4901664,6.5493207,3.303615,-4.3809304,-0.27629855,-1.0573667,-1.9018301,2.537669,2.8631034,0.22822356,-2.4836125,1.9771341,6.304515,2.956956,3.6662276,4.7525063,-0.63553,0.67332053,4.582923,5.5581794,5.9984946,4.003327,4.4223824,2.2001884,5.060588,0.73026216,1.7691531,3.835572,-1.0922517,2.5641408,2.697057,-3.8844526,3.3733125,0.025167901,-2.3243918,-3.1702974,5.8495355,0.7759577,3.5827384,-1.6299133,2.9990933,5.4743924,-1.0044338,-6.2860436,-2.143439,0.08694372,-1.0894982,2.8843424,2.9913428,1.4857854,2.2329018,6.4966683,-0.9536554,-2.3174055,-1.8356786,-0.22450976,0.41058594,6.375946,3.9438581,-1.7785854,-2.283608,3.0638766,1.3448595,3.6113436,1.8995848,3.0909197,3.414063,4.3785114,3.569964,8.582267,9.760426,-0.42730966,2.505383,-4.10588,5.1767,-1.5669293,6.9178214,1.7410212,3.9193373,5.8377504,1.4041203,1.1933635,2.212042,-2.4180758,0.86349726,-0.1816299,2.5535083,1.0037644,0.4321409,2.3261127,9.4411545,-4.9185114,1.409472,2.6210186,1.6170926,1.236748,-0.5315067,-4.8720016,6.0685644,1.3336332,-2.5062745,-3.715141,2.9790382,-1.2186532,1.2770784,-0.02904546,3.3033454,0.8831395,-4.2644997,2.067552,-1.3823879,2.836203,0.12110578,-1.2253238,5.6584945
75,1.2150642,5.4559054,3.377754,-1.5116345,2.1500523,0.5590816,1.864578,0.14787862,1.7750131,3.9192326,1.2164513,3.053233,-0.6632096,-2.1227634,7.8516335,-2.0530913,-1.684412,3.9789343,3.4136877,0.4417028,-0.02300846,1.8357298,-0.47985068,6.208413,4.045919,1.1326773,1.0602579,-0.58609855,4.659237,7.2472053,-2.7379642,-2.8687398,2.5214605,-1.3408291,3.8385036,-4.834897,0.7152507,-2.5024107,0.19817525,0.5894299,-0.12045466,5.001208,5.619845,4.8384547,-2.1873293,-2.5511603,-0.8165191,2.6932971,0.22713648,2.5949917,4.562529,-0.7134232,0.71390295,1.5979851,4.5325637,0.100614294,1.8234941,0.5536549,1.4189615,0.64647806,2.5704346,1.1317842,4.5690813,4.741782,1.7837906,2.1481106,0.15415795,3.7434359,4.1466203,-1.2493113,0.2044115,0.39578027,3.3210416,2.319547,0.30765834,0.8593143,1.9011465,2.602456,0.1570646,3.8089845,0.5749694,3.0383885,2.2376034,2.8170123,1.1451329,-0.045919236,3.9119246,0.44877607,-4.4512277,0.63930386,-0.523953,-2.4312873,0.88451195,3.3413622,1.6598067,-3.5552244,1.2838708,3.406186,2.5172694,3.5378883,1.9024948,0.06150919,-0.52286655,5.2709293,6.728343,4.5270653,2.9225922,3.2117465,1.6043898,5.0555096,-1.5119559,2.6537454,2.3611128,0.63061696,2.1703386,-0.90390325,-1.4811863,1.3987709,1.2973005,0.36968523,0.40710777,5.9909835,0.14103475,3.431284,-0.91869056,3.4606261,4.472737,0.51104087,-5.6483245,-3.2144659,1.1524066,-0.9584668,2.720298,1.7545024,1.3748345,2.620512,3.1041346,0.79418916,0.41195953,0.17236374,0.34478113,0.11850559,7.9567327,6.358599,-2.574272,-1.1191956,1.7667533,1.5988293,0.81333697,1.6136229,3.0743854,2.9290683,3.3088534,3.2347488,8.009003,9.4802265,0.52980894,-0.3187281,-3.6347177,4.7569094,-0.08937278,6.5148215,1.6910204,0.5420172,4.4169183,1.5167539,0.864251,0.94564265,-3.4421055,-0.45534927,-0.00426746,1.0808508,0.19729134,-0.22018333,3.578468,7.4022236,-5.3460364,1.5918025,1.9732606,1.4767332,-1.2850617,2.352097,-0.6192552,5.7633567,-0.3116674,0.20751795,-4.563324,1.5171593,-0.45213643,1.165915,-1.640582,3.749832,-0.32996824,-1.1739068,1.998025,-3.6145577,1.3281788,0.6968225,-1.0680391,4.653611
76,2.9942763,7.0146604,2.8258169,-0.28569135,5.503687,2.1956515,2.499588,0.057499614,3.642901,4.3332944,2.4550261,4.3071437,-0.03456945,-1.4130232,10.270442,0.9244317,2.3282833,4.02568,5.082383,0.94732535,2.0489264,3.3265574,1.7986821,8.791518,6.430525,4.5814342,4.563852,-0.15670066,7.564584,8.227631,-3.5145912,-0.43916947,5.8117805,-1.6672721,5.6583257,-4.4437766,0.90852123,-2.6050186,2.87424,3.9546552,1.502324,5.892575,6.985215,5.910944,-2.243697,-3.0765529,-1.3883965,2.4349892,0.6813665,4.231277,5.2601843,-0.33238646,2.3209362,4.778212,6.4543586,1.8526354,1.0100472,0.8771756,4.4524775,2.4579458,2.135192,0.6112709,6.35245,7.9805064,3.8730607,5.412679,1.3064204,3.143543,2.7027323,1.0236021,-2.169583,-1.753417,7.1479692,2.569066,2.6675894,0.20041871,4.8895063,5.624845,-0.26198083,3.2112455,6.1096516,3.0890372,1.602562,4.845687,2.7485933,0.6198747,7.8577585,4.4160566,-2.8709807,0.4999544,-0.13023505,-1.310738,2.180885,3.9905338,1.5909948,-2.46617,3.4668949,7.1327357,3.3296838,5.1654854,6.098491,-1.2068814,0.7269622,5.931765,7.008142,7.224509,5.2975197,5.7136555,2.9568496,6.7277217,1.9731859,1.9003872,3.937802,-0.06631852,2.4990518,3.2887416,-3.1965199,3.3407972,0.56541234,-1.4027262,-2.4184587,6.2188406,1.1760422,4.937968,-1.0188851,3.1052501,6.977776,-0.80312383,-6.553873,-0.6567227,0.9704092,0.122400336,3.8015835,3.5346572,2.1549354,3.1328874,7.8230333,0.6425472,-1.3792737,-0.9172325,0.52544415,0.9724172,7.5631437,4.7082005,-0.7274244,-1.5543574,3.6132333,2.2880566,4.6926455,3.887961,2.7423522,2.6571243,4.934833,3.7449815,10.468082,11.79754,0.6111008,2.4447935,-3.364932,6.1030397,-1.570666,8.985978,1.9924548,4.358891,6.3106937,1.6042552,1.3365135,3.0659597,-2.2968476,1.7403862,1.6400268,3.6282306,2.505472,1.2155924,2.56437,11.139023,-5.583304,3.1952121,3.3604863,1.9835994,1.9931811,0.694146,-4.1943517,6.559866,1.1582495,-1.6135159,-4.187725,3.6255,-0.87599736,2.3921092,1.5845445,3.2752466,2.5253065,-3.3789499,3.3589933,-1.077783,2.8841612,-0.38781273,-1.3192244,6.2548113
77,0.4408019,5.2810163,4.5882015,-1.5113128,3.196434,-0.29653937,1.5874205,-1.8257226,3.682738,3.4671743,3.2313728,2.3696039,-0.6932992,-1.4572487,9.607322,-2.1637483,-1.4534754,3.9593272,3.874497,-0.55481714,0.43368775,0.3837989,-1.8307908,7.3836,4.9184575,2.741891,2.6847527,-1.7555964,6.771622,7.0652857,-3.2008986,-2.408478,3.433417,-2.9397304,3.959752,-5.563182,0.7779746,-3.0343702,0.8648958,1.7092748,0.27780193,5.947455,7.057942,5.8655214,-3.1200037,-3.9640322,-1.8736502,2.0671225,-0.3166189,2.937343,4.8690767,-1.7845998,2.102386,2.1571257,5.341414,-0.1962326,2.287572,1.04541,0.15863296,0.11209613,2.9267237,2.039272,3.9281993,6.632151,2.4147277,1.444519,1.569125,3.7187788,5.8799148,-2.1304648,0.056337457,0.45636252,2.3892558,3.0150855,0.43463656,0.6880921,3.3011703,3.867249,-0.8968773,5.2961,2.5776339,4.8497324,3.4544053,2.0739229,1.572594,-0.4249816,5.211851,0.41890877,-4.5862947,0.95164245,-1.7764174,-3.2783272,2.311617,2.702205,-0.18032151,-3.9083939,2.0740075,4.730729,3.2704523,3.9995205,2.1585503,0.0006867738,-0.85712963,4.704793,5.1110973,3.8641047,3.0981457,3.453459,1.7074298,3.7741137,-1.576373,2.8002985,4.044958,-0.5870168,3.9289806,-0.65806144,-2.4678361,1.6733714,0.43035918,0.10589439,-0.076372795,7.8391924,1.7660071,3.9072185,-2.0074933,4.5884686,3.4089012,0.031925756,-5.8142514,-4.615911,1.1486654,-2.5307095,2.2975585,2.2811983,0.6287133,4.142876,3.9112473,0.92942345,0.5252755,0.83656883,1.6232628,1.0833894,8.273637,7.0423164,-3.9982579,-3.2617576,2.306303,0.6766108,0.53190756,1.491242,3.8265824,4.317306,3.7472894,5.1074004,7.608512,9.419875,-0.12770511,0.8448362,-3.5624366,4.804307,-1.1569604,6.1972237,0.7051229,0.69321233,6.8572564,1.1185056,0.5243135,1.6820321,-4.1690106,-1.057206,-1.5385975,1.0501857,-1.1915244,-0.26423723,4.8721223,8.908813,-5.879566,0.6493574,1.3504468,0.8248324,-2.0122557,2.3474386,-3.4394546,7.783058,0.8298384,-0.90495074,-4.570682,2.5558376,0.91066986,1.0046188,-1.4935522,5.596873,-1.1646564,-3.224651,1.6639589,-3.8869956,3.060885,0.5574131,-2.0653937,5.0961037
78,-1.372219,1.9674437,2.6798472,-3.159754,3.7205768,-1.435349,-0.364395,-0.2565742,1.848077,0.4449276,0.20578896,0.13461576,-1.3757328,-1.3412683,7.596171,-2.0852058,-1.0567753,2.4478734,2.5246341,2.728673,0.6792787,-1.6873518,-1.2895666,3.805722,2.2887037,-1.1279211,-1.3506929,-0.99837357,1.5190874,4.4502287,-0.42858768,-2.2801294,0.33701003,-1.7702327,1.5607685,-5.2139883,-3.2911274,-5.86213,-1.3736299,-0.8605927,-0.74450415,4.2165766,4.2920647,3.6846166,-3.810053,-3.085889,-4.927729,-2.7359066,-3.8296998,2.669438,2.347703,-1.0035474,-1.836121,-2.6556559,3.1152894,0.34734604,-1.5054206,-0.32445356,-1.9623477,-2.6667435,0.40893513,0.76041514,0.07137837,2.0067022,-1.2469982,1.133302,-0.6389154,0.88515604,2.7082644,-3.4490943,-3.23803,-3.8928235,2.774508,1.3349651,-0.7730179,-3.6968324,0.63345736,0.30107465,-2.2815843,2.2071173,0.7152684,2.1502566,1.2148998,1.2549063,-1.0027921,-1.9640634,2.640798,-0.1930212,-6.9110436,-1.488232,-2.029497,-3.2326849,1.7536365,1.5338523,-0.013627452,-4.7462406,-0.7903086,2.960608,1.2260475,0.04560675,2.4805925,-0.31247798,-1.8674392,-0.32121202,3.9792876,4.2581735,-0.4247735,-0.058402583,-0.9765898,3.6738117,-2.2016878,1.6421206,5.837456,-1.013947,-0.27163094,-0.7013399,-2.9436362,2.881859,-4.283119,-2.3608513,-2.7720046,5.074212,-1.7208246,0.46068197,-3.0504699,1.8972094,2.8057156,-0.04309648,-6.4403234,-4.390711,-1.6678637,-2.1621478,-1.6391718,-0.62905806,0.25634798,0.5424761,1.6302335,-0.94045216,-2.6846585,-4.552807,-2.9884522,-2.7837968,2.4593847,4.4276214,-5.558168,-3.933049,-0.582529,-0.31269524,1.3678366,-2.8974931,1.9189304,2.3247943,-0.31345877,2.693101,6.323678,7.0527763,-0.21595117,0.31280914,-3.4936993,3.3312643,-4.257022,2.6339853,-2.1709921,1.655372,2.8700745,-3.5734394,-3.4462543,1.7822444,-4.007053,-3.357519,-2.2949862,-2.7042131,-3.852402,-1.2823112,2.2416632,4.3611603,-4.8940473,1.3400438,-0.072773956,0.6311479,-2.8021147,-1.1142842,-4.973275,4.0215974,0.5977579,-1.9069165,-2.3360338,-0.08347178,-0.7958153,-2.738066,-1.6770601,3.348622,-2.2599533,-4.269001,-1.2377827,-2.1384103,1.1110219,-0.19813094,-3.1237757,3.1465893
79,1.089715,2.5924163,1.8640908,-2.279025,4.976369,-0.8917551,-1.5488772,-2.377383,2.8673327,1.2374945,1.5392015,-0.12172717,-0.47552332,-0.0043919478,9.255155,-2.7709725,1.174239,3.9822633,3.7350929,2.622094,1.7573088,0.6196719,-1.2990067,4.4202347,2.0272248,1.9325492,2.1635299,1.1768086,2.5410173,4.7874503,-1.7029288,-0.4265213,1.2691916,-2.6938035,2.518651,-6.9455023,-2.216277,-3.6330652,-1.8264927,-0.5923479,3.3297708,4.0557017,5.728187,4.7684293,-4.030343,-2.809161,-6.9341183,-3.9540656,-4.307212,4.22259,2.7338715,-0.8922342,0.08899929,-2.7643657,4.3565035,-0.07567486,-0.14059438,-2.3798723,-0.7681866,-3.1601725,0.0076017645,1.1257247,0.34985965,4.1139064,2.1169097,2.8477886,-1.0534732,0.66862524,2.4950774,-1.1593399,-1.8690027,-2.0940568,0.5997939,1.371013,1.2801747,-2.4053395,1.6806563,1.2675499,-2.7742035,2.275161,4.1010103,2.946168,0.8145092,2.8451483,-3.4810567,0.062214475,5.0250554,1.8553977,-4.856499,1.4763248,0.55754644,-0.5186581,1.7395829,3.7691526,-0.61344355,-5.6134286,0.011869796,3.0919495,2.482767,1.4054048,3.3773232,-1.5345669,-2.068479,1.0598329,3.9115481,4.3385215,0.62911826,1.0837507,1.0047426,3.7715166,0.029823279,0.55039656,7.4532914,0.039413203,1.9985256,-1.6402826,-2.82825,0.79497683,-4.5403724,0.45562527,-0.042814776,5.1999235,-1.0519474,1.3392009,-2.4408786,1.2842436,1.202722,0.52780175,-9.04957,-1.509092,-1.0242175,-0.675063,-2.1981344,-2.9619775,2.017467,1.8581501,3.3736584,3.277208,-2.3372262,-4.0921044,-2.7616901,-0.4399271,2.1116626,5.803081,-4.4055696,-3.4597156,-2.9108138,1.0530933,3.1935053,-1.7064971,1.0602081,1.0434419,0.229675,3.5796216,6.42964,6.8954835,-0.90490586,-0.32938212,1.0627068,4.247313,-4.3499565,3.9409115,-2.569868,0.96245044,4.429138,-4.261318,-4.19096,1.8122488,-4.748522,-3.9618306,0.52602684,-3.2774415,-2.9909196,-1.4393755,3.47554,4.895765,-3.8751101,2.4844663,-1.4402262,1.7195749,-2.6089878,-0.87859493,-7.600445,5.268159,0.49233085,0.77951384,-1.5973961,0.7118328,2.796575,-0.9205512,0.6272784,4.7059355,-0.19575804,-2.98329,0.14121002,0.577046,1.3038377,-1.3216275,-2.9718328,2.6715415
80,-3.6879797,-2.3307412,-1.2799625,-3.6154866,1.6225067,-0.0063059055,-0.37472016,-2.3339212,-1.3299733,-2.6490498,-3.1841242,-1.3209131,-2.7470002,-2.1685264,0.324766,-5.8400803,12.921846,-0.009964107,-2.537715,0.34403598,10.2368355,1.4453106,2.2316282,-0.9617808,-2.396952,1.5799303,-1.1532043,-3.0270145,-4.905551,-2.3800595,-5.7248154,1.0058644,-4.43468,2.3125062,-1.204057,-3.6391943,-1.9657195,1.2182465,-0.11780266,0.6190557,-1.6516604,-1.3138622,-1.5848501,-1.3231611,-2.711784,1.11392,3.1428835,0.3318123,0.5208792,-3.9324632,1.1157159,4.182527,-3.5265806,-3.6902893,-3.5642548,-3.6528447,-1.7982128,-1.7937895,-0.086265214,-3.435261,-0.8295178,-1.8839295,-0.37727454,-2.606196,-1.4074076,-0.8313887,-0.94422513,-2.2371888,-2.494156,-0.6786579,-1.2780187,-1.2371557,-3.2228703,-3.246602,-2.087126,-0.81502336,-4.864141,-3.060671,-4.373246,-1.3759916,0.14376761,-2.4417825,-2.5004098,-3.9401119,-4.8218303,-0.97858083,-0.74633205,-2.5722053,5.2237267,-2.6527293,-1.588409,1.2888355,-3.4118237,0.7939509,-4.4599266,-3.3361657,-1.5326351,-1.8620213,-0.08398154,-4.478009,-0.097880505,-3.1100636,0.76674575,-3.7177563,-0.7061274,-1.1496347,9.984254,10.025873,2.307542,2.8479128,11.117111,-0.94894785,-4.040308,-4.7061234,-4.640616,-2.274846,-1.3832946,-1.0412045,-1.0254816,-5.0239944,-6.089602,2.2875826,-4.1426373,-4.7800283,-2.8553877,-1.8568211,2.3371987,-6.0078955,0.078722514,2.50755,-0.55021304,1.5563915,-0.43452623,-4.639803,-4.730452,-3.3927832,1.5871054,-3.5972805,-0.39448258,-2.6025329,-2.8252435,-1.9595176,-3.3125732,-1.2205594,4.0828743,-0.1513678,-4.682323,-5.6104875,-1.0068257,-3.278533,-1.2642978,-0.8486077,0.40164405,-2.4890406,-1.276006,-2.5936134,-2.190789,-3.7767134,1.8438693,-2.2752726,2.208157,1.2602761,0.47901386,-4.3643627,-4.3481297,-0.89566255,-0.10526716,-5.185854,-3.1810975,-5.481079,0.4759035,-5.141671,0.63401216,-4.5345116,-3.2151296,0.43959966,-5.9621396,0.8684624,0.93225676,-6.003926,-3.136705,0.4354425,-5.2314267,-3.773784,-3.165215,-8.102886,-3.7949913,-3.668045,-4.848778,5.818241,2.2914288,-4.0033174,-2.7410812,-3.9551008,-3.4822545,1.5995814,-2.4332075,-1.7064344,-1.6163144,1.3035734
81,-0.9174395,0.27928174,1.2033008,0.6598785,3.7905662,0.5369461,-1.6543081,2.0312595,2.644855,0.08853735,0.8539223,0.71851057,-0.5453794,0.7847622,-0.21623288,2.0438838,-5.7196503,4.257795,6.1242685,-2.8856535,-3.7559745,0.63502467,-0.07104811,2.5676444,3.8907251,-0.48935768,-1.6384548,-2.2327695,0.1236111,0.19733989,-1.1755805,-3.398641,-1.1825613,-0.4639488,1.5976562,-2.2213213,-0.0888426,-3.5351503,-2.050493,-2.642592,-4.184247,0.85698056,0.6995509,0.682011,2.2414837,-0.20452933,-0.6977871,0.34172523,-0.22066532,-0.5854975,0.33049408,-0.91674155,-1.0326005,1.0243376,4.9244456,4.1865597,1.4403762,-2.524466,-0.9648243,0.3254945,1.4227356,1.4737837,1.2000439,0.24159868,-1.7085935,1.2008423,-1.9025892,-0.118954934,0.24168739,-4.1463146,-2.0538015,-2.4669924,1.7640287,-1.2218026,-0.41697162,-0.9962265,-1.3132577,-0.7480878,0.66665685,1.0200186,-2.4895108,1.5144309,1.2402548,0.29898584,1.4567996,-1.405372,0.6041918,-0.07273336,-4.889304,-4.523482,-2.1952674,-1.7776829,3.1299627,1.8315191,2.156827,-3.3457322,0.4944986,-1.1239235,-0.7929185,-2.8151612,0.7473719,2.4544373,-1.8931034,1.3513154,1.9690789,2.8531744,-4.3629007,-4.3556023,2.291341,-0.47155136,-3.706959,0.48612857,0.40187865,-0.16846947,3.3933542,0.88538235,-4.703296,3.8100648,-0.6584221,-0.7182154,-0.95278597,-0.12783423,-2.5965443,-3.0844162,-2.2791002,1.1810101,0.6232319,1.4217972,-5.5475335,-2.191675,-3.500304,0.33013245,0.45080414,1.1838611,0.82831395,-3.962041,0.8091967,-4.0209,-1.7705686,-2.164338,-1.7080545,-0.85734564,0.75967747,1.8887378,-4.3317804,-0.45977712,1.1795458,0.13644281,-1.3703834,-1.9892447,0.655497,-0.14441757,1.654072,1.8264258,1.1409464,1.3140669,-3.5173724,1.8510188,-2.0301921,6.212759,-4.514637,-1.5092676,0.57533866,3.6839108,2.269522,-0.6318976,-0.60614944,-0.98819226,-1.3085239,0.94106305,-2.7333949,0.78737324,-3.163912,-0.03514174,1.8107712,-0.5986551,-0.24930061,0.40847847,2.2655716,2.1298988,0.9255317,-0.76527554,-0.13028449,1.1910172,2.4107432,-3.5321932,-1.7087251,0.91810983,-2.155755,-3.1030822,-2.8895326,0.00023092955,-0.63796854,1.4284389,1.3571094,-0.15469621,3.0508094,2.5433338,2.6652155,1.304151
82,-7.2651114,-10.260776,-6.0425215,3.88161,2.026779,0.13190429,-1.797967,5.1547785,-5.0891137,-6.0134277,-6.736049,-3.657573,-0.77641284,-2.3061557,-5.576775,-12.99489,2.8930252,-0.7489323,-3.808708,19.622362,1.2118915,-0.6210163,-3.4524062,-4.862952,-5.7504272,-6.913872,-8.497326,-6.2780046,-11.647572,-7.163157,8.073221,-16.52684,-5.563385,7.9542975,-5.139666,-3.5878513,-8.437698,-3.6333065,-6.8545384,-5.6892595,-5.215384,-7.5175104,-7.143078,-6.331181,-2.2774284,5.127384,-2.1747751,-5.6559567,-7.1636744,-6.8079233,-5.3869624,6.5314918,-17.627531,-20.789982,-4.4414597,0.6886506,-0.5627304,-0.7061963,-6.978632,-17.593126,-2.2257202,-4.1447964,-11.719459,-8.932033,-9.5828,1.9688387,-7.377856,-1.7434206,-7.730963,-1.0358814,-6.4990354,-8.683417,-0.17077076,-8.38229,-8.583251,-7.5123887,-11.527779,-7.8446436,0.70887846,-6.2258162,-9.557488,-9.365051,-9.151206,-4.7445874,-4.6197467,2.432231,-5.2614427,-3.6215935,-14.219803,-9.117599,-2.0010118,-4.326276,-5.4218097,0.023939358,0.5098397,-2.0959582,-4.9077196,-8.218867,-2.929548,-11.388057,-6.8428106,-2.6112878,-3.5176663,-6.9036202,0.24381606,4.81638,-4.3195033,-4.2801294,-1.711776,1.6354283,0.91490835,-3.5279772,-6.011192,-1.9718083,-16.593208,-12.781636,-7.647532,-0.07214654,-7.8665123,-3.742439,-3.7153726,-6.113549,-14.4328785,-10.909115,-4.217702,-8.417489,1.8975625,-4.9237967,-4.0921926,-0.8164845,-2.374917,-4.5283346,-16.845364,-6.5766954,-3.775737,-12.881576,-5.776452,-6.9551067,-6.4725423,-11.281094,-11.585885,-9.252858,-10.224809,0.61461264,-2.4007854,-0.38887644,-6.7090383,-2.9237404,-1.476592,-10.795653,-4.198155,-4.513606,-5.2326765,-9.624591,-1.3141336,-1.8319196,-8.862517,-7.8393903,-11.507281,0.03064535,-3.7122035,-6.8065944,-0.54881185,-6.278594,-4.162409,-9.067289,-8.369654,-11.704641,-1.8406196,-13.982707,4.3729067,-17.629854,-4.8846903,-5.9803176,-6.581073,-9.173065,-1.1505468,-2.1391234,3.5750976,-3.6261525,-11.967154,-1.0686584,-2.5597024,-7.58502,-6.311912,-9.899843,6.488544,-14.517756,-10.971853,1.6894287,-4.4552846,-10.169458,-3.5580437,2.3967514,-6.3087215,-4.554203,-5.3116217,0.19764198,-2.8636892,-6.587602
83,1.6426641,0.24207832,-1.7165954,-2.5301137,0.2946111,1.0963546,-0.7388864,-0.80800307,-2.476852,1.4857215,-1.8029159,2.8683133,2.135723,-1.58012,-1.1359818,-3.5268905,2.6262674,2.2878644,0.5475389,-2.5122104,1.1382835,7.634976,8.736278,1.2122406,1.5328829,-0.52317977,-3.33496,3.2032468,-2.1000772,0.6193345,-2.0481544,-2.2060921,-2.3929052,-0.03507544,0.11932546,-5.899731,-0.15903449,-1.2427312,0.12011021,-2.5705957,-2.4627657,-1.4301217,-1.2759684,-1.0933765,1.5667124,2.375103,1.3798238,3.7020247,3.2419858,2.5586326,2.4220622,0.69057083,1.8055108,-0.32658046,-1.2471052,0.2420182,-0.80536497,-3.0502412,4.5923853,-1.3006694,0.7864974,1.2127305,2.975577,-0.47009578,0.552727,-1.5440493,-1.1389709,1.2650073,-0.17965533,2.603988,-3.6581626,-4.11849,1.5523214,-0.5301364,0.34878373,-1.3470948,-5.5352664,-1.5953851,1.6632856,-1.6293516,-4.905919,-2.9058228,-2.1868687,-2.499741,0.5332265,0.47886202,2.4094975,-1.4003544,-0.6468695,1.2570484,-3.190953,-4.0942717,-3.2783728,3.6088116,0.95882714,-5.7342997,-1.1757394,-2.776064,-0.7230839,-1.573287,-0.45112535,1.7531022,3.2548401,3.0009384,5.040612,1.9924581,-0.5764472,-0.64618576,4.838325,4.2690463,2.7696705,-0.44681478,-1.8233595,2.029136,-2.2936478,0.21606381,-1.0713853,0.25576317,3.9859805,1.3806586,1.7182146,1.3940583,-1.7342751,-1.317093,-1.7871104,-0.77876234,1.3330878,0.44433105,-4.3037624,-0.8260447,0.9069664,-1.2627901,1.2489513,0.44019157,-2.15341,0.7639662,2.885451,0.08940291,-1.2228031,0.26391453,0.2714756,-0.557468,3.3770158,0.77288735,3.4600303,2.6898913,0.45788735,-3.1460555,-1.0340393,3.3752177,-2.1217399,-4.1509,5.9881225,-2.6250343,3.4186878,4.8864207,0.7662763,-3.0323145,-2.911533,1.7097398,0.0134074,2.5142868,1.1651801,0.8735633,-1.1462871,1.4117855,1.2223749,0.6477739,-4.7269597,-2.2489693,2.2423906,-1.8776999,5.3927584,-2.6226315,-2.2065923,-1.6732541,-2.532457,3.2850327,0.89180976,-2.479681,-0.5865683,-0.08086216,1.75687,-2.1173165,-2.2131982,-0.7242859,-3.7339153,-2.3855007,-1.4718758,1.1785656,-6.315688,-3.5482974,1.6700982,1.3312322,2.233184,-0.06511093,-2.4984114,1.6314702,1.3314638,0.8404832
84,1.881546,0.5841767,-1.4485713,-2.8416646,0.024734264,1.6471329,-0.5154616,0.2801777,-3.1788585,1.7224045,-1.9523518,3.3804646,2.1965141,-1.9137354,-1.2046489,-3.4190881,3.1107228,2.5482242,0.41506436,-1.8056616,1.6532198,7.42567,8.991213,1.454465,1.4081838,-0.14074135,-3.3010886,3.2949393,-1.6110777,1.1012506,-2.0596154,-2.4434886,-1.9074892,0.8809436,0.27243766,-4.823702,-0.76581144,-1.4002107,0.25536826,-2.567724,-2.521922,-1.5129572,-1.328491,-0.9605168,1.6602656,2.8548677,2.2486835,4.179969,3.7989125,2.9280267,2.5830135,1.5859005,1.2932377,-0.52337784,-1.2796543,0.110131994,-0.9137943,-2.9464748,4.665017,-0.95174545,0.92771024,0.90392864,3.213382,0.1850027,0.06619279,-1.5089468,-0.74950975,1.6756444,-0.41954926,2.3397858,-3.6640344,-4.3565736,2.1138163,-0.5593119,0.15979865,-1.293135,-5.914294,-1.121772,2.0043364,-1.7030349,-6.014191,-3.4857597,-2.5175195,-1.6959245,0.9170839,0.33299765,1.6554055,-1.5403316,-1.1193972,1.1226327,-3.0798357,-4.355537,-3.7780905,3.457208,1.399247,-4.903418,-1.0197234,-2.7818205,-0.61001104,-1.5724521,-0.50255287,1.8214217,3.210876,2.9646773,5.7620087,2.4781342,0.2358808,0.15686746,4.4998503,4.928751,3.1317022,0.042636488,-2.7447915,2.4623652,-3.5121202,0.5036036,-1.6599443,0.476993,4.507906,1.0221897,1.376852,1.5810064,-2.3307414,-1.4069498,-1.7499613,-0.9605205,2.3445587,0.3989659,-4.3003206,-0.8301282,1.5361243,-0.96726924,1.5698628,0.7923834,-1.9646297,0.5684564,2.4675908,0.07289077,-1.398545,-0.1578008,-0.110790186,-1.0821332,3.9632523,0.8585375,3.0757642,3.207007,0.8064894,-3.3254497,-1.1157027,2.7813659,-1.8054919,-3.8527024,5.877204,-3.1916878,3.75018,5.059234,0.5089176,-3.692946,-3.5708776,1.7048622,0.8494741,3.0189235,1.5226523,0.44444168,-2.331469,1.9565898,1.7462908,0.46429268,-3.7516963,-1.9439114,2.4194405,-1.7313266,5.24587,-2.2301528,-2.3751,-1.6033362,-2.8069887,3.6308143,1.4497898,-2.501224,-0.7735916,-0.051614657,2.4467008,-2.537566,-2.690691,-0.44694465,-3.8272617,-3.0536983,-2.0564206,1.9552478,-6.615501,-4.212916,1.0035357,1.4871986,1.8552783,-0.40683022,-3.1503763,1.7805111,1.4982318,1.1908996
85,1.1506377,-0.43009526,-2.3693461,-4.472728,-1.3334644,1.9040215,-0.4821145,-0.7179706,-4.4764605,0.59539676,-2.387486,1.7478551,2.4011514,-1.3134183,-1.897889,-4.611215,2.763972,1.8801683,0.4040916,-2.1735218,0.9442675,6.995505,8.562914,-0.12884805,0.020949585,-0.4582498,-3.4570851,1.213158,-2.1584725,0.1992428,-1.5438359,-2.2860937,-2.18482,1.5956936,-0.34563026,-4.292043,-2.0938497,-2.8980687,0.16016857,-2.3537931,-2.3662598,-2.031643,-2.1008735,-1.8845057,2.179787,2.1521804,2.1825106,3.6909707,3.4071841,1.7272937,1.7796179,2.4488084,0.12346192,-2.1516585,-2.059359,-1.0185835,-2.5475526,-2.7368858,4.935209,-1.9613205,0.017128805,-0.1700564,2.3883631,-0.5620432,-0.5790121,-1.7063751,-0.93501806,-0.066694066,-1.5322697,1.9005779,-4.346821,-4.8901763,1.309414,-2.4644225,-0.2881419,-2.5142832,-6.2758727,-1.4960207,1.4388592,-2.944635,-5.858807,-4.180392,-3.6174445,-1.3359092,-0.6916532,0.4127562,-0.57247186,-2.496957,-1.7908514,0.5264397,-3.4635994,-4.886524,-4.44785,2.0871818,-0.11115463,-4.2405357,-1.8909861,-3.3575525,0.081556894,-2.1948833,-0.38330945,0.66698277,3.1630077,1.2283763,4.3988876,1.5013018,0.80076367,0.7276071,3.1429927,4.622718,2.6216097,-1.1750638,-4.1267633,2.883764,-4.376782,0.6795964,-3.126836,-0.07542724,3.9129524,-0.192819,-0.07261003,0.71792996,-3.3729913,-2.3966932,-3.020648,-2.121155,2.179187,0.25297052,-5.218377,0.118552595,-0.014752591,-1.6311088,0.62579894,-0.6129926,-2.276943,-0.1498565,0.7764391,-0.7536019,-2.633686,-1.7789614,-1.5830816,-1.0405861,2.4483874,0.22567081,2.5208745,2.7627647,-0.5786339,-4.329586,-1.3920017,1.7715691,-2.8738341,-4.650586,3.0440834,-3.8713655,2.9090676,3.5067382,-0.80540085,-4.771781,-5.020511,1.2389491,-0.27516887,2.1143448,1.4919312,-0.68532276,-4.594808,2.27079,2.1025503,0.08627861,-3.0609806,-3.203096,2.2823935,-2.9231822,4.4312377,-2.8588035,-3.2228394,-2.3552785,-2.313181,2.903599,0.18622966,-2.725056,-0.6814744,-1.3521627,0.69184625,-3.7792594,-3.937822,-1.8370721,-2.6284206,-4.1491303,-2.7451036,1.8001097,-6.3855944,-5.3689713,-0.38440165,0.46790472,0.26866418,-0.07112218,-4.7553687,0.6132207,2.1896858,0.89832765
86,1.3105193,0.66939324,-2.294371,-2.2769358,-0.26001385,-0.18322636,-1.9629424,-1.6968914,-3.2080126,0.47023588,-3.032777,1.675559,0.3427909,-2.6621053,-0.6752413,-1.9011025,3.2003517,2.472623,0.6839354,-2.9687977,0.85980034,6.4294252,6.193983,-0.584724,0.45906135,0.37955382,-1.6600798,3.432391,-2.4984396,0.55641323,-4.050837,-1.6142275,-2.9351075,-0.40008754,0.3362358,-5.5534062,-0.9788651,-0.9012299,-1.0282621,-3.2803378,-1.3625392,-0.79493886,-0.8575781,-0.3560117,0.09232033,0.641011,-0.59736276,0.4182653,0.90680856,1.2209082,2.2424796,0.49233204,0.26053736,0.13184503,-1.0418905,-0.93188864,-1.1790966,-4.785154,3.5313,0.12704314,-2.4673114,-1.9826621,3.1796887,-1.3758843,0.3172508,-0.46231076,-1.4135171,0.7047275,-0.7448841,2.7596002,-3.529324,-3.7709503,0.016720949,-0.5094325,0.34085977,-1.7379017,-4.0457664,-2.3057644,0.0039746254,-1.5968771,-4.004396,-1.9089556,-1.376461,-1.3782575,-2.8443613,-0.17906119,2.1735055,-0.69097495,1.3540646,0.015110403,-1.2356899,-1.5378171,-2.607425,3.3657432,0.24894549,-5.768776,-2.1239157,-2.0446532,-1.6740272,-1.759553,0.86139154,-1.3532428,2.087035,1.5156381,4.6997933,1.6098101,-0.7355141,-0.82674706,2.4495754,3.072791,3.2502403,-0.3972454,-0.7551366,0.5618337,-2.110213,-0.9162734,-1.9511259,-0.48204234,0.7398812,-0.66250294,-0.55348676,0.35443902,-2.9500906,-1.7445939,-0.90606,-0.66048276,1.7364724,-0.5202203,-3.7504637,0.8557715,-2.5900145,-0.16118185,1.7577555,-2.9972212,-1.1311903,0.15282772,2.781805,0.39051545,-2.2317376,-1.4757892,-1.6312162,-1.9077433,1.6332059,0.06848396,3.8904295,2.6031117,-2.978245,-2.428465,-1.1519628,1.1949915,-2.7781365,-4.916099,3.5297387,-1.6761143,2.8799126,3.1765323,-0.4183965,-3.3078837,-0.36843494,1.5629189,-1.8695629,3.33855,-1.1887401,-0.26985443,-2.0717092,-1.3472497,-1.1806631,0.13732418,-3.9782724,-1.7116641,2.3129787,-0.86194456,4.4335628,-2.0111558,-1.706914,-2.2572095,-4.2023754,2.641801,-0.051060237,-1.8522836,-1.464423,-1.6077468,-0.4316726,-2.2070603,-1.5547559,-1.0233542,-4.7925396,-1.0502813,-1.0607972,1.6292983,-4.6542683,-2.5961704,0.86939436,0.55244017,1.1776699,0.28476298,-3.005511,-1.0637231,-0.0075087366,1.2764306
87,0.7005744,-0.045483876,-2.3831642,-2.2000418,-1.0637709,-0.34233126,-2.1682239,-0.61300325,-3.494429,0.50958705,-3.1905863,1.0824343,0.7786214,-2.4546876,-1.8742535,-0.5987775,2.545403,1.6210111,-0.08127363,-3.5131247,0.042977702,5.767501,6.9176826,-1.5321351,0.37335128,-0.07698131,-2.5656502,3.298393,-2.9348874,-0.3313889,-2.9707782,-1.3196453,-3.2090354,-0.5334567,-0.322271,-3.4118357,-2.3595316,-2.6192605,-0.57311326,-3.4526594,-2.801943,-1.0584362,-1.6348108,-0.9377554,0.8225612,0.6786568,-0.499007,0.19332649,1.0462819,0.75873435,1.5715759,0.03287504,-0.20737886,0.4272531,-1.7371637,-0.054784324,-1.862598,-4.1214557,3.0952482,0.7259936,-2.711104,-2.0914626,2.285031,-2.4820077,-1.256223,-1.3771849,-1.6494442,0.7208273,-1.3024424,2.9369612,-5.207503,-5.6264787,0.6605928,-0.17168668,-0.1140256,-3.3979023,-4.160479,-2.7398252,0.2583173,-1.9494054,-5.5399966,-2.3438349,-1.2991836,-2.0408785,-1.615741,-1.4361563,1.0968909,-0.9917804,0.77764785,-0.95768124,-2.4088118,-2.4316792,-2.1722293,2.3417518,0.47701052,-4.2373085,-2.9427493,-2.1101987,-2.6285138,-2.8389103,0.16484997,-0.6184325,2.1369302,1.070578,3.8486106,0.82904905,-1.8215305,-1.9644772,1.780162,1.9093461,2.713035,-0.16883203,-0.88330084,-2.5775546e-05,-2.8342426,-0.14702171,-2.2432601,0.16751923,0.7538323,-2.1349244,-1.9868841,-0.44875947,-3.3053482,-2.7061934,-1.5866249,-0.6555395,1.3096164,-0.6207745,-2.4946241,0.22308028,-3.4665887,-0.9031992,1.7942104,-1.8615386,-1.5148197,-0.96751034,1.8198469,-1.3050923,-3.2083454,-2.3645535,-2.3028977,-2.8421278,0.9267702,-1.6994221,3.337799,2.2845755,-1.8444028,-3.304671,-2.0313473,0.8667884,-2.8798184,-5.044396,3.2843359,-2.1216846,1.3982096,1.585852,-0.539558,-2.6772718,-2.135072,0.5574967,-0.9650863,1.8310611,-1.6103674,0.66886306,-2.569092,-1.4507085,-1.2071973,0.1439033,-2.3107216,-0.92133325,1.0170482,-0.2907515,4.370695,-1.5450737,-2.5512285,-3.9095008,-2.9195776,1.6091123,-0.4609771,-2.0496564,-0.60926324,-2.9683943,0.10741208,-2.8877995,-0.8645379,-1.8936393,-3.89101,-1.0211624,-1.5657907,0.13059032,-5.765473,-2.9986746,0.30870196,-0.31815958,0.3324319,0.8099229,-2.866013,-0.7808815,0.2559992,0.7431864
88,1.1226759,-3.0356495,-4.04586,-6.3121243,-2.6159043,-1.3758008,-4.7950287,-1.6505195,-5.9879923,0.07728997,-3.4822488,0.13497034,2.1980066,-2.5363877,-3.7918003,-3.7401445,2.5736306,1.1270822,-0.16659562,-4.4462247,-1.2040168,5.6899686,6.9843936,-2.6276627,-1.3670957,-0.8829714,-3.3947487,1.9419755,-3.9668486,-2.7653086,-2.6006417,-5.389713,-2.6964684,-0.5215857,-1.1337944,-5.1254115,-5.1291375,-6.4201035,-1.6249934,-4.3490944,-2.2036448,-3.158864,-3.399942,-3.1394408,0.86260915,1.5233425,-0.93218255,-1.2843924,-0.9536908,1.8185225,-0.15699156,0.6208696,-2.4385664,-4.2255087,-3.2500257,-2.4661367,-3.7272134,-5.976271,3.4617918,-2.6234286,-2.0697124,-1.0688875,-0.68386906,-2.494424,-0.19551374,-0.102895916,-1.7503474,-1.5511076,-3.4044545,0.1528276,-6.0733666,-6.3239236,-0.17442784,-4.041469,0.34793156,-6.416853,-5.398512,-2.662161,-0.5772514,-3.982377,-6.45894,-4.3472867,-4.169021,0.0051572113,-2.7348044,0.12442936,-2.2357798,-0.40479222,-2.3133466,0.58021957,-0.6562504,-1.2215955,-4.065346,1.527017,-1.6635281,-5.162285,-4.5237174,-3.5359771,-1.1213427,-3.6252759,-0.9818044,-1.231308,3.1545327,-0.37526095,1.719609,-0.89710164,-1.5366416,-1.5649304,1.2734812,1.9723876,2.5167587,-2.5302632,-3.5231397,1.4094032,-4.606132,-1.1404369,-5.8761806,-1.0686277,-1.2085211,-0.92628735,-0.6302817,-1.705487,-4.65368,-3.882307,-0.41539592,-3.3244817,0.43152368,0.32278457,-5.2176757,-0.029011646,-1.7491271,-1.385769,-2.188025,-2.3821337,0.3552909,-3.4869938,-1.0901973,-1.3565173,-4.186789,-3.5832527,-3.1912096,-1.407652,-0.42139682,-1.3987613,2.5523353,3.7002301,-2.3788579,-2.108274,-0.20907247,-1.5372051,-4.2208967,-5.9604726,0.13822225,-4.0931234,-0.23902303,-0.21304901,-3.5776634,-5.315175,-3.6503947,0.048795506,-0.56550914,-1.0662085,-2.5994425,-2.2746835,-6.121049,-2.6607156,-2.5177584,-1.0946338,-3.5920987,-3.4089105,1.7095008,-4.0902357,3.6831012,-2.5429337,-3.9886568,-5.012199,-1.8120264,0.9749228,-2.1998758,-0.55158085,-1.0983015,-4.1301265,-0.69829047,-5.053221,-3.5704157,-1.8865438,-2.9321394,-4.462236,-1.5116516,1.2229993,-8.760321,-5.9136357,-2.3716013,-0.2676951,-2.0768745,1.4614629,-6.1295094,-1.0454209,0.28395095,-0.72409284
89,2.734958,1.3182155,-1.8476971,-0.88761884,1.3331032,1.7214103,-0.20019157,-0.7885858,-1.6717721,2.467596,-1.4406602,3.64788,2.413026,-1.4915076,-0.33751047,-3.156147,3.4393616,2.737567,1.1162363,-2.008949,1.8576164,9.198611,9.407654,2.260766,2.3048368,0.36737874,-2.0448406,4.3732157,-1.1119227,1.5150756,-2.4942794,-1.4945506,-1.3368734,-0.088868596,1.1551833,-6.398442,1.3736814,0.39012238,0.57558167,-1.9517225,-1.4894557,-1.1692241,-0.53989303,-0.41343585,1.5846423,2.7786586,1.9077678,4.4943733,3.9342117,3.2027168,3.200391,0.7184089,2.8580592,0.98350805,-0.44560516,0.8876452,0.2523964,-3.061269,5.688802,-0.6332262,1.1997308,1.5429894,4.2955613,0.8217447,1.7632916,-0.60136,-0.98956096,2.0841777,0.10250771,4.24815,-2.662414,-2.941775,2.2167914,0.1942649,0.95891786,0.16899522,-4.7662845,-0.5613962,2.2444198,-1.256715,-3.435689,-2.507865,-2.023465,-2.0774343,1.2596675,1.3867006,4.1324663,-0.26219794,0.49008742,2.2098384,-2.6149375,-3.5699427,-3.2679465,4.745283,1.9236417,-5.883809,0.06769996,-2.0949645,-0.3506556,-0.12901214,0.31379056,1.8160084,3.252455,4.508582,6.0718174,3.0588522,0.24272685,0.18315732,6.2121015,5.3063664,3.7181847,-0.33369222,-1.298811,2.5134037,-1.5808142,0.50755394,0.101777665,0.28554174,4.971359,2.499546,2.7753851,1.782733,-0.9000894,0.09105562,-1.1111143,-0.5147481,2.016222,0.5827199,-4.3236694,0.051922087,1.8070004,-0.5061978,2.0087976,1.0970709,-1.7655156,1.7480302,4.4334702,1.4112664,-0.15380646,1.5688047,1.4183538,0.32596767,4.3576703,1.5253421,4.2852836,2.9933577,1.1158364,-2.2811887,-0.0097144,5.3045216,-2.149606,-4.4470987,7.4688973,-2.2092392,4.861195,6.6233783,1.8808328,-2.5414212,-1.7820455,2.5492687,0.34412253,4.0541515,1.8324884,1.4886801,0.1496519,1.9958246,1.744378,1.2481277,-4.8723025,-1.5072207,3.5307958,-0.94555306,6.5048647,-2.0734046,-1.7602831,-0.17342122,-2.7271936,4.4747634,1.8284242,-2.2305331,0.12288857,1.2501433,2.2255964,-1.3377398,-2.0082188,0.17952575,-4.0369353,-1.5069035,-0.85575926,1.8392091,-4.983559,-3.05945,3.5239892,2.1772387,3.7060285,0.3801903,-1.7666233,1.756359,1.418427,1.1460584
90,-0.97754,-2.0353057,-2.517861,-2.359274,-0.5676495,-0.58037806,-2.087715,-1.1836665,-2.7018752,-0.33914986,-2.517399,0.08077461,1.7382665,-1.4027399,-2.9525678,-2.1994326,0.08467666,0.6033083,0.10393947,-3.6854234,-1.5345407,5.1989803,7.1131234,-1.2596265,0.74682164,-1.884682,-4.5237737,0.99742764,-3.6676755,-1.892285,-1.0631351,-2.6837656,-3.638108,-0.90193194,-1.1752906,-4.354149,-2.62523,-3.9813156,-0.68000585,-3.4672465,-5.042093,-1.9258689,-2.5598137,-2.205139,1.4210387,0.8623235,0.030985331,0.5904516,0.78766143,0.108191855,0.4091493,-0.60881793,-0.6899442,-1.2979239,-1.9323212,0.67585355,-2.572676,-3.130507,2.6286077,-1.865448,-1.3012736,-0.24757265,0.32811016,-3.2996569,-2.1087608,-2.6078212,-2.190304,-0.44213772,-1.5141175,1.8696328,-6.560632,-7.006608,1.0005319,-1.4107035,-0.99558973,-4.2170873,-5.2706704,-3.096797,0.43659776,-2.207767,-5.7703695,-2.769798,-1.8488642,-3.7902913,0.005062862,-1.7201623,0.20095228,-2.0332284,-2.290595,-1.4816172,-4.8574,-4.861947,-1.9913782,1.3455672,0.0058140703,-4.7997565,-3.4586399,-3.3038135,-2.1838577,-4.0093603,-0.9716342,0.8516256,2.021777,0.16255419,2.0822952,0.37776858,-3.6541924,-3.770018,2.359738,1.0192939,0.6365697,-1.046363,-1.430097,-0.17572859,-2.6230512,0.09924094,-2.7210517,0.84462243,0.7698734,-1.9118654,-1.803631,-0.71621215,-3.497264,-3.823958,-3.519164,-1.1787376,-0.027075395,-0.30731434,-3.26149,-1.9939935,-3.3018317,-2.708226,-0.5180368,-0.2830563,-2.897465,-1.7721659,0.70671725,-3.5554113,-3.8754184,-2.5291386,-1.9464048,-2.3593552,-0.19717067,-1.71531,1.6522977,0.68292713,-0.25855973,-4.585942,-2.3076723,0.42286164,-3.070686,-4.759371,3.2556074,-2.5073013,0.42972735,1.1114401,-1.0603087,-1.9218854,-4.6464305,0.57540965,-2.0035324,-0.9620017,-1.2115785,1.2951719,-2.0901697,-1.197647,-1.0579911,-0.4599506,-3.3090336,-2.56096,-0.720302,-2.2990105,3.3645613,-2.523553,-2.9875522,-4.625443,-1.5673383,1.0340155,-0.40696847,-2.8017101,-0.8330916,-3.1836634,-0.20923932,-3.099764,-1.0318148,-4.3663883,-2.403736,-2.3127394,-2.3535025,-2.10629,-6.5739355,-3.7238562,-0.3281844,-1.0955505,-0.43288416,0.43867376,-2.2767317,0.45851803,0.70433265,-0.4930539
91,0.1321426,-2.219899,-2.9567635,-2.9823055,-1.1004426,-0.15596622,-2.4975698,-0.5177248,-3.5064805,0.4823854,-2.670412,0.23320578,2.8134832,-1.2477269,-2.9791825,-2.1285777,0.72789514,1.0632837,0.42701238,-3.9133844,-1.3459101,6.0165763,7.9753914,-1.5027725,0.42386797,-1.0227355,-3.4417388,1.6477904,-2.770877,-1.9775734,-0.5951833,-1.9829675,-2.6458745,-0.32247773,-0.821264,-3.6496053,-2.6705825,-4.2639394,-0.5151736,-3.6104307,-3.7508411,-2.1859643,-2.5810876,-2.2369342,2.0722568,1.6032237,1.0911591,0.936944,1.1972841,0.8287763,0.47011304,0.08807595,-0.94563776,-1.1566368,-1.9386619,0.6012391,-2.5761783,-3.3167927,2.8611362,-1.4572138,-1.3624812,-0.33233213,0.6304668,-2.204158,-1.3011286,-1.7477561,-1.9075185,-0.31627375,-2.0604057,2.307769,-6.1989865,-6.647673,1.201521,-1.5574409,-0.33620885,-4.0658026,-4.971497,-2.094443,0.18406758,-2.61725,-5.635021,-3.2341294,-2.550064,-2.1142988,0.1750204,-0.96048665,-0.29246095,-1.5857986,-1.8942049,-0.9304126,-3.4048555,-3.7388394,-2.573799,1.411898,0.48687544,-4.2659216,-3.2822745,-2.947373,-2.1341102,-3.2906432,-0.48428646,0.7542653,2.2355924,0.5340912,2.4437995,0.17110415,-2.8139029,-2.9201896,2.5364983,1.5919033,1.2159419,-1.341631,-1.7465212,0.9948973,-3.0770829,0.36714405,-3.3301234,0.71588063,1.115829,-0.92228425,-0.81317747,-0.8177253,-3.8532493,-3.1729033,-2.920511,-1.711508,0.60565656,0.21418092,-3.3247528,-1.0089803,-2.9684622,-1.8516994,-0.558321,0.051190842,-1.8635597,-2.125495,0.40964812,-2.4634984,-3.515319,-2.8946211,-2.1840796,-1.9210179,0.61424774,-1.4594599,1.7090973,1.6857039,0.07583106,-3.8524668,-1.4310322,1.0325483,-3.3418303,-5.1353993,3.1020973,-2.966469,0.9302345,1.5648874,-1.4884363,-2.585213,-4.153815,0.905493,-0.5802394,-0.8860463,-0.99338204,1.0594517,-2.8817568,-0.69599825,-0.5792906,-0.06966341,-2.6023843,-2.3738365,0.15553777,-1.9668576,3.4705,-2.0985575,-3.3480783,-4.3008533,-0.44689667,1.7006133,-0.6384116,-2.1014192,-0.13998207,-2.7989314,0.4916209,-3.3946831,-1.5317311,-3.4142797,-1.4122866,-2.6004794,-1.8033134,-1.2904,-6.426275,-4.0097184,-0.06385042,-0.42174456,-0.4587236,1.3569192,-2.9960518,0.32109717,1.1989174,-0.55719227
92,0.7213894,7.4055066,4.30359,-0.061985165,5.7670226,5.0277367,4.5185466,1.9440365,4.604687,3.9683428,3.6972125,3.9494722,-0.45156384,0.18617553,7.051363,0.7947839,-0.7576736,2.8567958,4.4202595,0.27710298,1.346242,1.943355,1.6874976,10.990996,7.5510173,3.5180483,1.5953861,-3.533554,6.1253114,7.7541018,-2.5351803,-0.9056807,3.8063993,-0.3639727,4.862678,-1.9951278,1.695647,-1.6871907,1.7216735,2.963823,-2.2168083,4.971245,5.651515,4.68004,0.5621715,-2.0614018,0.4721505,6.497643,4.336635,2.6400626,4.233439,0.1766901,2.7980182,4.539517,5.7833877,2.4775596,1.6149602,2.7701883,5.6308537,2.4458835,6.314761,3.670034,6.216861,6.373213,0.7437407,1.7731174,0.9829399,1.9909668,3.1244564,-2.9016564,-1.8462739,-1.3615103,6.262828,1.0063705,1.5500188,0.84859604,1.9732203,4.074511,2.432946,3.575646,2.6427166,2.737421,2.0677567,1.5352459,5.3084254,-1.2703508,6.080901,1.6577742,-4.3101153,-0.38767678,-3.6786907,-3.7426782,1.8222308,3.766607,1.726128,-0.6874144,3.1966593,3.6173108,3.1380587,3.017959,3.0066419,2.0351613,1.452468,6.7186947,5.812601,6.057858,4.0592084,4.3135524,5.1720014,4.145522,0.33231798,2.5796242,-0.061462283,-1.3351887,4.7633824,3.9517658,-2.250414,2.7535522,4.9485216,-2.640841,-3.2099488,5.4084272,1.2818487,2.4317486,-2.5020049,3.3613005,3.6360865,-0.6880299,-6.767601,-2.2116594,3.0593748,-0.37479183,5.2384114,5.9991693,0.17458391,1.5881143,7.1394043,-2.3552103,-1.0878003,0.822574,1.4481369,1.851234,6.3983703,3.2793941,-0.9088175,-1.8138801,6.0438557,-0.7696341,1.0721064,1.5069218,4.0223804,4.533334,6.874598,3.278047,6.961787,7.674699,-0.47063798,1.9956189,-5.448909,4.430047,-0.7527785,6.5662155,6.349891,4.335683,5.462849,5.771436,5.027503,0.1521702,-0.74570745,2.9338171,-0.6405528,3.4441786,3.2881901,-0.20876591,2.5514536,9.119234,-2.65639,0.66656893,4.956307,0.6510238,2.023017,0.62034166,-2.7656012,5.790207,0.36281142,-3.1439362,-3.51045,2.5051112,-2.0565908,1.5250297,1.510652,1.793713,0.27110276,-2.9823458,2.9133663,-1.4007747,3.5221448,2.9813793,1.8916885,5.916878
93,1.726558,1.2672437,0.3796769,1.1320294,8.98906,3.0579975,1.9634272,2.1290224,3.7892296,0.96764576,1.734695,6.091942,-1.0222296,0.47089916,3.2781057,2.4973905,3.471919,3.9437213,4.728208,3.439337,3.1300325,0.86476386,2.5654743,6.640681,5.8191586,2.6350062,0.018591864,-1.5091017,0.8425003,2.0149493,-3.77473,-1.9077661,2.6995773,1.5110012,2.4243882,-1.5716012,-2.3675413,-3.0805118,3.905513,5.6612086,-4.0617285,0.9255836,1.0863146,0.70105666,-0.684664,0.847824,-1.1052585,0.5536286,0.7981712,0.7706937,0.8127335,1.986531,0.11138661,1.6671824,5.61744,5.810513,-1.5554191,-0.082670376,2.9346573,0.06234013,1.8399695,0.17576693,2.2673895,2.339215,3.1061506,6.083599,-1.7188351,0.3801494,-2.9711118,-1.0410284,-7.105677,-7.207227,7.873034,-1.3535502,3.0657892,-2.19897,0.63346094,1.8013495,1.4343665,-1.3576148,4.322484,-1.8800128,-1.8343228,2.1844664,3.2974617,-0.29037303,6.029417,5.304596,-5.120557,-4.153406,-1.3661281,-0.8942145,2.6253216,2.2400317,-0.8177934,0.3489776,0.8409734,2.9063106,1.965386,-2.7304318,3.5232556,0.16734964,0.95917225,2.9323814,3.4203146,8.328858,2.1530104,2.4879577,2.487571,3.7183602,3.9288077,-0.07997399,-0.15203257,-2.021477,-1.6300356,5.6054235,-7.2977552,6.24882,-0.90223,-4.267304,-5.7294044,0.2788579,-1.781998,-3.1372721,-1.359597,-0.5975636,5.005107,-3.2362902,-5.2158003,-0.60342836,1.1197517,0.6608578,0.56205446,2.8582027,0.39189267,-4.552044,6.3338675,-6.096208,-6.7193394,-3.4941323,-1.4390373,-1.0702728,0.2678824,-0.45523524,0.8534177,0.09217274,2.9076834,0.61030763,5.6368494,0.4602966,1.490079,0.93617404,4.821715,-1.0357937,3.5710864,3.9528718,-3.2918344,4.490971,-2.6431131,5.654972,-1.107747,3.4666016,1.8266461,5.7274947,3.5564163,-0.23405415,0.36305383,-2.3826928,0.21107303,1.9948922,0.05615298,0.75986,0.7744383,0.44288528,-1.4398859,3.186503,-5.771283,1.3067892,5.8034487,0.48070514,4.603703,-4.4253545,-3.91874,0.2825161,2.5022318,-6.545167,-3.5993736,0.4731501,-5.8969855,1.8708206,-0.3086766,-3.614231,2.1603823,-2.5449953,1.8528095,0.9514597,2.895737,1.207871,0.31624317,3.0288005
94,1.5186725,1.5747261,0.7783572,1.0468329,8.879413,3.6343946,2.7081578,2.3031113,4.144599,0.8631589,2.1537876,6.0643883,-1.024614,0.92390895,3.4830008,2.642314,3.069785,3.6363492,4.678532,3.4413278,2.9626796,0.2958176,2.2236319,7.1378202,6.0364637,2.733899,-0.012235926,-2.3011785,1.1020278,2.264032,-3.3664021,-1.7992644,2.7334185,1.6545688,2.394919,-0.81231344,-2.6661644,-3.6383607,4.057806,5.9951344,-4.468866,1.2144797,1.2424399,0.81939787,-0.27154532,0.73361444,-0.8662234,1.2146713,1.42812,0.4329482,0.76123744,2.0675423,0.27617982,1.8164198,5.685224,5.756962,-1.6803887,0.7762296,3.0930493,0.20200673,2.4629595,0.57917076,2.2177753,2.3443594,2.6143527,5.779557,-1.7117618,0.3671173,-2.759307,-1.4662542,-7.5570555,-7.6001515,7.9538307,-1.3344134,3.0619159,-2.7024934,0.929196,1.8432436,1.4414365,-1.0144761,4.2993774,-1.6429797,-1.4972821,1.9258307,3.5405405,-0.593166,5.8809347,5.189884,-5.536444,-4.3718705,-1.9715967,-1.371809,2.8659458,1.9403076,-1.0777525,1.0561056,0.7884338,3.109976,2.150807,-2.6570637,3.1962178,0.5539991,1.0433979,2.933126,3.1186252,8.200159,2.3003285,2.6416416,2.5596597,3.2867064,3.6265762,0.088657,-0.3227478,-2.3351238,-1.2234408,5.8717637,-7.0678077,6.155146,-0.2705474,-4.99575,-6.4784865,0.4752433,-1.565781,-3.0819154,-1.8675615,-0.2778747,4.724463,-3.2601197,-5.080614,-0.805143,0.9458037,0.20776394,0.84154636,3.1435447,0.25360966,-4.5363965,6.299228,-6.728115,-7.093528,-3.614612,-1.5414448,-0.9049005,0.18975036,-0.7045687,0.52039945,-0.27468988,3.1941957,0.15501201,5.1715403,0.18487865,1.8546963,1.5360045,4.9592032,-0.79921836,3.2431664,3.5596359,-3.304165,4.6363487,-3.5668273,5.397421,-0.9034709,3.3676114,2.591689,5.882587,3.7310703,0.63890046,1.1830587,-2.4659317,0.8150772,2.1349502,-0.2843833,0.9855717,0.78633267,0.35496676,-1.2883792,3.4104185,-5.1605916,0.53515285,5.8371067,0.5163572,4.6868153,-4.829667,-4.377217,0.6374431,2.569811,-6.8839455,-3.1645637,0.64853996,-5.996836,1.6920466,-0.16132283,-3.287046,1.8645283,-3.0283997,1.7159072,0.9536027,3.1676416,1.5953695,0.7426276,3.1827013
95,5.6160555,5.688078,-0.100486316,12.054817,2.0418155,4.2437763,-0.22480448,-8.159883,3.7626388,-3.623665,10.091042,0.70077425,1.1702455,4.094564,6.292854,7.294261,10.812931,3.3919249,4.996088,-6.6747537,3.4257522,-0.9599791,-9.714358,1.9890256,1.0358789,31.432842,32.36933,1.7713189,21.228384,-0.61521184,-4.3606563,6.2618456,13.141486,-1.3296653,3.634921,6.4621463,-1.1923592,0.2577624,3.6220407,3.1146858,15.488233,3.5129864,7.124813,8.667792,2.5836747,-4.632313,-3.452131,-0.9116277,5.6986036,0.84234244,3.9413078,2.123132,9.2577915,7.3683977,5.0958695,-6.9302773,6.0070333,-3.694164,0.8726111,3.699407,-7.622259,-6.785653,3.6615953,17.179258,4.386912,7.582613,12.487925,4.6321135,5.355913,7.1895986,-2.3754199,0.4289648,-10.299252,3.0422432,4.4310093,-3.146046,15.759384,12.6499195,-7.7047644,8.216688,12.02732,9.985651,7.2772927,4.979248,-9.617767,4.440729,9.690108,10.537472,16.671314,0.22612604,6.0049534,9.884017,4.9322205,-1.1632158,-8.289827,5.214618,8.388529,11.936987,-0.4617741,10.329633,7.644321,-7.956218,0.47320127,-1.6659423,-3.41021,-1.0009987,1.4929181,1.1261947,0.42747176,-13.532169,10.192162,0.87330335,4.9341917,-6.589854,6.8971667,0.9744224,-8.183565,-7.0355444,-0.7507742,-6.3393183,-8.539588,3.6817353,8.32438,9.899953,3.9643135,4.7934947,1.6329178,-3.9721668,4.56287,10.2354965,-10.935982,-6.2779675,2.7307198,-11.689677,4.2605944,9.342878,10.251605,12.595322,-3.7755194,6.445744,7.525847,7.0401783,1.1762435,-0.9673219,4.1738663,1.3430619,-11.627025,-1.1811919,-0.97600543,0.5787001,-3.0743413,-3.7508988,5.869428,10.254377,-0.86629784,-1.5556792,-8.620879,-4.984172,10.218504,2.3835397,-5.521695,9.036951,-3.5598354,-4.979234,6.3273344,0.64369607,2.440311,6.300961,10.727212,-0.73047036,6.460717,6.621269,1.942331,3.7891495,6.967323,4.530786,2.2575572,-11.495076,-3.6240613,2.6053112,-3.715529,-4.1889043,-22.619879,8.180003,6.296846,2.4474342,4.341516,9.41855,15.268156,15.039045,4.5473847,10.141599,6.34058,-3.6520143,6.1030807,6.2289743,5.1534553,-5.1389227,-1.3907053,4.758541
96,5.3601646,-0.821472,0.77136576,-4.928521,0.0641924,-2.9251227,-4.430648,-2.2192543,-3.495288,-1.1338376,-1.7267542,3.1979256,3.3396194,-1.7661905,2.6325078,-4.8287745,2.1628058,3.6615832,-0.19110624,-1.8104306,0.7183279,2.9693954,1.3507072,-0.89146954,-2.4963741,-0.324904,-2.2359068,15.503074,-3.2541673,1.33065,-4.113481,-6.485088,-3.5989642,-3.415692,0.8180387,-11.954014,-6.657449,-8.267805,-4.5763903,-5.715806,1.0580622,-1.2480004,0.6512566,1.1893208,-0.9271469,5.4451056,-5.806045,-5.501735,-3.5730352,9.202145,2.4921985,-1.8455807,-2.1082847,-7.9993505,0.63347936,-4.1451974,0.81118923,-7.997261,-1.799863,-3.0325167,-0.4678877,2.0612211,-3.344785,0.56084937,-2.6237962,-0.31413645,-1.1302469,5.2013245,1.3569272,0.5815318,0.3139154,-1.6707954,-3.2306426,2.3854513,-0.21604517,-6.697563,-4.5587144,-1.428967,-4.28755,0.77298003,-6.4147553,-0.033055387,-0.08727775,0.72726804,-7.095237,2.4317951,-1.3635008,4.3440523,-2.7785819,6.0340576,-0.77295774,-1.9389032,-1.9907211,5.53327,0.418697,-12.185827,-1.979438,-1.1390887,0.12497153,-1.0737001,-2.317097,1.0970345,-4.2438293,-2.3090732,4.832701,0.7678186,-3.9303563,-3.718214,3.5983124,5.709066,1.2526033,1.0965846,5.0751486,5.0281005,-4.688215,-5.471214,-1.6533444,-1.7468454,-2.5667846,3.6068628,5.124331,4.294447,-2.0164938,-0.67818826,4.2946935,0.70083374,2.2672842,5.287195,-2.9816022,-1.902193,2.9275968,-0.402823,-5.4664297,-7.692423,5.71044,0.93431723,-2.2973387,7.6578994,2.818995,-0.921717,-1.197689,-4.469267,0.64365983,3.8500705,-6.353101,1.8932376,-7.787693,1.164573,-0.15687662,-5.7682905,-0.5864311,-3.0419831,0.74970305,0.22241029,1.639644,2.0813715,-0.17573668,-6.669359,3.5022213,2.1182735,0.99140805,0.72337496,-5.45388,-2.9889433,-4.159207,-7.349264,-6.995338,4.3981,-10.291998,-6.0592985,2.7890134,-5.970968,-6.351481,0.12292045,2.5438085,-5.3505783,-4.0586843,5.276428,-4.650955,4.3235154,-6.181709,1.7733625,0.5352246,-0.6594424,-1.3635412,12.257394,-6.3587976,-3.2394712,4.681473,-0.5038358,-14.095774,-0.49974966,-2.063407,5.125607,1.3870778,2.8906674,-3.8437824,1.436829,-0.13622727,-0.7019472
97,3.2103937,9.644623,2.8632922,0.40063807,6.203155,7.209545,5.8030753,0.4753713,4.684735,2.9305902,3.950013,4.486991,0.22326624,1.1721106,8.451072,1.957542,1.4139597,3.2171347,7.029028,-2.5040405,2.4495828,4.6196127,2.8506691,12.122903,8.333317,6.87858,5.446427,-3.481076,8.109351,8.5611105,-3.5676434,2.9332047,4.7201757,0.55435383,7.02053,-2.5598621,3.6556873,-0.87273836,1.6926537,3.0680964,0.714831,5.8223634,6.5826297,5.6289606,2.6083293,-1.9389279,1.8582673,8.253588,6.8644643,2.4662066,5.5349145,1.6829492,5.1073055,8.276845,6.590975,1.5047318,1.4301964,2.363389,8.53164,5.158808,5.641505,3.0866475,10.400755,8.152018,1.8146344,3.6352298,1.7421054,1.0245275,2.6528609,-1.5128658,-1.6179411,-0.3477407,5.605211,0.52849776,4.172678,1.1331398,4.834831,6.0879207,0.3132157,3.5786252,6.8181257,3.9244373,2.5046475,2.7024906,3.4444764,0.53718287,8.482135,3.2565312,0.35135457,0.3087578,-2.662241,-1.5699158,1.6054218,4.6947193,1.1981661,-1.6551038,5.1354713,6.200364,3.434508,6.256107,5.952846,0.71489125,2.61951,6.8699436,6.4702635,6.4114385,5.582453,5.79576,7.17373,4.15938,2.8947716,1.2395246,0.63428324,-0.12748775,7.679685,6.2523184,-2.2801418,1.9864508,6.584151,-3.4810054,-4.7944455,5.6479597,2.3957653,5.600656,-2.3643546,3.8208053,4.102082,0.10867459,-7.351842,2.5355613,0.01800101,1.4197582,8.418679,4.38697,1.0986192,2.6181333,11.092377,-0.48113495,-0.6830591,1.1347516,2.0956504,4.1075664,6.244746,3.0608594,1.328051,-0.9518,4.487496,-1.3511449,1.5563742,4.0565743,2.2970972,2.6639893,8.446121,4.6523495,9.547727,9.60985,-0.8292211,2.1159537,-3.0930364,6.2898555,-2.8030882,9.524836,8.186192,6.1307864,5.5483265,8.346495,7.801748,3.162773,-0.40470985,3.5070212,2.1936722,6.415187,5.337083,-0.4809649,2.5340185,12.384369,-0.94963425,1.5650412,4.963061,1.8873383,3.8148046,0.7888561,-5.9883842,6.341078,0.2203597,-2.320144,-2.7245758,5.526645,-0.67941046,2.9742923,5.497393,2.8809652,3.2918918,-2.9076178,5.3884034,0.7323344,3.4710414,1.8735243,3.6794872,7.7130113
98,6.0754857,11.694325,1.7671605,1.3813313,8.010749,8.54969,6.749488,0.5645202,4.993742,3.050307,3.6167085,6.949505,0.34318015,1.0746282,10.281811,3.958788,4.787558,4.321719,8.763313,-1.4346986,3.9150622,6.9922123,4.8577423,13.597921,9.591523,8.778017,7.614164,-1.368179,9.152607,10.241033,-4.7195096,3.4900515,6.3513274,1.3616737,8.587366,-3.2878144,3.6321518,-0.95564896,2.9598806,4.7890368,2.249903,6.3960147,7.261654,6.4019895,2.8525894,-1.424456,1.5906793,8.192696,7.498613,3.6223924,6.5437093,2.916356,6.20523,10.603828,8.097699,2.1300712,0.8790074,1.6360929,11.522315,7.1643076,4.7261653,1.975917,12.82123,9.615206,3.8309546,7.075987,1.4732567,1.5789318,1.5095743,1.1167047,-2.6784005,-1.3558917,8.468699,1.0082685,6.582077,0.53887266,6.9450793,7.5467286,-0.066479124,3.0303051,9.976787,3.6678598,2.10253,4.8591022,2.869189,1.8492516,11.439676,6.8465714,1.7973628,0.8267421,-1.114759,-0.06967172,1.7700826,6.0500507,1.997448,-1.9221851,6.485431,8.871777,3.8922033,7.970577,8.718404,-0.63007337,3.6595294,7.8138714,8.575707,9.479716,7.302621,7.6085315,8.377515,6.4889774,6.010345,0.6648394,1.869684,0.49660808,7.3793225,8.480117,-2.7156878,2.9238508,6.5200257,-4.3421483,-6.1952453,5.5106363,2.83134,7.346565,-1.2830559,3.7250261,7.109079,0.16777256,-8.077022,5.4192095,-0.6272686,2.9137716,9.885063,3.8461196,2.7172992,3.2279525,14.6549,0.26913992,-1.4292197,0.2718244,1.6373167,4.30113,6.500619,2.6643152,3.9320595,0.65188384,3.988101,0.36059487,4.2231126,6.0066175,1.564601,1.364706,9.604744,4.690715,12.461644,12.706814,-0.019527195,3.1818185,-2.434212,8.357544,-3.5465906,13.037026,8.617396,8.521084,6.158036,8.549735,8.256055,5.212401,-0.21537703,5.039389,5.0568295,8.596876,8.07243,0.62541455,2.041846,14.699717,-1.7959204,3.581372,6.18944,3.324768,5.7880435,0.36888242,-7.475306,6.62065,0.62288475,-1.6111478,-3.3444908,7.1977344,-1.1676606,4.5775495,6.8671656,2.6849558,6.3624697,-2.5954387,7.4333878,1.9810148,3.5170548,0.8794764,3.9534402,9.143393
99,5.5667453,9.844916,0.853015,2.000295,6.485751,6.8722754,3.3418477,0.7938025,2.4076188,4.000148,2.9971397,4.556387,1.4173399,0.26438302,7.324668,1.6599396,4.728199,3.4455228,5.452241,-1.2573093,5.304208,8.271986,5.4596186,10.368931,6.8306756,7.714981,6.140513,1.5492296,6.9113016,8.1252575,-3.6729248,3.212956,4.832514,1.0513918,7.5169325,-3.3907022,4.5689087,2.4543076,0.72428,0.58955777,4.210402,4.815702,6.2899036,6.034803,1.9944547,0.2703795,1.1508561,6.547192,6.4161654,5.30318,5.977342,2.5789096,5.6634936,7.273009,4.7169805,1.220407,2.728884,-0.61057144,9.589895,5.0072026,3.78012,2.4371665,11.35548,8.639415,3.3977783,3.4326289,3.1269765,2.5677035,1.784071,1.5899678,-0.4398399,0.6507839,4.213322,2.1297178,5.288629,2.2658427,2.894811,6.1714516,1.6663663,1.9225662,4.806665,2.4653087,0.91997874,3.2013698,2.6930244,2.1790388,10.2185545,3.8917868,3.536223,3.61692,-0.016113257,0.7049197,-0.35846502,7.4704843,2.0473063,-2.7019727,5.36955,4.5258884,2.8535423,6.186451,6.0010805,0.38762432,3.4289846,7.240736,8.51114,6.684218,4.9712915,5.025579,7.813057,5.834386,5.6791363,1.4704812,2.0331645,1.6604893,5.841888,5.447834,-1.3639832,1.096986,6.245646,-0.49110138,-1.4198056,4.500762,2.4358113,5.6364107,0.5692233,2.152177,2.819993,0.5107331,-7.182086,4.6246996,1.9467429,2.6644874,8.551532,3.245523,1.9014739,3.30188,12.639567,4.465065,0.23446682,3.104239,3.7207224,4.2883325,5.8524704,3.349084,4.21613,1.4015745,3.334254,-1.0378093,2.612378,5.466361,0.20025602,-0.6110571,9.690022,3.1934512,10.623435,10.03704,0.12852776,0.31494164,0.9897235,5.0247855,-2.8800454,11.240354,6.2015615,5.0300736,3.635062,5.944914,5.6635065,3.738273,-0.3780924,3.4696946,5.5503855,5.1112742,7.119655,-0.065924086,1.6695173,10.439864,-1.3612682,3.7809389,5.1025953,1.7133669,3.0019078,1.1479642,-4.2820225,4.281151,-0.23761496,1.8052511,-2.557543,5.0956955,1.6440672,5.1732025,5.410602,2.2974284,5.168635,-0.5179453,6.444517,2.2820365,1.4993063,1.2148167,2.3981593,7.275756
100,6.671887,11.265095,0.1276115,3.5822568,7.173174,5.5950284,3.2573657,-2.4963467,2.7645338,2.569803,2.6283576,6.254915,-0.2126709,-0.98975354,8.579475,3.2505546,6.4233184,4.515652,6.5781193,-2.4261851,5.5195384,8.702055,4.2115455,10.36527,7.5612426,9.958456,9.075498,2.6752865,7.940657,8.630222,-6.8281093,3.6096346,5.084322,-0.35199276,8.056193,-5.7056336,5.653434,4.219271,1.3420391,1.7804935,5.3481956,5.3328786,6.9292717,6.759555,0.37537974,-1.9067345,-0.8638907,4.8934207,5.586977,4.46318,6.6808367,1.70279,7.761733,10.364564,6.076437,0.02033042,3.0043597,-2.3892853,10.205557,7.066289,0.90932626,-0.2848034,13.473519,8.985789,6.102312,5.217543,3.6281228,3.5483005,2.6877174,4.250298,-0.4528329,0.9891479,4.0487266,3.3070338,6.725804,3.086607,5.471303,6.382703,0.37799475,2.6363657,8.132055,3.9685092,2.246836,3.3998349,0.049663763,2.6893153,13.259967,5.8243127,7.06713,3.9912653,1.3151191,2.2818537,0.55400807,7.788414,0.56739193,-4.636419,5.8155847,6.5468526,2.6942391,7.847687,7.9048014,-2.5423176,3.8223546,7.0908346,8.833342,7.65944,5.0667114,5.1264653,7.157107,5.4556603,7.480878,0.7894737,3.607704,0.21077,7.391114,5.860758,-1.4015907,0.7196858,4.4718275,-1.0305275,-2.186802,4.567469,4.0625916,7.329369,2.0805202,3.1636786,4.494744,-0.6020661,-6.257753,5.6188912,-0.81485003,2.5496001,10.372584,0.37069556,2.2998521,6.183976,15.753193,5.6633472,-0.012609528,4.3556156,4.9882565,4.3387,6.231964,3.2803128,7.384708,1.9264444,0.49231932,0.039456792,3.1271057,6.4381104,-0.65821093,-1.7847894,10.799069,4.7128043,11.5431595,11.281203,0.6151671,1.5108553,3.8619707,6.4707394,-5.094945,14.431988,4.3016686,5.4536104,5.4405866,4.529924,4.565098,5.3805003,-1.8717772,4.176888,6.361412,7.5494947,9.01427,0.98005617,2.6184819,11.659335,-4.4116974,3.881426,4.8871913,1.9323707,1.9874948,1.0090898,-6.6281314,5.0989714,1.0228173,1.9733585,-5.215791,7.794237,2.4474666,7.006843,5.4314647,3.9444911,7.079802,-0.819994,8.365572,1.2601914,1.9622312,-1.2694553,0.77330464,8.297564
101,0.21708205,-4.965506,-4.5099654,-0.51268286,-1.3866858,3.6501753,3.172805,0.64881945,-4.270727,-5.649872,-1.902718,-1.6035478,5.511382,4.960875,-3.5471315,-3.8555756,-1.2012831,-1.14599,-0.2813606,5.0995874,-0.5718578,0.74791443,0.59635425,-4.402703,-2.845331,0.42991984,-0.7392175,-4.097279,-2.1916661,-4.546801,13.091816,3.6086743,-1.942648,5.992585,-4.5886626,0.5402726,-1.5279778,-0.4672263,-1.0645612,-2.355037,2.9867036,-3.3740385,-4.156199,-3.8346725,6.467886,3.274352,1.387275,0.22663184,0.80592084,-3.353574,-3.8821762,4.8314276,-3.0707867,-5.318865,-2.5628505,-0.24060808,-3.044007,4.658287,-2.4683685,-5.6989627,-2.3135972,-2.2009575,-2.8931296,-2.9053936,-1.4064621,-1.2720629,0.38553745,-4.1495733,-2.4613843,0.85587627,-3.8555362,-4.5563927,-1.4994017,-3.3669984,2.6289148,-3.0271518,-3.1638246,-1.5209831,-1.7254525,-4.113332,-0.32049713,-4.147355,-3.9787376,-0.119059496,-3.3430429,2.5146556,-1.3525169,-4.773279,-1.6793457,-4.140306,0.20484942,-0.5977768,-2.2510307,-3.559153,-1.1371837,-0.7191716,-2.9247353,-2.111646,-2.4503074,-3.4913447,-0.43633172,0.2755092,2.839616,-6.2844486,-2.987059,-1.2877164,-6.3164563,-6.535867,-1.0692501,-3.5124261,-1.6117895,-4.277703,-0.0671875,3.6037633,-2.9192398,0.29854423,-2.4976864,-0.48230416,-1.0773671,-1.018894,-1.4929558,-3.6365175,-3.235687,-2.8320906,-3.6741943,-3.9363773,-2.4486704,2.0764906,-0.28813103,4.036608,-6.9739146,-3.1552048,-5.2377486,-3.8572688,-1.1775578,-2.4619842,-0.7063406,0.3339625,-4.1387,-5.412955,-4.0124345,-2.2130532,-4.63925,-3.2956555,2.370843,-0.21525902,-3.757563,-5.385495,-1.5771531,-2.648264,-4.5700226,-4.0642705,-2.429691,-3.9915395,-1.0724,-1.7250475,-3.3067238,-2.8811202,-3.630205,-0.8308554,-3.374355,-4.81708,1.7725544,1.5884707,-1.9077762,1.1243391,1.6599296,1.9872206,0.73542446,-6.7775197,2.2984269,-5.156478,-0.49427435,-3.5662985,-4.6556835,-6.0738654,10.184941,-2.638123,-2.7288165,-0.61543477,-2.0117016,-2.891062,-4.6860805,-3.9779105,-1.508526,-2.8851986,13.989019,-3.9858375,-0.24567886,-0.28884074,0.6127839,-2.161426,-0.27652094,-0.10610941,-1.9521283,2.240235,-3.5790677,0.17085543,4.3321767,-3.123813
102,-1.6401466,-2.0574245,-0.8035221,-1.1101755,-1.0032935,2.3585906,3.8141258,-1.1130869,-1.9123313,-3.6172953,0.48381546,-1.7775469,5.3008842,4.0319204,-0.8991886,-3.852168,-5.0404835,-2.271817,-1.2908608,1.4248112,-2.1319315,-1.2046934,-1.0100824,-2.2276602,-0.9278864,-1.2159187,-2.672357,-3.880832,-0.40424773,-1.309439,9.771108,0.33762252,-0.75059634,1.4341233,-2.2397003,-0.8590248,-0.19117257,-1.8147991,0.46870378,-0.51663965,-1.394026,0.11709711,-0.96634924,-0.9333051,4.020623,1.1478518,0.55667233,1.4492452,0.78594255,-1.444262,-1.8764703,0.46582884,-1.2399932,-3.9129162,-1.1808075,-0.4899266,-1.6724672,6.2839875,-1.6907203,-4.579616,0.04382548,-0.09795881,-2.4757211,-1.2547129,-1.6551621,-3.2340536,1.801128,-1.6046306,0.77770877,-1.3237544,-3.1691499,-3.4775603,-0.3584399,-0.43084192,1.0710027,-1.6335177,-1.7810049,0.08587413,-0.57996374,-0.6871988,-1.1668181,-1.237961,-0.8088321,-1.5305482,-0.7861637,0.23590903,-1.5677482,-3.876575,-5.010524,-2.8556938,-3.6284475,-4.5113215,0.18741478,-2.2436562,-1.1887494,-0.6856087,-1.8534728,-1.0957958,0.21022741,-1.980042,-0.54939735,2.112069,1.798132,-4.3132243,-2.1364453,-1.7384685,-5.060819,-5.2112885,-1.2887874,-2.5550826,-4.530704,-0.84179604,1.1187199,1.3782095,-0.48169404,0.82116723,-0.3538935,0.3532809,0.43243954,-1.9368157,-2.1490705,-0.51754564,-0.10107412,-1.6088741,-3.342362,-0.7524687,-2.3509398,2.2793527,-0.60284215,-1.8243061,-4.3742466,-4.568385,-3.3802457,-1.2167667,-1.6135383,-0.7200944,-1.3015643,-2.119045,-3.0589929,-1.684637,-0.46286303,-1.0293558,-1.7484467,-1.9757066,-1.469992,-2.995747,-1.1394594,-4.4833922,-2.1913333,-2.238924,-1.185336,-0.29815584,-1.0285443,-1.1238009,-0.24259774,-0.8115834,-0.43957788,-0.69250745,-5.6593704,-1.7906533,-4.1897364,-3.740235,1.6870321,1.2380155,-1.6967,1.6314197,1.7880856,1.8758996,-0.6968128,-5.386195,-2.2082572,-4.321903,-2.442803,-2.5289803,-1.8939124,-3.3045979,4.9867907,-3.105282,-2.4735677,-0.5626537,-1.96046,-2.6243508,-2.8428996,-1.2340066,0.3009472,-3.1839907,8.53392,-1.9570329,-0.3294679,-2.524869,-1.5514314,0.73382735,-2.2921724,-2.3041804,-1.3210375,-0.23522162,-1.3053048,1.6162468,2.9678395,-1.0400956
103,-3.2091517,-8.66141,-4.2072387,-3.6078281,-3.5231583,-0.039633226,-1.6457555,-4.3031993,-6.713717,-7.541829,-0.41621503,-3.348376,5.084566,2.361717,-7.826302,-9.344476,-3.0165832,-4.540856,-5.101939,0.00510742,-1.4627942,-2.3617535,-2.6170278,-7.470464,-6.6319385,-1.9765476,-4.289417,-5.095251,-5.4738636,-8.418109,8.411006,-4.5409822,-3.983897,1.5751998,-5.7086186,-2.876893,-1.87042,0.19504361,-1.2604835,-3.5895586,-0.35120502,-5.669803,-6.087339,-5.3226323,2.0863624,2.8829098,-1.2854536,-1.9808528,-1.2828361,-1.0725589,-5.020824,1.6985445,-3.8457818,-11.923447,-6.9791546,-5.5626984,-3.1467903,0.9958148,-3.584225,-11.196854,-2.9450161,-1.2388903,-7.552487,-4.012579,-2.1825426,-4.946112,3.0765269,-4.7364783,-3.4730392,-4.2716103,-3.2974074,-3.543619,-7.47746,-5.7692204,-1.5412604,-3.024619,-8.159875,-3.9370205,-3.1511133,-5.362628,-5.921998,-6.252258,-6.079146,-3.1748204,-5.437506,3.095817,-5.5550437,-6.1055403,-3.155893,-1.6731893,-0.9529246,-1.8049004,-3.936938,-3.0884902,-5.353076,-1.8557087,-3.5325232,-7.8651867,-0.75737035,-6.017288,-4.1401353,-0.08869781,3.6048965,-9.68716,-5.832025,-5.8006964,-7.598285,-7.9518347,-3.091815,-6.066683,-3.4246304,-3.1010475,-4.059581,1.5828253,-6.1458907,-2.3070245,-4.488692,-4.29853,-2.9132154,-0.3694949,-0.36722642,-4.4144206,-4.4495697,-5.5452027,-1.1555797,-6.490398,-7.5899396,0.35427177,0.06943346,-1.2661517,-3.0782938,-5.167807,-9.567849,-6.250019,-3.4737577,-4.6995683,-4.730775,-0.7039056,-4.813998,-1.8541044,-0.64932853,-0.9062659,-6.832152,-4.103687,0.9385979,-0.19082394,-6.222395,-6.2718663,-2.373139,-5.836166,-4.22957,-3.3728545,-3.3637586,-6.3049326,-4.8980374,-6.771389,-6.011134,-6.3901663,-1.5363276,-6.258798,-8.630332,-7.9332104,-1.6247023,-5.9552736,-8.913451,-2.5108762,-1.8649321,-3.1921005,-2.57837,-11.222545,0.5630256,-11.875103,-3.0059674,-5.6821666,-5.1733766,-9.103824,4.2356753,-5.322326,-5.5289845,-3.094807,-7.808127,-4.872406,-3.4763427,-7.9448366,-2.9687233,-3.1504695,8.5018635,-8.603146,-0.69992083,1.476696,-2.1234863,-5.359553,-4.228446,-0.8478434,-3.8225946,-0.22761919,-6.1898384,0.2211007,0.077745415,-5.0462227
104,-5.5658937,-0.6138482,1.7961004,2.2261333,-0.7815234,0.9709985,3.0251796,1.1978729,0.62302923,-1.4734188,1.5247365,-4.4396334,3.0240722,2.3075159,-0.44451705,-5.064118,-8.189299,-3.555669,-3.003318,3.3399327,-3.0820825,-3.0091398,-4.462741,-1.636988,-0.22933571,-4.0331993,-5.1156726,-5.199744,-0.32247573,0.47591072,10.428802,-5.039929,-0.34979212,-0.501225,-1.1668411,-0.63644916,1.5230621,-1.1989388,-1.0033324,-2.1296396,-4.3624606,2.1255608,1.0307225,1.0673159,1.3355123,-1.2499534,-2.6815596,1.148596,-1.8591603,-1.6601853,-0.8064101,-2.1756215,-3.4890327,-6.285278,-1.0143346,0.6050551,2.29832,7.8809032,-3.518187,-6.7247214,1.8614942,0.6649776,-4.000541,-1.3453044,-5.736266,-5.318662,2.4855947,0.34387192,4.0068817,-4.51801,-0.18445504,-0.33912668,-0.7843216,1.1491456,-3.6362827,0.4029114,-2.568875,-0.513943,2.2625947,2.3147786,-4.6152053,1.4498768,1.6963931,-3.7092445,2.0753238,-1.5597445,-2.0153337,-5.40084,-9.267594,-4.1649365,-6.214953,-7.4467535,1.730515,-0.6892695,1.8349761,-0.25121135,-0.25358364,-2.3217697,0.11115414,-2.2414358,-2.3796184,3.5573008,-0.7239309,-2.4643102,-1.2687899,-1.7018795,-5.204055,-5.422409,-1.48274,-2.5685298,-7.015395,2.3753603,2.0266507,-0.82903934,0.2780347,-3.4071932,1.4291443,0.1544482,-0.20794259,-2.712076,-2.4454129,0.9723305,0.6900638,-1.8163269,-3.268657,1.2237686,-3.081869,2.2439625,-0.045611966,-6.0820312,-1.865747,-5.8923874,-4.3055253,1.320257,-2.2432523,-1.2088926,-2.849333,-3.7852135,-0.08072976,1.0684458,0.9070797,-1.422673,-0.9547254,0.33365795,-5.235515,-5.1633368,1.3063097,-3.186513,-4.733838,-3.2775023,1.0361081,2.262203,-1.965434,1.15745,-0.0316251,-0.68614304,0.7779524,-1.0104272,-9.339415,-3.0879123,-6.049669,-4.4382653,1.8406665,-0.38626844,0.766643,-0.7254166,-0.9476297,-0.19268602,-0.66120005,-5.30581,-4.5509253,-6.2344356,-4.3389363,-2.3825955,0.8337183,-2.0934298,2.4517741,-4.651356,-1.2385377,-0.33329657,-4.152953,0.25730726,-0.058770973,1.3756365,1.1943625,-3.590175,6.3551054,-2.099107,-0.85879385,-4.10933,-2.097725,3.014406,-4.919652,-2.3990319,-2.1024287,-3.8304389,1.7763288,3.069621,0.585296,-0.5947698
105,-0.23837051,-1.3587384,-0.5266682,-1.5542732,-0.5858317,-1.6170759,-2.9638355,-1.0646625,-1.8158246,-0.32155675,-1.043989,-1.229164,-0.21934181,-0.8340113,-1.2200022,-0.1190079,-2.2855132,-0.21931246,-0.6465167,-3.5324645,-1.0115255,-1.3499331,-0.7586322,-2.8480513,-1.6282256,0.546428,1.0135889,1.8279148,-0.09658908,-1.627076,-1.0882095,5.397218,-0.4547195,-3.1521473,-0.4741761,-0.67952585,1.3685648,1.7197322,-1.1354293,-2.4804418,2.006326,-1.107121,-0.83500093,-0.5925999,-1.5868285,-1.761461,-3.8836384,-2.1037903,-1.6865247,1.2493536,-0.548525,-2.9653487,1.049515,-0.3863048,-0.62076557,-0.45797274,-0.717393,-2.3413155,-2.0566232,-0.3601045,-2.4473228,-1.4800377,-0.40489388,-0.22505544,0.73040974,0.135159,0.32567134,-1.7021819,-0.8258696,-0.5310191,-0.21862517,-0.37577528,-1.9274404,-0.6465952,-0.3119493,1.2425761,-0.19652031,-0.64188623,-1.0265124,-1.2372745,0.83751714,-0.88304865,-0.93712485,0.93803716,-2.3735409,0.07856159,-1.1278181,-1.1424289,2.507133,-0.45931563,2.3126936,2.1989584,-0.1862159,0.072597444,-0.46848053,-1.6954924,-0.639138,-0.81031096,-1.3951538,0.74755764,2.2515855,-0.43880045,-0.9138305,-1.1145363,-0.6944122,-1.9851671,-2.8137436,-2.9229233,-2.362259,-0.7882816,-1.8184558,-0.40545738,0.4104603,0.59176517,0.13920662,0.4797336,0.4830129,-1.2752959,-2.035596,2.8363435,2.883145,-1.0134577,-0.18629383,0.9365684,1.4088908,-1.2453588,-1.1338304,-0.51185393,-0.70704097,0.02695031,-1.6632408,2.2373013,-0.6219425,-2.6303656,0.43122083,-0.03154316,-1.0055184,2.9120595,-1.2076603,0.061877657,0.38597047,-0.12540805,-0.24313463,-0.68046963,-1.4318671,-0.05014928,-2.607803,0.7293194,1.3843693,0.5561863,-0.86844784,-1.2097718,-0.28561082,-0.7508007,-0.63633215,-1.3381416,0.46968848,-0.9530073,6.4155097,-0.64178556,-0.94562036,-1.4129415,-2.8049457,-0.30510744,-2.3764431,-2.6788538,-2.361426,0.9648893,-0.6035734,-1.301739,-0.49516436,-0.7944745,-2.2884653,-0.34301987,-0.88819295,-1.4344305,-0.16076384,0.76541203,-3.5391998,0.01966712,0.0024676512,-1.5341878,1.0006047,-2.2913067,0.6707782,2.7216022,-0.946905,-0.30471984,2.286623,-1.2071902,0.08542683,-0.2763899,1.5910274,0.85887146,1.2252749,0.901622,-1.3329816,-1.3055004,-1.7869365,-1.2175434
106,-2.3636425,-4.0110855,-1.5520838,-2.033377,-2.5134628,-2.646444,-3.405908,-1.473955,-3.1760287,-3.256705,-2.6332796,-2.4592054,0.08636798,-1.1380557,-3.3068721,-3.009739,-2.8359168,-1.2501237,-1.9155072,-2.903382,-2.7846003,-2.3208199,-2.7468472,-5.307785,-3.4917998,-1.8002816,-1.5092932,0.14640619,-3.3448536,-4.0046268,0.3622259,-0.3989356,-2.9262013,-2.599194,-1.9176927,-2.4914541,-0.37950462,-0.1382564,-2.6807008,-4.01364,-1.0631611,-2.4747674,-2.8646646,-2.2152033,-1.5408063,-0.4443571,-3.2729208,-3.337084,-3.680909,-1.2751118,-1.9849437,-2.7803319,-3.003357,-4.622446,-2.3350334,-2.135409,-0.93934715,-2.2503896,-3.811724,-4.016444,-3.1129572,-2.2258797,-3.989293,-3.2990065,-1.7833034,-0.09654656,-1.5187327,-2.323386,-2.2016819,-1.7421552,-2.219597,-2.6851203,-3.16266,-2.422761,-2.2346008,-1.0355089,-2.1359794,-2.5729713,-2.6933997,-1.3250442,-1.5525091,-2.0036874,-1.6191908,-0.9498506,-5.168856,0.43113148,-4.049468,-1.246067,-0.1497952,-3.2700624,1.0820129,0.9919318,-0.6706633,-0.17771024,-0.9279089,-3.2255743,-1.956511,-2.3552651,-2.2525048,-2.0129614,-0.0030808912,-0.60327566,-1.7668135,-3.910457,-2.04222,-3.0963092,-4.059083,-4.1939545,-3.021552,-2.1288002,-2.231734,-0.9427984,-1.150463,-0.46363646,-2.4401104,-2.8714874,0.29087776,-2.3086832,-4.073753,1.2521882,1.2018483,-2.3459594,-2.5678449,-1.6051166,0.4840223,-2.1373787,-0.9516298,-0.33634856,-0.0014401919,-0.9434057,-3.7926254,1.0779157,-4.6138773,-5.80155,-0.052963194,-3.5404792,-3.8532646,-0.5478363,-2.710701,-2.00062,-1.8965712,-1.6475669,-3.2826638,-1.4294021,-2.6785429,0.072600156,-5.825532,0.49369675,-0.47530133,-2.7635102,-1.5169259,-1.7548723,-2.4221823,-2.0866022,-2.598615,-3.4299333,-0.7297149,-2.6837409,3.1072578,-1.3617475,-2.4088774,-4.344736,-3.1740377,-2.323935,-4.7491956,-4.7297235,-4.263774,-1.0231911,-2.404037,-4.9448657,-0.6114177,-4.53568,-3.6416028,-1.9598131,-1.9803,-4.2509546,-0.036685146,-0.75038296,-4.0258656,-0.005183142,-2.7411246,-2.5083017,0.9372809,-3.9123833,-0.08883282,-0.22808571,0.04956888,-3.0230002,-0.030943112,-1.4893605,-2.0989895,-1.6191529,-0.23173577,1.5544993,-0.2526371,-0.328101,-2.3884473,-0.82803917,-1.7267776,-2.881914
107,3.0289872,4.074491,2.6751118,4.57236,2.979184,3.9805048,2.998179,1.1149136,2.9247007,2.558534,6.080618,2.5887399,2.72207,2.5965304,4.472745,0.7980284,-0.6567756,1.0293883,2.3484476,0.8119114,0.9818849,-0.38801968,-3.0560856,4.3167214,3.2448227,7.2233257,7.365776,-0.3339798,9.820192,3.909225,1.7260606,-0.2695414,9.345181,0.29246172,4.4870787,1.3972313,3.8752208,2.0753362,4.4535675,4.2393312,3.316974,3.304098,4.8056035,4.750882,0.5793429,0.095637046,0.13150884,3.1461673,1.9554929,3.8885605,2.8839,0.6499466,3.0044625,1.5016943,4.3023195,1.6515567,3.8915062,4.133936,1.646619,-0.60308415,2.1842642,0.48654082,1.9877408,10.690565,3.2113333,3.83874,5.7387886,1.7129194,1.9921564,-1.5399759,1.4989763,2.409738,2.5754874,0.99418855,2.2898557,4.1849732,5.045332,9.091173,2.4182088,3.2481048,5.1352596,2.1391394,1.2689785,5.865944,3.3305197,3.3719676,3.5983086,4.3930755,-2.4496434,-1.0787872,1.0382499,-0.42967072,2.8182511,1.9871713,1.7880832,3.4156866,7.0034933,5.0896583,3.5091765,5.152617,4.471941,1.2818402,-0.09150053,3.2056623,2.316812,3.6246524,2.360392,2.3787146,0.47691554,0.8718322,0.13908923,3.0002952,1.161385,2.2933865,1.1384825,3.2542074,-2.9735947,1.4860784,2.1648133,0.43403435,-0.7851335,3.2468736,4.020191,4.6596146,1.6823847,1.7119057,3.0187898,1.6962496,-2.0464087,0.60410047,3.313207,0.08636369,-0.01707173,2.7873552,2.9833398,0.8245344,3.0158446,2.6232657,-0.331305,3.9150143,4.889628,4.136036,4.282164,2.414169,-3.427121,-0.4527932,2.8102767,2.9448807,3.259461,3.6271887,2.654075,2.89624,1.943252,2.4822457,4.777172,4.352754,-0.5974934,0.724329,-1.0228071,2.3210523,-2.6885645,4.0901637,2.4907475,0.9874693,2.5150707,2.290776,2.3268719,2.7632077,3.2758007,0.86132926,2.2811637,0.7716816,-1.5682427,1.6226329,2.332306,6.679017,-1.0414492,-0.5533504,2.3254714,3.0564528,3.0277114,0.40020612,-1.8617887,3.8789878,2.6006556,1.2425238,2.0793471,1.9009321,2.1922493,4.150585,3.9225023,2.0633242,1.8785064,0.009601023,3.7162735,-0.40665618,3.4322855,1.709603,0.66138667,3.099333
108,-1.8587066,-4.0176277,-1.1109811,-6.4498215,-1.1093541,4.298016,7.15666,-2.9791107,-3.0386584,-7.338551,-3.0924048,2.7695556,0.49175712,2.9543264,-0.45261526,-6.448107,-0.13413695,2.4748206,2.2196708,1.8943233,0.4027026,-1.6668912,-0.9744293,-0.4305834,-1.8430912,-2.6598096,-5.2571383,-7.0840116,-5.664888,-1.526998,0.8829734,-5.6857457,-7.1379013,9.825177,-3.6170201,-3.7567317,-5.443673,-4.6966686,-2.217351,-1.6954298,-6.5518837,-0.9014241,-3.0517046,-2.268016,5.1066256,5.8994217,12.006281,4.788839,6.257239,-7.262558,-0.92247134,9.443607,-5.9210014,-5.2097497,-0.9548823,-3.8902192,-5.471315,2.5666945,-2.684275,-4.862486,-0.31748775,-1.5406549,-1.0809267,-5.0427423,-2.6621442,-2.6583245,-3.4800386,-2.3691142,-1.2896372,-5.961271,-5.7007437,-5.932985,-4.3325863,-4.4835086,0.099578306,-4.469182,-5.92137,-3.832464,-6.041507,-0.9771788,-5.3569636,-3.2584352,-1.2517966,-3.0942307,-8.043804,0.12266447,-3.4370086,-5.368038,-5.0545993,-7.7437363,-3.996642,-3.9687548,-2.881747,-3.1279929,-5.2083564,-4.12657,-5.845664,-3.336499,-0.8130148,-6.8409905,-3.821743,-0.4847956,1.0309926,-6.7676005,1.2260213,1.3819351,-1.0435333,-1.0202881,0.22319229,-2.0022645,-0.22278967,-0.82375854,-3.5804899,0.23460533,-4.980192,-3.1956568,-5.663059,0.816272,3.0694854,-7.1611004,-7.948494,0.764247,-8.125296,-6.617564,-6.530523,-0.5578499,1.5351698,-0.13260014,-1.1361701,-0.66979796,-9.023125,-4.3020372,-2.7450142,-8.639436,-4.634972,-5.2530813,-2.948101,-8.197542,-6.159088,-7.957612,-6.610619,-4.439573,-2.7230206,0.25757504,-1.2574333,0.27445677,-8.614445,-8.468983,-5.7001333,-7.7839622,-0.6290687,-0.44420063,-0.30192786,-3.098955,0.48799548,-0.26692173,-6.7522206,-4.798852,-6.292556,2.4354973,-2.4529111,-1.0133706,4.679735,-4.539038,-5.2698956,5.826808,6.476611,-4.1117325,-3.6993883,-8.272842,-0.82234025,-4.9621277,-4.418938,-6.910758,-1.9933304,-4.902342,-2.614603,-3.4347603,3.049048,-4.3053274,-4.962242,-3.6328018,-5.6787963,-2.239723,-2.946023,-9.6254425,1.9398581,-4.703147,-6.9884257,1.7370636,-2.5409365,-2.8211875,-6.0123725,-1.3792619,-4.669502,-2.3570645,-3.3049507,2.1355085,5.9368906,0.63673925
109,-4.2679996,0.5818471,0.7028711,2.4975817,-1.6102935,3.075163,-0.99460965,6.543215,0.20269924,2.4024374,1.3146516,-4.972098,-3.4057708,-0.040246025,-3.1766722,6.6979513,-1.3781335,-3.1246612,-1.4182357,0.48307142,-0.8652056,-4.6488934,0.67187196,-1.1668252,0.4130246,3.034877,1.8029492,-6.415433,3.964968,-1.8517452,3.910023,3.581749,2.5981848,2.428733,-1.4719151,15.116593,-3.2923427,-4.3147078,-2.005611,-5.1657205,-0.7947418,1.1605935,-0.29650792,0.5836261,1.8929589,-4.779194,-1.9974595,2.2921436,4.004224,-2.4393554,-1.5640906,1.3319664,-0.41135418,2.211246,-2.7512453,3.576375,-1.0144409,2.9856408,-2.0242727,2.1411233,-1.4213656,-2.311775,0.33581844,-0.31931642,-8.033431,-3.382408,3.015769,-1.2463427,0.49321017,-3.4025726,-6.5416512,-6.4042454,0.23428832,-0.59748316,-3.558167,-5.6302567,2.5645983,0.10748696,3.7256882,-0.8661794,-5.93708,0.31349978,0.71348464,-1.4089752,5.4316845,-6.170311,-0.72021586,-3.902743,-2.0798895,-5.514343,-3.0262337,-2.434689,1.4499693,-4.153598,-0.34984338,9.350997,-0.8568404,1.4991271,-5.0870895,-1.1409851,-0.37029397,1.0378022,1.3382944,-0.26268977,-2.0470486,-2.1076312,-2.9327977,-3.3550658,-4.071142,-6.353479,-1.3161685,1.7913141,-0.8282781,-4.185258,-0.5808385,1.9484211,-5.8526893,1.6962922,1.6237656,-7.4965982,-7.6000786,-2.9275303,-0.44165564,-0.65065175,-2.7455432,-0.123154715,-3.3499005,-3.6118424,3.6387231,-0.9362583,-6.1361356,-4.827673,3.5298343,4.881888,-2.6733034,-1.5994862,0.7568295,-3.1552787,-5.3660507,-2.391581,-1.6850094,-1.7582353,-1.2985328,-5.226781,-1.9230283,-1.1455473,4.9095674,-4.585177,-5.5585213,-1.2777874,-0.5488069,0.3800893,0.075030625,0.3330504,-3.0957263,-4.7006884,-4.8964887,-0.21255992,-7.710643,-3.961392,-0.08342251,-2.4362483,1.3582879,1.5085276,0.4680213,2.1458519,2.8022013,0.4676098,13.728764,4.9412484,-3.4604244,3.1392817,0.7735246,0.8268977,-2.4043465,-1.8815442,5.1736326,-8.181778,0.7540061,-1.5958874,1.6451676,-6.5463324,-2.8214667,-1.0731919,2.2845073,-3.5417178,4.2938933,1.539626,-0.10607512,-1.5112556,-1.1731066,0.23037581,-2.7087092,-5.1735616,-3.25933,-1.1847707,1.9407821,-0.01591262,-0.8644173,1.394927
110,-3.8517709,-1.3080711,-0.070083566,0.021701602,1.1922041,0.042182125,-0.7019726,-2.6698627,0.46658745,-1.2160434,-0.09259852,-2.7897015,0.007831517,-0.42457873,-0.8659353,-2.536802,0.87979347,-1.9073955,-0.99722713,-2.263148,1.5800135,-0.3274081,-0.29550013,-0.34898677,-0.102179565,0.27216873,-0.14924681,-3.2187247,0.09499421,-1.5413859,-1.5563747,1.8321692,-0.16965437,-0.6388506,0.6049584,-2.720525,5.1509223,6.3458285,-1.1138277,-1.3437951,-1.7497413,-0.36588392,-0.011198446,0.030605512,-1.6790658,-1.1273332,0.9956523,0.23152749,-0.83049077,-1.1700283,0.003091497,-0.28707692,-1.3452785,-0.5383694,-0.8941532,-0.80267596,-0.042989556,0.33547664,0.18719748,-2.4324703,-0.7808618,-1.3109528,-0.4294045,1.0262705,0.3291145,-1.3543475,0.9912871,-4.210078,-0.9781735,-2.5488002,1.7989454,2.4628518,-1.5582861,-2.774565,-1.2864736,6.010911,-1.422148,1.134578,-1.2687166,-0.00976843,3.4945564,-0.33096468,-0.8029298,-0.9625101,-0.74644256,-0.6070953,-0.3045188,-1.8194653,1.391813,-2.9640336,-1.2495071,-0.12198489,-0.80747277,1.0033957,0.5736041,-2.1370692,1.3787818,-1.2878697,-0.30823582,-0.5128761,3.336834,-1.7579931,0.34880638,-1.4715025,-1.3113313,-1.503922,1.7805892,1.6715794,0.42752653,-0.8979074,1.7946945,0.06823825,-1.8472997,-2.1646304,0.4448207,0.28136945,-0.44675404,-0.6736887,-1.2918562,-0.44104347,-1.5562418,0.28788766,-1.5570979,-1.0062981,-1.9776279,-1.0393205,0.3253492,-1.8751838,-0.4017451,-0.14173627,-0.8487547,3.2732692,-1.45184,-0.86554986,-2.6365657,-2.182165,1.0233209,-1.9916688,0.7660393,0.2574809,0.8176406,0.78575313,-1.7926489,-0.91677785,0.52031624,-2.020721,-0.8472371,-1.7076479,0.673703,-1.2699716,0.056958716,0.7617833,-0.011628176,-0.27972874,0.0189569,-1.3035865,-1.3366433,-0.7835839,3.490409,-1.5376713,-3.2848155,-1.6312553,0.3414487,-1.1646264,-2.5669322,-1.0068973,-0.7209699,-1.9435256,-2.4312787,-2.213008,-1.7987145,-2.1593206,-0.054396458,-2.7772048,-1.5600065,1.5398593,-2.3847957,1.8666786,-0.019682499,-3.1696296,-0.7077,0.9100975,-1.6308581,-1.1857598,-0.730191,-6.152635,-0.59757173,-1.2073017,-1.0290339,0.5055182,7.033347,-1.6015015,-1.4732959,-1.8671104,-1.0025271,0.35929948,0.6547131,-0.97384596,-0.88574153,0.06256446
111,-3.0605223,0.93409324,1.7240881,0.9539789,1.5327255,-0.021067586,0.88276374,-3.250949,1.4151073,-1.3745751,3.5378606,1.1053607,-1.1718891,-0.90612066,2.1145358,-1.6237977,2.0829394,-1.1449325,-2.011178,-2.4601638,0.33794275,-2.088252,-2.7671607,0.08351466,1.9590833,4.1956935,1.932619,-4.575085,2.3934689,0.7772181,-2.806857,-4.73411,2.1845078,-5.148425,0.31380916,-1.7467295,-1.7067375,-1.8871733,7.7886796,6.690289,-4.0934935,1.6620404,1.8444633,1.8228208,-4.0400043,-4.799796,-6.1754203,-1.4521556,-2.5917928,-0.22479054,1.6353863,-3.6342728,0.47042233,-1.9948285,1.0941496,-0.17760295,0.009695867,2.0770736,1.7958095,-4.1827183,-2.3649478,-3.925444,-2.0577104,2.844806,0.37935513,0.5534058,3.383069,0.043582436,-0.5535077,-0.15673488,-8.783776,-8.394256,2.2721927,-0.7266836,-2.3460894,-2.9392395,-1.1356515,0.43186417,1.0551534,0.7625868,0.6577642,-0.4512217,-0.16424595,-1.290212,-0.43101886,0.00032805486,3.0732741,1.4827073,-2.0288615,-6.2631555,-4.2999663,-4.186143,3.7236164,1.2441001,-3.9586432,1.7019126,1.5155942,0.9242183,1.8319074,-2.8883471,2.0722706,-1.6663207,1.4644552,-0.5501949,-0.74341863,1.980352,2.1250372,2.1285603,-2.6504655,0.2398538,2.07458,2.1694736,-0.7727647,-4.4541326,-3.3753738,2.0349245,-5.068958,0.64597964,-3.4180758,-6.672866,-8.171083,2.1703882,-0.38150954,-3.1062338,-3.1386738,0.009067951,1.9403361,-4.8383985,-2.733221,-2.8706517,-2.281956,-5.018576,-1.86357,-1.0464902,-2.911504,-0.90852815,2.676519,-5.800958,-9.385625,-0.5713382,0.47507632,-0.91768295,-0.7711453,-3.2465813,0.1662545,-2.7848892,-1.0259367,-2.2326078,0.4082878,0.84090346,1.2162375,0.9791718,1.0209848,-0.054360677,0.3901918,-1.0234865,-1.4155575,0.858977,-6.079142,-1.7110596,-9.084662,2.481358,-1.8893,0.29872668,0.5947604,-4.106688,-3.3880713,-2.117883,0.051914454,-2.8255773,-0.32993603,-3.4253123,1.4276114,-0.9761749,-0.8044588,1.5298505,-7.923666,-4.9047565,-0.9140025,-2.373921,-0.94168484,-8.536441,-5.420628,-0.47047928,3.998288,-8.324637,-4.0998077,-0.95848227,-3.9443822,3.3377488,-2.3250804,-1.9623787,-0.7798704,-5.830503,0.71988136,-2.366134,1.8824093,-1.292639,-3.8362992,1.9365717
112,15.958213,0.32759205,-4.9653726,3.7635424,-0.72463155,4.1574616,-1.4396955,3.3951778,-5.594021,0.5000449,2.2343962,5.5464835,5.3098664,4.056941,1.4185532,-0.8355896,11.960487,6.095251,3.3048718,5.1648307,8.418506,7.6250806,-0.41934076,-2.1961272,-3.7847726,13.89177,16.2974,11.909782,7.8335404,-1.3593904,6.1874347,6.334761,8.530958,8.117881,0.13504696,1.2435919,1.2121986,4.0198393,0.057069074,-3.0193162,25.4425,-3.3693902,0.56204087,1.3078284,5.5321684,8.294686,1.2091228,-1.5214982,1.3083411,6.9350843,1.3851134,9.46773,3.3294897,-2.7378037,0.31686234,-2.218779,5.8537025,-3.6094067,-1.698381,-1.4342918,-3.427763,-2.450618,3.134149,11.187515,9.241294,9.440851,8.313028,2.900033,-1.7994064,5.2624645,6.8793926,7.0010185,-5.8670874,0.84586245,10.227295,0.10634326,3.071501,7.4952416,-2.3269076,-3.0859473,3.5670385,-1.8733627,-4.4337387,12.642951,-5.683387,14.346242,5.8060913,4.491471,13.745825,6.3803225,18.021124,16.284267,-3.9838912,2.8746638,-0.8824859,-0.71369076,6.295818,4.3311734,-0.38002267,6.1986947,2.554945,-1.9079577,1.9148333,0.24590087,2.451274,1.6848618,0.82801837,0.6368893,1.2230442,2.6848528,8.724817,-3.5398152,4.2000723,13.000771,-2.9868681,-0.59349287,-3.7462254,-3.4141936,-0.6357654,12.206807,12.12037,-0.1975706,3.0614703,6.9793463,10.838998,-3.6714318,0.6633965,5.448396,1.2942666,16.755669,3.6897275,3.5380566,-2.216936,-6.0764146,10.589244,2.0256612,4.1471686,23.872458,4.3504405,4.7797503,4.3785496,4.736793,2.4126668,4.6090894,5.781565,11.007335,-6.0707436,4.9390697,5.320382,6.369997,-5.4359674,-7.3467617,-1.0464504,-1.777088,4.495301,4.2926445,-2.9429004,-8.472254,11.953265,4.2929735,4.374671,6.2190623,-1.3353579,-2.9052663,1.4238687,-1.2889341,-0.35466465,9.635039,3.805465,-2.5535505,18.696302,-1.7364372,0.1597416,1.4349735,-0.28591663,0.85561526,8.935637,2.1435447,-1.8837981,8.265628,2.3210216,4.0874343,-2.0478687,-1.0388284,-1.2283158,18.752672,10.910052,-0.49110192,11.955216,14.959961,0.38011917,0.44802752,8.915538,11.256065,7.178925,6.627341,-4.6948457,-1.3498977,2.48298,-0.46011272
113,-1.05765,3.363307,1.5782694,-0.62326175,0.40809417,3.6320815,2.103572,4.151564,-1.1832247,-2.918304,0.123927996,2.3983512,-0.266856,-0.27193168,-2.046878,1.065669,0.93521595,0.6858141,0.10393225,-1.7456023,-0.93657774,0.27661777,-0.22485982,1.8073016,1.7035986,2.0793328,-1.9265189,-0.45360905,-1.6058758,1.7942855,-0.3048107,-9.321136,-2.3181348,-0.24327159,1.0268008,-0.8956712,-3.7693713,-7.1777782,0.21654463,-1.4541001,-5.677164,0.8058314,-1.2841259,0.12164006,4.1794963,1.5633044,-2.1047447,3.3891811,2.5372245,1.3275567,1.8701242,-0.2571841,-1.3678542,-2.1055942,-0.16411883,-1.1977221,1.1223891,-0.6492735,3.597577,0.39212406,2.8859527,0.9842983,0.64108074,-0.6897811,-7.716578,0.96984214,1.2403173,2.0151982,-0.32860598,-5.07317,-4.401041,-5.5649323,2.641977,-1.2059057,-3.0728023,-7.124449,-3.5377517,-2.3573265,0.38541228,0.8865672,-8.412116,-0.85029715,0.63183564,-1.7024161,-1.2661873,-0.6207336,-1.7091961,2.8624802,-1.7079505,-4.9534116,-4.5359797,-3.319004,1.2746788,2.7500122,1.6978954,-1.7904091,2.985325,-0.6143799,-1.1504323,-2.8395305,-0.8047901,3.8821352,1.6848173,-0.62294006,3.7923834,2.3901267,-1.1096239,-1.278949,3.2223337,0.48611253,1.2227043,2.9069324,-3.1945822,-1.9952433,-2.5253808,1.485018,-1.1297691,0.14821135,2.1158292,-7.0641174,-7.1124825,0.5177426,-1.4095628,-2.1902087,1.1842971,0.96519804,2.720911,0.9735834,-3.8378415,-0.17804188,-1.0392625,-1.990562,1.7671613,-1.8488693,1.1580193,-4.4755907,0.9868963,-5.3231735,-2.5158162,-0.8796713,-1.8654174,-2.3252099,-0.41177732,-3.4529383,-1.7109139,3.1307926,-1.9065422,-0.57843256,-3.6623678,-3.6449728,0.6938533,-0.70466405,2.3394425,-0.57312673,0.9585795,-0.2453011,-0.20633487,-3.250252,-7.197398,0.21061265,-5.2804575,1.5745455,3.2747455,1.7534199,-4.2234993,1.1821947,1.3239945,0.8890868,-0.41605645,-0.48724937,1.0298901,-0.7351283,1.3472226,-0.9201339,-0.5341131,-1.9404582,-0.82355857,-4.01066,0.8996893,2.8806267,-0.9003473,-2.9685433,-0.24638204,-2.022832,0.8585604,-0.38276914,-3.7424943,-2.0021505,-4.4588737,1.4800308,-7.365943,-3.3212447,-0.7540049,1.2041131,3.080229,0.4497152,-0.65996337,4.718882,3.68276,3.0822103
114,-1.823551,0.42573515,1.4615308,-0.82634,0.61392677,1.631805,-1.5215393,5.239016,-1.7297192,-0.9436215,0.40329832,0.8242603,0.3765446,-2.0550258,-1.4733154,3.647289,-1.4141321,-1.137292,-0.36356372,-2.9495285,-1.8825742,-3.92449,-1.4196662,1.0439136,2.1655035,2.9057827,0.3358221,-1.6436276,3.1666949,-0.8458249,0.66662747,-6.482249,3.1862042,-0.26693466,1.567067,2.3430076,-3.0848622,-6.947921,-0.57021314,-3.5462182,-4.572451,1.4276195,-0.19431905,1.3089066,0.9856008,0.010067033,-1.2105093,0.5669998,0.41982782,2.5089507,0.41139928,-0.7935227,-4.152192,-0.60327,-0.26946238,0.6204679,0.26541838,0.31088233,-1.358237,0.09612506,-0.41539076,-1.552202,-1.2619979,2.6000009,-5.82337,2.5196526,3.5873294,0.0150048565,-2.038191,-7.5433316,-7.3373623,-8.005193,4.030151,-1.3137391,-1.7317009,-6.283673,1.0297078,2.9217384,-1.1730267,0.57901263,-4.7969117,-1.3824095,-0.10570546,2.8167484,1.8122463,-2.2335994,-1.6009964,3.5649457,-3.8509712,-8.166158,-1.1350528,-0.7861319,2.1426582,0.71374506,1.9241133,0.3117928,2.2482278,3.5219624,-3.765212,-1.8984077,2.8918347,1.6812892,0.7214801,-1.640886,2.0089343,1.1498,-2.890284,-3.0700738,-1.7493653,-1.9250385,-0.83773285,3.5272746,-1.7155728,-3.3143735,-4.1366086,2.5076745,-7.1835885,3.015955,-2.3697498,-6.9217176,-7.8109107,-0.7216378,-2.7324803,-1.0935442,2.806225,0.25107405,4.21346,-1.2451342,-0.5773731,-2.938213,-2.8362892,-0.78334594,-1.1025013,1.0517136,2.1646845,-8.099916,0.810484,-5.881916,-5.544158,-2.7422726,-1.1365556,-3.3480506,0.13193895,-5.003181,-5.0204444,1.4107722,1.031916,1.1096911,-0.42628404,-4.3326836,1.5003512,1.3310226,1.8613443,-0.96535176,1.0709726,-0.2574724,-4.623333,-1.3015399,-6.1624413,-0.5710753,-3.1878743,-1.3642986,-0.16840628,1.9696931,-4.299632,-2.3079102,-1.371195,0.81779206,2.6439073,0.63327575,-1.9912075,0.270893,-2.6891985,0.4446337,-3.3876047,0.24322864,-1.1951727,-4.1558614,1.6793283,2.505004,0.4263395,-5.9831386,-0.6160677,-1.9353262,2.9761837,-4.006983,-1.2335072,-0.98392427,-4.1625648,1.1443172,-4.666264,-2.8917599,-2.1277907,-2.0292933,0.62306756,-0.5947111,0.61976016,2.6645453,-0.58836246,2.7149093
115,0.21618924,3.6642964,0.39713037,0.07681199,-1.6959623,2.137482,0.6978016,4.504705,-2.6353447,-2.5957963,-1.0956035,3.0339966,-2.195965,-2.9324934,-2.8050501,3.0226269,-2.610573,1.4222288,1.9257916,-4.346603,-5.5616236,0.40633637,-0.4955689,1.9815317,3.1472054,1.7869816,-1.075206,-1.5852221,0.076336436,1.8464237,-2.1121738,-7.744821,-1.2275825,-1.2333748,1.1337258,-0.9705242,-3.1604486,-5.97502,-1.4025797,-3.9298697,-6.100525,0.13190094,-1.5552354,-0.050271474,2.6539314,-0.9200235,-4.2555275,1.590872,0.37968826,0.2708669,1.5126511,-1.7242817,-1.6936005,0.5235691,0.573898,-0.6908141,0.5647907,-2.4077322,4.0375733,1.5144744,-0.0036148273,-2.0286465,1.0714439,-0.31997705,-6.1992383,2.5672069,-1.0724756,-1.542879,-1.547039,-4.430176,-7.3969903,-8.112196,3.933263,-4.294626,-1.400426,-7.023151,-0.96796304,-1.6887878,1.1684597,1.2904779,-6.5334163,-0.8360744,1.2800385,1.270746,-1.4727253,-1.2495897,-0.77268,3.0764284,-2.24518,-7.8386292,-2.515247,-2.2795298,1.1156478,2.8294234,4.127482,-2.423485,1.9888276,1.2498443,-3.6031604,-1.8290191,0.79571027,1.3265144,1.594056,1.513286,4.1170287,3.3242352,-4.715679,-4.917069,1.0518433,-0.6541524,-0.6298504,2.3678715,-4.5560727,-1.0583478,-1.4236091,0.7289521,-3.426426,-0.81530344,-0.30489603,-6.8589954,-7.305903,-0.9122339,-3.5986087,-1.376145,0.09986524,1.4224918,3.446073,1.2130553,-5.7793007,0.62242985,-4.631461,0.24884865,1.6304432,-1.8305593,2.4550629,-5.549999,1.0645914,-6.4534307,-6.108504,-3.7038245,-4.326999,-2.9172342,0.24389999,-3.9411068,-1.6048976,4.1485233,-1.8642612,0.7137613,-3.8983872,-3.004496,-0.24801418,-2.1529915,1.3086886,-0.41525882,0.7151513,-0.004836152,-1.986064,-3.4759145,-7.7103257,2.0763638,-6.191917,1.9726156,1.3582118,2.713404,-2.5144348,-1.1114391,-1.0660741,0.8525221,0.12990107,1.1078807,2.3944702,1.6842188,4.7970366,-1.2081361,-1.3753781,-1.291376,-0.8581643,-3.3936126,0.43796137,3.4567297,-0.016724085,-5.950305,-0.23637481,-0.9324969,0.9032226,-1.8967122,-5.1498637,-0.9960725,-4.4287477,0.22465494,-5.167336,-3.9999526,-0.1125601,1.7870355,3.228419,-1.2492449,-1.1554013,2.3942688,2.1686022,2.40583
116,-0.9732387,-1.5814312,-0.29409552,-6.054923,-0.14129981,5.554606,4.6859217,1.203421,-1.7091699,-3.407917,-2.7888944,-1.5332059,4.016411,4.4862375,-1.2903444,-1.9353726,-0.4249835,-2.8490825,-2.0013595,-0.8139597,-2.2740586,-0.17728381,0.22542273,-0.52913195,-2.0965154,-0.7168411,-2.8716936,2.66921,-6.0942273,-0.62036514,3.0098681,-1.7571452,-5.284948,0.6768062,-0.9007642,-2.870279,-6.939853,-10.370916,-3.0673478,-1.9387128,-3.5433664,-0.66654134,-2.890218,-2.6713176,7.54342,4.258809,0.21346976,1.745565,2.4992278,0.40299663,-0.6645244,0.14324036,-5.9762535,-6.4679112,-1.7592796,-2.0713053,-4.867677,1.5222404,3.031837,-1.8215816,3.165655,2.1334713,-3.6115103,-5.2894115,-9.146487,0.5579199,-3.0330563,-0.63765043,-2.9810236,-3.9251869,-3.7837873,-4.4392586,-0.6949764,-1.5459498,-2.1417067,-9.960064,-3.4033675,-4.456272,-5.577327,-2.1605878,-3.1532876,-1.8789917,-1.3711687,-1.8498154,-6.6919346,-0.1545909,-4.7848754,3.10933,-1.3923703,-3.1540098,-3.4046166,-0.32992992,-0.9319111,0.31014457,-0.58198136,-3.5049329,-3.739689,-1.4069698,-1.8187971,-2.8264472,0.19866893,2.0788443,-0.48409158,-3.7579858,0.3674035,-1.3648626,-2.690596,-2.5827625,4.4976974,-0.7041435,-0.8634927,-0.42225325,-0.18212265,-1.2395703,-2.8261864,0.005630016,2.9141884,-2.613537,1.9110508,-7.3092937,-7.365001,-1.4318048,-4.3600173,-2.4997067,0.06804289,-1.399755,1.3336148,1.6712581,-0.14244063,3.2984345,-4.15677,-0.16975084,-3.453036,-6.830992,2.9246292,-6.042083,-2.4545383,-3.542034,-1.4372674,-6.613413,-6.673619,-3.9413714,-6.1661263,-6.278096,-3.789455,-0.37911084,-6.8563113,-2.1432357,0.38100007,-6.8506064,-0.15513127,-0.64422244,-0.7451421,-1.6482208,-1.0251427,-3.8359075,-0.13860252,-4.481053,-2.3011336,-2.871475,-0.3082398,-3.759896,4.609237,0.7537757,-6.6937246,2.4157119,2.6332524,0.6074265,-3.3643353,-4.347825,0.54694563,-3.3664238,-3.4672325,-2.804642,-2.354666,-5.575396,5.305789,-3.0649412,-3.503111,3.2927349,2.0308194,-3.2708218,-4.629917,-2.8722787,-1.6662846,0.30958697,2.1901658,-3.0960677,-1.4675996,-3.3735676,-3.6638067,-3.2606723,-1.2360471,-1.125303,-1.447057,9.391704,-2.576357,3.4887958,7.536086,-0.8345516
117,-4.5656633,2.1999178,1.6293669,-3.3639982,2.805809,6.087877,5.2870293,-1.9809462,3.136637,-1.5872189,1.452467,-0.5782342,-0.6665086,2.7404468,1.3448429,-2.981861,-0.93885744,-0.5457845,1.9977053,-2.8583426,-0.20153412,0.22338787,1.2789657,5.117085,3.1929722,-0.18808195,-3.2401893,-8.359167,-1.953668,1.8306674,-1.9441901,-2.6791217,-3.446428,0.73974115,0.90603423,-2.6480994,-0.31950915,-4.2724195,0.3376209,1.562806,-7.151866,2.0715606,0.6909731,0.11160186,3.7267694,-1.0326744,2.5142248,7.586014,6.2666173,-3.2128897,1.3333527,1.2167486,-0.11037411,-0.25758284,1.2530282,-0.1684475,-2.092179,3.176732,5.105361,-1.8553087,5.160224,2.9050436,2.1809533,-2.2726238,-3.839043,-1.7864105,-1.8992655,-2.3731806,-0.14973755,-5.297645,-5.2434835,-4.5145173,0.9109431,-3.115817,-1.9831806,-3.1423984,-2.7007124,-2.2452717,-1.1182226,0.44638795,-0.28880876,0.22407766,0.22171937,-5.0950227,-0.7278878,-2.0467987,0.7227352,-1.5250527,-3.4088702,-4.414467,-7.6067195,-5.4848704,0.7746136,1.3039643,-3.1701174,-1.7178587,-0.3885451,-1.6537969,1.7509024,-2.7966142,-0.02119341,1.989239,2.1724403,0.75696105,0.9614999,1.019113,2.9160042,2.9831467,5.0638604,-0.5536097,0.33926868,-0.003584883,-3.5095222,-4.321885,3.2417605,2.5846446,-2.1515589,0.34320894,5.706244,-6.900783,-7.715625,1.4508371,-1.6378833,-3.1458702,-5.7212944,0.7997491,-0.41394097,-2.33244,-5.2436213,-1.6124976,-3.111134,-3.2374575,2.342714,-0.45821804,-4.333066,-3.1543167,3.4869218,-8.38066,-4.147283,-1.8780617,-1.6897489,1.1113524,-1.4994965,-1.8305742,-0.15288259,-2.4817195,-0.423082,-5.1965938,-2.7941804,-1.4355426,1.3860388,2.0857913,4.2536287,0.5554459,1.2198054,-0.008168898,-3.0817254,-0.040383983,-6.5517435,0.7632534,-3.9492295,0.55650467,8.281092,1.925007,-0.5234686,7.309124,7.0769806,-3.1794813,-2.1566792,-2.1315331,-2.7948003,-1.4614615,1.405847,-5.1113944,-0.8227331,2.189778,-0.7223961,-4.1346173,2.1051052,-2.443421,1.1143323,-3.2618275,-5.727933,0.2651435,-0.758577,-8.938433,-1.9381952,-0.25538534,-5.1523776,-0.5611455,0.3266739,-1.561955,-1.278344,-4.2127986,0.6383142,0.27675068,1.7348546,3.1439471,4.9631486,3.1664472
118,1.8165767,2.786781,4.4436893,-3.9988024,1.0160756,-1.3486578,-4.228732,3.0080492,-1.3091495,7.0419226,1.2471966,-0.5532355,2.8936691,-3.1002142,4.658873,-3.1046813,-1.5235865,1.0707567,-1.8358433,0.30939347,1.1473696,1.3209544,1.7234749,3.881531,1.2976854,0.09616718,-1.797379,8.489933,3.9013133,4.9320784,-0.13545567,-2.1927798,3.1360786,-4.2100143,2.52753,-6.156964,-1.0962734,-4.3200116,-5.21892,-7.4717774,3.2523956,2.3120973,4.995705,4.3032045,-1.9495319,-0.42640975,-7.2879767,-1.4100059,-2.9037917,11.763171,3.4346042,-3.400456,-1.9051187,-4.648223,0.84680825,-0.6164573,3.6341195,-2.4722493,-1.2603086,-1.5035635,3.9698265,4.1785755,-1.0022516,5.812895,-1.9126767,-1.951325,3.388936,2.6262214,4.284254,-4.163554,4.3916693,3.1599195,1.0334728,2.2791378,-0.9469976,-1.1363585,-1.9664797,2.6838841,1.7321857,2.260508,-5.5992875,1.4786303,0.48755744,4.4544163,3.9309986,-1.1378261,0.22864689,-0.18774138,-5.535714,6.0272784,0.4144184,-1.7329675,-1.5368701,5.0480437,4.9412584,-7.110673,0.29018593,0.94497514,0.009826789,2.1612117,0.2927619,2.268918,-1.2049005,4.336657,5.188083,-0.43922034,-1.0626119,-0.93027115,2.942587,6.356607,-1.8784953,3.9060118,3.704243,3.2913158,-0.91054565,-3.7204678,-2.5986211,-0.38533917,-0.83271605,5.233317,7.1817203,6.225782,-0.774862,2.199062,4.256731,1.7478216,0.9335695,3.4013112,-4.8466725,-5.189089,8.793171,0.44434643,-2.1662805,4.6685596,5.3705125,1.5557668,-0.20648745,8.429539,6.472957,1.7809887,1.5245292,-2.6163585,7.245294,4.2540627,-6.5286055,-0.8409037,4.592258,2.3589046,1.1786587,-3.826298,3.1867466,2.8403008,1.577073,1.6414117,3.83187,4.3898144,-0.93655026,-5.3551764,-0.42193365,-1.0609932,4.7284117,0.5493572,-2.268456,-1.4742196,0.46525386,-4.1796756,-4.7671266,3.3250122,-5.756208,-0.5820306,-0.84869117,-2.9994135,-2.805345,0.15092793,1.8810225,1.7606066,-0.8717464,3.8404183,-3.1010113,3.2935157,-3.3592355,4.8687596,2.834356,3.0731382,-1.6719954,9.377844,-3.5092728,-2.4755566,5.341738,-1.0010064,-7.8547597,0.69392586,-5.373984,0.53503126,-0.85723466,1.1724488,-1.1798784,2.2536988,-1.7203413,1.7158549
119,3.863153,2.0627894,-0.47339392,5.5991073,0.99553704,-0.84038854,0.45639268,-0.7208515,1.1033735,-3.633489,4.1773734,6.3379736,-3.3879082,0.03409945,-4.3726506,3.969391,-3.432016,2.8187122,2.9599342,-4.2581806,-2.9019191,0.070204146,-0.35811576,1.0235288,3.4030974,0.37021592,-2.6357648,0.46568307,-1.2581002,-1.1583407,-3.0622995,-6.2555737,-1.1602418,-1.152192,-0.400706,0.44468576,-0.2935551,-2.0143664,2.2707522,-0.116385736,-4.1334953,-1.0387855,-2.3716063,-1.1867069,1.8784826,0.36695364,-4.982296,1.5700629,3.22621,0.08168307,-0.15133584,-1.4146705,10.095612,3.772562,0.9430989,2.6121671,2.8936088,-2.8500898,1.4420756,1.9327652,0.17619139,1.6491611,2.114528,-1.6142292,0.9945477,-0.2809861,0.83385444,1.5430365,0.99082327,-1.0785729,-4.302419,-4.397592,0.1242703,-0.5593973,2.3846512,-4.1287704,0.51978,-1.5588437,5.650428,-0.14325191,-5.5031004,-0.049823996,1.8112652,-3.566127,2.076697,0.7517497,3.874728,1.9278085,-0.6886446,0.11845111,-3.6695201,-4.086306,3.480494,0.9389723,-2.0012438,-0.0765677,3.9848225,-0.040953666,0.47612938,-1.9144049,-4.5032434,4.9941998,3.0310404,1.7899427,0.12524658,2.9188755,-8.239113,-8.5623255,0.39765045,-3.9033298,-1.322826,0.5592111,-1.2287818,1.7445341,2.6294649,3.6065078,-4.400118,2.4846635,3.1169503,-0.3073788,0.13305812,-2.044954,5.9771314,-1.0187169,2.5819123,2.0737133,-4.9386897,2.6180992,-2.698028,-1.9775822,0.24404585,-4.8813834,4.307649,0.8170791,-1.0023671,0.48814374,2.7499945,-2.633137,-3.7291987,6.756111,6.2026243,3.0095432,0.40743777,-1.520818,1.2860241,4.2917967,0.8231273,-0.15142494,-5.3695817,5.18414,-1.5616381,-3.767925,4.510087,0.28028083,-3.257441,-1.504506,-1.1144879,3.4472246,-3.2983432,3.0369477,-6.234596,2.3642645,-1.6487741,4.124779,3.5869617,0.78570276,1.0096085,2.8068156,1.6915764,2.787789,1.1300056,2.132504,3.0796683,0.2595038,0.56143314,-3.8968618,-2.6872573,-5.208884,1.7026607,1.9659458,2.0016875,-4.461328,1.7839239,-0.985603,4.4474382,4.507597,-5.737232,3.0216014,-1.316509,-0.38329986,-9.659882,-0.8946028,5.121031,4.533921,8.249534,-5.690837,1.930645,3.472635,0.8392629,0.948689
120,4.3477483,10.125799,5.232773,-1.749709,0.72950715,2.1855938,4.380119,-0.75160104,3.7590652,6.8888664,4.4505043,4.5710497,-0.0956351,-1.8271551,11.364153,2.0324283,-2.5191584,2.1778045,4.4038444,-5.5413265,-1.5415322,1.0694453,-1.5631654,9.891828,7.1491103,6.212012,7.4032393,-1.8647679,12.199414,10.287141,-4.613403,2.164819,8.442915,-4.5792856,7.517546,-1.4100947,3.6282897,-2.9165902,3.723059,4.654104,2.6746054,8.309874,9.075149,7.47282,-1.5471004,-5.7826014,-0.5423066,6.412976,3.0495465,3.7430043,6.5165663,-3.5853548,5.970777,9.491198,6.5182743,-0.5572914,2.655485,4.0376015,5.067145,6.60765,4.501484,1.8176248,8.828371,9.955016,5.095642,5.22506,3.0928802,4.0057774,5.596896,-0.7582888,0.33403885,2.1745906,5.5761056,3.4351766,3.954815,1.6410102,10.744927,8.53591,-0.3307037,6.419463,7.8944077,6.4183183,5.020712,6.705228,3.9670267,0.9019913,6.545588,4.4064856,-0.69694036,2.4205365,1.4294324,0.38266587,3.2342236,2.9870348,0.5726233,0.2283358,4.1579957,10.614992,4.553771,11.365305,5.3502364,-0.3495625,1.548116,9.570062,5.375291,2.9084058,6.843205,7.202053,1.8254547,4.2000403,-1.158197,3.2657225,2.24369,0.53029805,7.9349303,3.2221866,-0.42069978,0.35541004,4.2992187,-0.16367458,-0.7545824,7.818843,5.793829,10.946033,1.3969194,6.438462,5.509796,0.60142076,-3.2005541,-1.0245401,1.2008972,0.52255446,8.138692,5.542332,4.6013885,5.757084,6.7751637,1.9207001,0.94218135,3.7511294,4.389332,5.247379,11.953795,5.1860147,-1.6730568,-1.4181619,5.5996823,4.3651547,3.214065,6.9904,5.1951375,6.172558,5.9475884,6.6422343,9.166214,10.586878,1.9946629,2.934183,-3.5419116,4.5304546,3.2251923,9.754475,4.239656,3.0113497,7.496197,6.1365314,5.1231575,4.659848,-0.31016994,4.50902,0.81969583,8.401159,3.4777858,2.3079612,4.615358,15.295953,-3.2333684,-0.50046664,0.9880182,4.8593407,4.119032,1.5483967,-1.8108406,9.491705,1.6603241,2.2663717,-5.21759,7.452037,2.483065,3.0303614,1.6899898,7.0004015,2.3212523,-3.2978144,5.1019993,-2.7686357,3.5409114,0.096224666,-0.7140558,7.370188
121,4.4131756,10.0741415,2.8984802,0.13721964,3.4826956,4.6432776,5.3420024,-0.17260523,3.5700161,4.7226934,3.1498299,5.166926,-0.0069922563,-1.2224809,10.284941,2.5308688,1.1978178,2.1292863,5.553276,-3.151519,0.6830364,3.9263413,1.6666704,10.278954,7.6545587,6.52565,7.236775,-1.8965893,10.503449,9.722079,-4.474115,2.8386045,7.9380937,-2.0612211,7.8296027,-2.412057,3.8987556,-1.203428,4.243255,5.428935,2.0646904,6.8363285,7.519316,6.371853,-0.4786175,-4.1854773,0.5327019,6.5093813,3.9582756,3.2494898,6.432385,-0.9292965,4.934338,9.371365,6.539497,0.70925754,1.1587554,3.2323923,8.313936,6.0267086,3.3241866,0.4088735,9.95438,9.658115,4.145496,6.553704,2.3323636,2.1024148,2.547863,1.3402821,-1.831247,-0.3017233,8.020952,1.5583975,4.146274,1.568167,8.689735,8.134496,0.02434118,4.153402,9.606718,4.1531963,2.8547227,6.038018,3.407333,1.6684728,8.13356,5.697174,0.6097367,0.29643416,0.06983203,-0.38585415,2.162922,4.013946,1.878233,-0.45122108,5.510846,9.915741,3.9970953,9.789487,8.098397,-1.3793958,2.2433264,8.020053,6.705711,6.3225856,7.473539,7.792887,3.649349,6.326227,2.2181387,1.8883343,1.2963977,0.511478,5.4561524,5.796419,-0.7826999,1.6718497,4.204057,-2.5907626,-4.1348314,6.230518,3.5994031,9.26895,-0.36265007,4.3873715,7.9105115,-0.4302988,-4.9821486,2.296236,-0.055177618,2.046589,7.7313786,4.5843706,3.1540318,4.3135247,9.708876,0.3061235,-1.0298651,1.3362144,2.4638784,4.0541887,8.746944,3.24344,0.8752666,-0.81888664,4.688656,2.733135,4.6882195,7.266707,2.9408982,3.2642019,6.347701,4.7599754,11.256845,11.995074,2.2226326,2.9123757,-3.8641758,5.8247294,-1.1342953,11.189487,5.5306926,5.437202,5.761628,6.0658474,5.5292854,4.9319124,-0.2938284,4.1891055,3.375888,7.873013,5.8813434,1.6643058,2.3114364,15.317472,-3.741634,2.350709,3.4365866,3.4138603,5.0893383,0.49480647,-3.9968448,7.1254444,0.9148014,-1.1499743,-4.5632844,6.455678,-0.58237606,3.6205535,5.2664156,3.5555568,4.743291,-3.3447475,5.8709235,-0.79612756,3.0386384,-0.42022756,0.47579482,7.6890445
122,-2.7490423,1.2537011,2.0232713,0.15391295,-0.8962138,2.0918443,4.658291,0.53468114,0.07305368,-1.1507307,1.7401022,-1.8684126,3.9054747,2.9117525,1.1383786,-2.6361182,-7.249643,-2.5136456,-1.5930523,0.5918876,-2.622168,-2.2811215,-2.370253,-0.1701591,1.0712947,-2.000307,-3.3092787,-4.075819,1.6142514,2.0001256,8.797751,-1.2539618,0.56067926,-0.42662916,-0.3310849,0.07490012,1.3016002,-1.8940144,0.9064624,-0.27811489,-3.4023786,3.1082752,1.7208781,1.7372093,2.5503404,-0.8099131,-0.26371464,2.763105,0.6109897,-0.8985696,0.045578163,-1.7548972,-0.6557205,-2.1258516,0.03709977,0.34651598,0.55897135,8.161173,-1.464207,-2.9763174,1.8789539,0.70730394,-0.9997828,0.26234463,-2.9797766,-4.34039,2.896592,0.6440629,3.8784208,-3.0995457,-1.9840622,-2.0174537,0.98045105,2.10712,-0.2416796,-0.08032204,-0.37299666,1.2551606,1.4286094,2.4554749,-2.3462656,1.5757514,2.2309754,-1.8551869,2.0549216,-1.5730529,-0.7235711,-4.0024567,-6.8363767,-3.3197055,-5.4526668,-6.4671755,1.9602077,-0.95495075,0.7130805,0.2067102,-0.52355254,0.18235204,0.79134256,-0.4334062,-0.55725354,3.5979645,0.7381778,-1.6429319,-0.3423047,-1.1245404,-3.9673014,-4.1345515,-1.4417791,-1.5928525,-5.9727798,2.219312,2.4134438,0.14006053,1.6233844,0.32456514,1.8799878,1.0216272,1.5703356,-3.002967,-3.0269325,1.8420748,2.0532646,-0.094772965,-3.2027683,2.1316898,-1.692324,2.7097588,-0.24672896,-4.760329,-2.8464282,-4.8592696,-0.89188117,1.6665378,-1.3157548,0.50743914,-0.9983509,-3.241272,-1.627057,0.74331033,1.3333398,-0.70477605,0.98875445,-0.32915395,-3.79861,-4.226733,1.7085276,-3.5831947,-3.6622956,-1.6305021,1.2503067,2.3547363,-0.20855519,1.5435985,1.2307022,0.64416826,2.1077123,0.30768842,-8.132035,-1.9823922,-4.1987443,-2.003467,2.5022485,1.5614637,0.29603362,1.9725696,1.79772,2.290707,0.06784416,-3.1078708,-4.2427783,-2.6526134,-2.6558723,-1.483418,0.63785625,-0.43116143,2.4825335,-3.6592596,-1.0879874,0.23022409,-1.5330626,-1.5232172,-0.65872425,1.7152344,1.7895403,-2.7810438,5.6011143,0.07355944,-0.19307312,-3.4980123,-1.9489446,3.619186,-3.7040396,-3.151125,-0.89582306,-2.5679848,1.0789608,2.829273,1.952793,1.0348699
123,-1.0953637,-0.44716603,-0.40104854,1.684703,4.414685,1.2556002,-0.25224903,3.0448182,2.0906246,1.1387542,1.1664929,2.5700054,-1.2048006,-0.17691112,-2.134495,2.71567,-1.2839934,2.0977573,2.7796025,-1.0503991,-1.1286756,2.837532,5.310061,3.5916038,5.9888124,-0.69792813,-4.2514753,-3.795138,-1.9402337,-0.97562057,-1.2549298,-2.7001882,-1.414389,-0.17326811,0.12775059,0.26161706,-1.8795068,-3.3526819,3.135729,1.279428,-6.633423,-0.56326103,-1.2942486,-1.5762488,1.5030167,-0.721058,-1.4995073,1.2908827,1.0035241,-1.4216961,0.063510634,-0.54920894,0.9067553,2.6693635,1.9230243,7.343294,-0.76309454,-0.54607415,2.3081014,0.31833935,0.9466921,0.5287622,2.2015872,-1.7590824,-1.6755697,-1.0273836,-1.5304594,-0.13334675,-2.0559318,-0.9008403,-8.768892,-8.97567,5.3475366,-0.79779834,0.11595969,-3.9638584,-4.1117487,-2.1634948,4.838536,-2.6241438,-3.9776008,-2.1300015,-1.5353941,-3.4058185,6.624568,-2.3719213,5.009273,-1.3491584,-4.122567,-5.5235353,-5.7902503,-4.8987117,2.4725144,1.3504243,-0.3034773,0.36292604,-0.998279,-1.8436117,-1.706866,-6.070519,-0.78429127,2.5463061,2.2076097,3.55572,1.789246,4.4082866,-4.159609,-4.2121477,2.1599905,0.17965691,-0.27110782,-0.17303644,-1.1139233,-1.3949403,-0.16880807,4.5862412,-7.2238746,5.986114,0.5747615,-4.0664735,-4.657006,-1.4698263,-2.5983045,-6.021136,-4.6276298,-0.55688095,-1.3399509,-2.3809264,-4.491955,-1.9285642,-1.6115847,-2.9674644,2.4374769,6.321686,-3.6233401,-4.4870877,4.7747583,-7.7056856,-7.045398,-2.4643116,-1.1772609,-1.9027387,-0.25778607,-2.8611507,1.4994916,-0.5619189,6.3552017,-4.6477385,-1.6674736,2.703371,-0.50779647,-1.7085649,5.5767293,-1.6385555,0.29628184,0.398094,-3.8131444,4.6320806,-7.6848507,2.8527665,-3.8994184,-0.005443144,0.7461413,7.1463847,4.9829974,-0.40365508,-0.24154355,-2.3454554,0.9951711,2.8312933,-1.3726013,1.2126114,3.2876825,-0.915421,-2.6907687,-1.9161859,-2.0521555,-1.6527079,4.6322436,-2.205234,4.070848,-6.1266403,-0.4270381,-1.3073517,3.1061642,-7.875191,-2.5062714,0.34986898,-6.0920715,-2.027909,-4.2675004,-4.3940687,0.8617169,-2.334703,1.0233202,-0.83023626,2.7275121,1.9546685,0.8764402,1.2362075
124,-2.4879065,6.0594573,5.0467043,1.8984313,2.9624517,2.2369697,3.708492,0.009855006,6.3342075,3.1563916,3.2569616,0.90194374,-0.93964094,0.8940979,5.514236,1.0666052,-4.1885867,2.4127493,2.3796468,-2.107631,-2.8832326,2.7234282,1.7661505,8.3431835,7.6444507,-0.29400188,-2.3151488,-2.6603942,1.7913477,6.2918468,-1.531544,-4.4432287,-2.1457145,-3.7088559,2.342663,-3.8640647,0.7713769,-3.3330193,0.44212916,-0.28202587,-6.257429,5.396234,5.018617,4.3482037,1.6483648,-2.953085,-0.7273048,5.000652,3.0914214,-0.0485021,4.5520825,-3.753901,2.5265703,4.8903847,3.9751072,3.9207985,3.028893,1.9536649,2.9931622,1.7537891,5.0064282,4.4923954,3.8110032,1.1412419,-3.5954967,-4.191594,-1.88012,4.417813,5.5659065,-1.0051179,-3.5548975,-3.5024018,3.1146116,5.5161324,-1.9146409,-1.9849229,-1.6711633,-1.2012025,2.3084385,5.397962,-3.8410907,4.8039913,5.119997,-5.450967,4.3721237,-3.716868,6.6405725,-1.457169,-3.9388714,-2.6657305,-8.697023,-8.3790455,3.996046,4.337301,2.405314,-3.0279217,1.4225519,0.1495513,-0.94188565,-1.7106742,-1.7920748,4.1250734,-0.31294373,7.1617446,5.413967,3.716504,-2.1012099,-1.9755242,6.3247495,-0.07083652,-3.1939697,4.1148977,4.196773,-3.5009828,6.6067996,0.37592036,1.0404626,2.2071605,4.8788276,-3.1329124,-2.8660755,5.528867,0.21192892,-1.3865921,-6.4327955,5.8747005,-0.89225954,0.32826763,-5.5249004,-5.245313,-1.3222209,-5.2804823,5.072428,4.602733,-3.6190362,1.1440012,5.2729487,-4.782356,-1.0814731,-0.0013724293,-0.27970284,-0.78279185,4.9457355,1.8531598,-2.5181437,-4.164544,4.600711,-3.6788952,-5.922097,2.9111528,3.9831107,3.3276966,8.075196,4.9739504,3.9716637,5.4940033,0.8794643,3.545472,-8.674963,2.5329137,-3.0925975,4.1783333,3.953841,5.88813,9.798912,3.6989298,2.6751287,-0.16806582,-3.490921,1.9687333,-3.1143358,3.1048028,3.2075398,-2.148819,3.8942342,3.0942717,-1.5704713,-2.5535083,3.2130928,-1.8530804,0.36919323,-0.25850242,-1.6972104,7.698507,3.1152725,-5.0053325,-4.058823,3.808769,-1.5757577,-4.00182,-2.448349,5.153383,0.68893486,-2.8485096,3.074951,-2.0486307,6.2302585,3.999491,2.0882227,3.7904127
125,-2.1079085,0.14586012,2.2146993,-1.8765419,-0.8506077,-1.7028534,0.78561926,-2.2596998,2.4517388,-0.88876015,1.3904078,0.5150896,-1.3434432,-0.045761984,0.7375015,0.52729404,-5.4323096,-1.3547752,-0.9669194,-4.4983797,-4.927144,-2.6276698,-1.4070128,1.6299583,2.6177528,-3.1150296,-4.8523045,-1.6195213,-2.5864618,0.14949995,-1.1654693,-5.5205703,-3.736447,-4.370567,-1.3135232,-2.3894565,-3.9007268,-7.997314,-0.4144321,-1.5769255,-6.226613,2.063856,0.49760288,0.31982535,0.37381205,-2.2883763,-4.178394,0.20023687,0.2153616,-0.95671207,0.3839183,-4.6900787,1.0324736,0.38356748,-0.37286025,0.52931625,-0.89129496,0.8118695,-1.2136638,-0.5278525,1.5777185,2.6696792,-1.9419656,-4.519149,-3.9298003,-3.232289,-2.0393846,1.329641,2.3277733,-3.9115558,-6.449052,-6.160949,-0.65902376,1.9888679,-1.1101075,-7.8546405,-0.02192421,-3.924127,-1.4288156,2.1212454,-5.0460014,2.0316205,3.3676612,-5.358561,0.2976884,-3.1084752,1.636714,-0.73609936,-4.254073,-2.433976,-5.373839,-4.3884354,3.3064852,-0.26350704,-2.6332142,-2.317312,-3.0253694,0.24054807,-2.1061223,-3.0103576,-4.2267594,2.670862,0.8465924,1.0111423,-0.8847783,-1.241492,-6.2548113,-6.2017045,0.6129079,-4.8273125,-4.5171814,1.8543718,2.7886176,-3.8161952,2.436204,-1.2308867,-1.3375695,0.4151408,0.25045556,-4.6211343,-4.095598,1.1661848,0.30464056,-2.0631697,-1.8965373,3.5012512,-4.1380234,-0.10104387,-0.024818407,-5.7381005,-3.805995,-6.1275415,0.36383703,0.23306972,-1.880396,-2.1444929,0.2537553,-5.6681495,-3.8493404,-0.71269083,-0.31041226,-1.4437118,-0.48554182,-2.3678384,-2.6291752,-2.6823835,0.21863246,-2.452819,-4.78094,-0.53217816,1.9399854,1.8805002,3.1282125,2.0823698,-2.5669627,-1.4816936,-1.3512251,2.5994742,-6.400311,-1.3843958,-2.3278937,-1.6962525,-1.0179365,2.3375578,4.3311963,-0.52539575,-0.646374,-0.50574785,-2.7854009,-0.7456545,-3.8867269,0.021727143,-0.27507013,-2.201878,0.6044634,-2.5454998,-0.94994706,-6.705467,-1.9034039,-0.25515115,-0.44051942,-4.84854,-2.2169945,2.623899,3.2527068,-2.598616,-3.352264,2.1483438,-1.0469046,-4.8213882,-7.330382,2.4929433,-1.1172832,-3.473779,0.4001748,-2.1982708,2.8650959,2.3876765,-0.42767346,0.15543148
126,2.401177,6.7277827,3.5642574,0.45452046,3.059494,1.3036981,1.8418512,1.3496567,3.3759615,6.3683934,1.9418972,3.248087,-0.70804405,-1.7674531,8.816689,0.37733743,-0.795025,4.9150596,4.3761735,0.96639687,0.013350716,3.1868095,0.46501336,7.2340264,5.2994,2.613964,2.979104,0.48963818,6.3945513,8.313019,-3.2341056,-1.6855137,4.261318,-1.4404373,4.810983,-2.9944055,1.2943113,-1.9964184,0.9105159,1.3632146,1.0424292,5.710922,6.796905,5.8539405,-1.7105213,-2.9254422,-0.7769656,3.0392146,0.8077893,3.0185995,5.186693,-0.8101536,1.378847,3.9441571,6.0355625,2.1698196,3.0059423,0.5342828,2.2399049,2.5357208,2.6032841,0.917591,5.6951776,6.2300034,2.7271752,3.4577177,-0.16912588,4.773081,4.220126,0.75733966,0.9074216,1.2559634,4.6176596,3.5666862,0.86976326,1.7052742,3.555569,3.6975594,1.180192,4.1987457,1.7023789,3.8419423,2.7453983,4.2909465,2.8101125,-0.12862387,5.627611,1.9812895,-3.8948536,0.9210211,0.46157518,-1.5553627,1.8192114,3.9544222,3.329415,-1.8540506,2.3375232,4.642464,2.2620752,4.399994,2.7618742,-0.17523003,-0.8501058,7.7895856,7.557105,5.5422673,4.085149,4.4118524,2.7197344,5.4326334,-0.5256053,3.0203896,3.3315382,0.6427412,3.2306955,-0.33070108,-1.6027868,2.0216124,2.0561993,0.71529716,0.68668586,5.840456,0.45323125,4.0989947,-0.6952437,3.9589064,5.2796493,0.36625275,-5.487858,-2.0004346,1.3668411,-0.24962886,4.0734873,3.4877694,2.3812842,2.9104362,4.3509145,1.6355404,1.1556365,0.11003485,0.10238731,0.48975515,9.158267,6.3257113,-2.172926,-0.8411564,3.4977684,3.100241,1.7184064,3.721357,3.4551322,2.9682224,4.0727024,4.046134,8.610117,10.270028,0.6695543,0.98628336,-3.396791,5.6592946,1.6732256,7.7641854,2.0986624,1.9356576,6.8988113,2.1105754,1.3532416,1.1430538,-1.5510615,2.220523,0.7333451,3.453162,1.3208718,1.2043241,4.1733227,8.500717,-4.625183,2.098533,2.818966,2.2448542,0.9728542,3.0064363,-0.3052129,7.295512,0.69789153,0.60602915,-4.413985,3.1754162,0.2535963,1.4316801,-0.37589628,4.582945,1.200956,-0.8831835,2.7164824,-2.4384618,3.0018291,0.3547081,-0.6620854,5.0622797
127,-3.4722319,0.41788685,-1.8298185,-2.7693453,-3.6967585,-0.6751218,-0.39094508,-2.5370479,-3.449734,-3.146987,-1.8355726,-1.1404121,-0.95763,-2.3325412,-4.8086534,0.060701247,-3.981305,-3.7717972,-1.7206415,-5.8369346,-5.6253943,0.3461562,2.3106995,-1.5074633,0.27524462,-2.8091557,-4.8460627,-4.4476595,-3.4213948,-1.2284458,-0.9058419,-3.7557096,-3.3688703,-2.9288263,-2.2386715,-1.2243384,-2.4562027,-3.8829038,-0.35374743,-1.9738714,-6.314091,-1.3194414,-3.3370514,-2.9331155,0.78151107,-3.9893174,-3.4806693,0.51566684,0.014350414,-2.157503,-1.3347386,-3.097923,0.24418965,-0.32665023,-3.1200874,-2.9939873,-4.3366346,-1.0294526,5.618357,-0.13260472,-1.1575164,-1.6266253,-0.31880638,-5.52105,-3.673701,-2.635682,-1.1252689,-4.0059958,-1.9506317,-0.75198215,-6.582348,-6.236463,1.761619,-4.284607,-1.4956508,-5.447963,-2.242436,-4.468503,0.8708228,-1.4782183,-4.2596517,-1.9626007,-0.15000269,-3.8095446,-0.77501535,-3.4332426,-2.8251727,-1.8947173,-1.5093493,-2.013495,-5.074357,-4.3616796,-1.1948354,-1.655145,-1.2717272,-1.1062225,-3.384846,-2.6359143,-1.0746028,-2.4798417,-0.6295716,-0.94899076,4.3397317,-1.4143573,-1.7842469,-1.8765336,-4.046225,-4.2537613,-1.496771,-2.691904,-2.6218655,-1.2407316,-5.2898016,-3.625814,-0.2220856,2.0503511,-0.39322183,-2.198731,-0.14141788,-6.0384808,-5.944069,-2.998905,-1.5595878,-2.6561356,-2.632835,-0.5208748,-1.1118451,-1.377165,-2.2941365,-2.277601,-4.3707485,-3.4250097,1.1380192,-0.4988612,-2.5809908,-0.9429409,-0.5248761,-6.596408,-5.4168296,-1.2202477,-1.5556576,-1.1335764,-2.645374,-5.371619,4.039683,0.27281058,-0.43766293,-3.5934417,-3.2393615,-2.6355162,-2.405718,-2.5659325,-0.851642,-1.7960336,-3.0619762,-3.0997622,-0.039977185,-1.7079358,-7.1514726,-2.9023607,-5.4605303,-1.570554,-0.37944564,0.44430104,-4.661833,0.17464842,-0.056752104,-1.078295,-0.71770597,-0.04750566,-2.500352,-0.2781787,6.974851,-2.2033596,-3.049594,-3.4040475,-0.4141214,-3.7472847,-2.7662728,-1.6070381,-1.2407495,-5.9059167,-2.0658474,-3.3268328,-1.5669357,-5.7852244,-2.9061143,-1.4345236,-3.257389,-2.6266193,-3.6724284,-3.88947,-1.8701589,-3.7090886,-0.9498722,-1.6484025,-3.3535795,-0.91225064,0.144505,-0.116839826
128,-5.486765,0.12179109,-1.4522943,-6.9706607,-4.03774,-0.6435357,-1.5901792,-4.421365,-4.311455,-4.5327196,-2.6658134,-2.9874873,-4.2878475,-4.223875,-1.7990873,-7.4284663,-2.1583576,-2.0881329,-0.29978877,-5.836457,-3.978486,0.7334281,-1.3485669,-1.7868117,-1.861832,-3.1626203,-5.181333,-8.37619,-5.112168,-0.1652122,-6.201523,-8.217188,-4.4632006,-2.0464914,-0.9597643,-5.9502506,-5.8163958,-7.6729984,-2.1125698,-2.4631424,-6.090086,-0.4592408,-1.8067007,-1.8688064,-2.673004,-5.633219,-6.109189,-0.79849714,-2.921679,-3.609841,0.48874167,-0.7828559,-4.244719,-7.873856,-2.9548652,-6.348694,-4.678453,-3.53198,5.380211,-6.476239,-1.866777,-3.398456,-1.088049,-5.285186,-6.157636,-1.179112,-1.7683729,-5.335417,-2.729726,-4.9512935,-8.825531,-8.040301,-2.1491055,-8.701885,-5.0423837,-8.315965,-4.9816813,-5.837367,-1.4539472,-1.6602312,-5.3968472,-1.951238,-1.7921231,-3.5688963,-7.471339,-1.83127,-4.55777,-3.2897124,-4.51929,-3.9987304,-5.6503506,-5.2135262,-2.7538528,0.61085236,-5.543523,-4.799614,-4.4726725,-3.9884505,1.7880203,-4.1954184,-0.64595777,-3.9204845,1.2825621,-3.3896813,-0.2712749,-0.54729193,0.5535382,0.52399045,-2.6272538,1.3969257,-1.4274774,-1.3597682,-7.581476,-3.4805882,-3.3785064,-3.1238973,-4.9242973,-4.0284495,-2.819871,-8.244718,-8.936863,-0.3785891,-5.4429936,-5.1750193,-5.1915746,-1.8451275,0.4379539,-3.7499328,-7.350154,-1.4986749,-6.0452876,-4.819616,-1.971606,-7.093287,-3.186745,-2.822248,-2.2973735,-7.444986,-9.173489,-3.8556917,-4.418118,-1.1970665,-4.3259974,-0.946538,-0.1923439,-0.7483056,-7.079927,-5.2373805,-3.4764235,-5.670279,-2.6846325,-2.8472347,-4.6415887,-1.7622362,-0.6056544,-2.396695,-3.7813747,-6.928602,-9.732357,-0.84314686,-10.928715,0.8740518,-0.081458926,-5.559549,-7.717352,-2.718039,-2.7134867,-5.0112777,-3.6633084,-6.824231,0.14920026,-7.4623113,2.5268037,-5.7079015,-2.0018098,-1.3125147,-7.26195,-4.316287,-3.0425894,-2.2640061,-4.818596,-8.116292,-7.401146,-4.122978,-4.814329,-8.629097,-7.553198,-5.097861,-6.090765,1.1119986,-5.1698494,-5.774255,-5.3479233,-4.935166,-3.2494247,-3.3047395,-5.37162,-2.5923069,-1.5834565,1.9241865
129,-1.5923342,2.6883988,2.0981462,0.62895876,-0.07762604,-0.25992605,-0.34146068,-2.6641924,-0.29227847,0.422867,1.4260869,-0.58182657,-1.0415609,-2.6969628,3.3144815,-3.0138845,1.3811674,0.23004025,-0.19205663,0.74103826,0.3260141,0.05806038,-1.3145335,2.1868424,0.33545804,4.351227,4.006628,-0.44534656,6.3668647,2.851012,-2.571623,-2.1336246,4.1499243,-2.5612032,1.1790203,-3.7005756,-0.54754287,-0.06731715,-0.098242685,-0.096309066,1.9937805,1.0168455,2.9551399,2.81671,-3.2686644,-3.9730117,-3.6596467,0.56468654,-0.49661434,3.8007812,3.219032,-1.305402,1.2776481,-2.271708,0.7563145,-3.3759596,1.5457789,-1.2882694,1.2120296,-2.839176,-0.30334783,-0.97982407,-0.10039277,6.3597875,-1.5347229,-0.15597183,4.299256,0.9607153,3.4427323,0.93712085,-0.030943632,-0.59589255,0.25333765,-1.0736454,-3.5313773,-0.040982835,1.1714175,3.1662097,1.0523517,2.880827,-0.025305655,1.5883738,0.96407247,0.733561,-0.6029898,-0.1039349,0.55116105,0.110529535,-1.4473081,1.3008446,-2.5644357,-4.6399755,-0.84475595,0.49008942,-0.0060567507,-2.9908962,3.0983586,2.3086104,1.5734334,3.9507987,2.4767747,-1.9821126,-0.64578587,0.28315547,1.749223,1.7115737,2.2060707,2.2049243,-0.1337609,2.8725019,0.17292209,1.8613122,-1.7197996,-0.9150047,-2.334814,-1.9586964,-0.90502053,-1.9427564,-0.188614,-0.26940414,-0.29859453,4.6748147,1.0967418,3.6626596,-1.1833073,1.2208351,4.278064,-1.5264084,-3.2168489,-2.4486132,1.8693771,-3.5288866,-1.6463732,-0.88477427,-0.9261376,7.1228237,0.80323154,3.5300689,0.07424986,1.5899684,1.6670078,-0.11752829,4.1357093,2.8291278,-2.6171846,-2.1896806,-0.865364,-0.8182081,-0.16024645,-0.59414274,0.5979761,0.58351123,0.6032095,1.7369068,3.5967803,4.7438474,1.0825866,-3.9097335,-3.1293895,0.48280278,-4.13523,4.099708,-1.5563369,-3.6558046,0.029144907,-0.8201403,-1.0188022,2.3491113,-2.2995517,-2.8775914,0.94946116,-2.088952,0.5207527,0.32677007,2.1652923,4.234324,-4.649439,1.1132963,-0.6853441,-1.7926648,-5.3453803,1.5787882,-4.4913325,2.0001667,-1.6412646,0.0937051,-4.091995,-1.9265202,1.47294,3.5422976,-2.8390374,-0.4655493,-1.117943,-2.2316742,0.6371954,-3.3177526,-0.6431557,-1.1920042,-3.0185492,2.0360336
130,-3.846263,0.5618418,1.5894566,-1.4264654,-2.1057441,-2.8628395,-3.0230706,-5.0625434,-2.5304265,-0.30556935,-0.6180494,-3.3596346,-1.3223281,-4.968979,2.0501943,-5.947112,0.3193129,-1.1980739,-2.719928,0.8657093,-1.6920482,-0.16037011,-1.8211362,-0.081180595,-2.159378,2.3469281,1.9264146,0.60863775,4.0482025,1.3955024,-3.4211648,-4.966994,1.8435622,-4.562855,-0.67958826,-7.0857096,-3.1991162,-1.6753968,-3.685636,-3.7034879,1.3833518,-0.5220745,1.9977208,1.7077134,-4.9671736,-5.421848,-6.958863,-2.555368,-3.3166485,4.706871,2.2633777,-3.02893,-1.5887085,-6.676675,-1.4016305,-6.2845984,0.705239,-4.1753793,0.26379156,-5.568709,-2.1221402,-1.8301111,-3.6664166,3.880197,-3.843888,-2.3177834,3.6835375,0.13758777,3.5621758,1.506677,0.11872112,-1.0280982,-2.2276676,-2.4181654,-6.3966975,-2.496157,-1.2183616,0.28996995,-0.09445762,2.095581,-3.4761076,0.9842593,0.21320885,-0.88865536,-3.2897713,-1.3595766,-1.9754503,-1.4617908,-2.8988154,3.2142143,-3.3112152,-5.7462983,-2.7496462,0.0020514743,-0.61657363,-6.5743413,-0.079071835,-0.089091145,0.469833,2.551892,0.80717146,-4.191045,-1.2553098,-1.8280379,0.47778204,-0.6478466,-0.24414434,-0.2567054,-0.7982364,2.7030118,-1.5008897,1.3407224,-2.5020492,-2.2164657,-4.4936876,-6.5112877,-1.3869271,-4.6375937,-2.84044,0.057027597,0.97693175,4.253199,-1.5756758,2.1549892,-0.9514871,0.1245195,3.3851435,-2.4339895,-3.244682,-4.4772224,1.189703,-5.508574,-5.1890078,-3.4857802,-1.3360529,8.505908,-1.7734832,4.5923944,0.8339228,0.2630937,-0.09059999,-2.6965823,2.7907696,2.2979987,-3.0625548,-3.2835054,-3.491251,-1.7139517,-1.1964614,-4.8979325,-0.3427773,-0.45609832,-1.315272,0.9680157,1.521182,2.8527324,-0.22893338,-7.1603546,-3.4987779,-1.8916937,-5.194842,1.898229,-4.623422,-7.3277965,-2.0757234,-4.4033747,-4.689179,0.6614283,-5.736552,-5.7225156,0.12954004,-5.2806587,0.14641248,-0.4831118,1.7337713,0.6873223,-5.369105,0.99471825,-3.6973054,-3.187606,-10.3562975,1.8693917,-5.8853745,0.8657919,-3.7929337,0.32968318,-5.6973424,-4.733857,2.1205444,2.594272,-6.7806644,-1.8192353,-4.0944157,-3.0044615,-2.1395135,-3.5068521,-3.093459,-2.8432066,-4.8379326,0.11923779
131,-4.4608307,-2.9976106,2.5466416,-8.660705,0.9319545,0.0057694423,0.75971603,-3.0584433,0.8559829,-1.4159244,0.18722796,-1.7416221,-0.6552109,1.1571465,1.2997988,-8.493311,-4.784875,-0.52640516,-0.25690374,-2.7815642,-0.68199307,-4.168385,-2.9447687,1.5036818,-1.1455323,-4.9828043,-7.2485514,-4.2462306,-4.7791295,-0.7863101,-1.8307194,-4.3464174,-5.451931,-1.4970094,-1.2455803,-6.516765,-3.6565673,-8.54288,-4.178623,-3.1657097,-5.3045487,0.9308816,-0.06123784,-0.89862585,-0.12560065,0.27522945,-0.50648934,3.0687115,1.3258948,-0.7883314,0.043658253,-1.2392926,-2.3530152,-8.127522,-1.0350121,-3.1247413,-2.7256854,0.84831095,-3.4917676,-7.0936575,6.000951,5.8475504,-3.2172475,-4.2864566,-4.108728,-3.3527884,-2.0913463,-1.0321646,2.325804,-10.444911,-2.4818401,-2.216367,-4.5567946,-3.174988,-3.0469508,-5.182398,-3.7069652,-4.1323853,-3.9889286,0.9058509,-3.9058685,0.4067924,0.13189489,-4.8394427,-3.2708094,-1.5907137,-3.7824965,-4.252218,-7.9153457,-0.9650957,-5.0754485,-4.2564225,-0.7456626,-0.41381866,-6.196983,-6.5616665,-4.6645837,-2.9005198,2.3301654,-2.807442,-4.1458383,3.8914416,-1.1787397,-2.3741064,-0.9793377,-2.8913558,-0.99119216,-0.79760915,1.5261145,-0.54608595,-4.251845,0.06928609,-1.0459932,-1.6964232,0.64816755,-3.9603229,-1.3127575,-0.9216559,1.7859248,-1.7817293,-1.2939553,3.2642646,-1.0416641,-2.532145,-2.4549077,0.70412374,-3.5070093,-0.2693947,-3.8545012,-6.971066,-0.18951705,-4.147207,-3.7056477,-3.1494014,-2.027169,-3.229876,-3.7752974,-3.787497,-1.2545462,-0.70778775,-0.37124115,0.102547914,-0.65820915,3.2115095,-7.682505,-3.7494774,-3.2007792,-3.9216008,-2.4587436,-5.574693,2.0016873,3.3703325,0.59507257,0.41511315,-0.89848006,-1.0736444,-2.431655,-3.3659763,-2.9959075,-0.48824793,0.30508313,-4.312074,2.6181526,-4.416959,-2.4162579,2.1267414,1.9565066,-2.818248,-6.676304,-7.7275686,-5.2695327,-8.201561,-8.104493,-5.875991,0.97951674,-0.8289443,-3.038376,-3.9791715,-2.0473878,-0.8298621,-3.3377428,-0.90933335,-3.0703647,-0.23829082,-2.1858246,-2.0875404,-3.5562506,-3.5543404,-1.0760624,-3.0556848,-7.3614798,-0.042687166,-6.137651,-3.061785,-2.8974497,-1.9023511,-0.73091894,4.3424735,1.1506777,0.39813876
132,-2.6717165,-2.711487,0.1389879,-3.3968096,1.69742,-1.1336503,0.2971536,-8.462627,1.7147624,-1.0303776,3.0351865,-0.30749598,2.5774736,1.61251,1.6134334,-4.891848,-3.2647138,-1.3181552,-0.085836336,-3.8146162,-2.4058824,-1.1989113,-1.4548181,-0.17170715,0.37657464,-0.70692056,-0.89339185,-5.464786,0.11288354,-1.272019,-2.4426215,-3.0423353,1.3843111,-3.7418218,-0.24012195,-5.315929,1.787042,0.93150944,4.4902234,5.505678,-3.5541217,0.75664055,1.2106385,0.16091703,-2.6702492,-1.7725638,0.4173646,-0.07076012,-1.0498029,-0.5429237,-0.98278344,-2.4943435,1.3233409,-2.2227924,1.2190158,-1.4734777,-2.3438244,1.6724112,1.2612832,-5.5704665,-0.28329524,0.37790745,-2.7525957,0.57405937,7.1701827,0.7419184,0.507354,-2.9460084,-1.289193,-1.0104377,-4.1274953,-2.7525034,-0.46305594,-2.3581057,1.0308018,2.2596548,-0.026771987,1.2639885,-2.0082796,-0.41440886,5.0416265,-1.0246592,-1.5341734,-0.7074561,-1.5742656,1.283842,0.55423796,0.7889143,-4.4664397,-0.18162367,-1.1931089,-1.684107,1.7002513,-0.44310442,-5.9533014,-0.65634733,-1.6805884,-1.2415423,5.112615,-1.543987,1.326291,-1.4210315,2.2432897,-1.2343862,-3.372533,-1.1443912,1.1494697,1.3656219,-1.4800638,-1.1349874,-2.247522,-0.8786438,-1.0244986,-2.6530566,0.7682166,1.1976552,-3.3099923,0.07087861,-1.5863866,0.7879176,-0.17408013,0.11166419,0.15804029,-2.355836,-2.0509045,-1.4241924,-1.6036791,-2.6574478,-3.107797,-4.8951006,-0.687613,-3.065796,-4.03243,-1.5294068,-2.8929107,-1.0694264,-0.46188343,-4.527913,-5.893145,0.96717834,2.7465668,3.7178998,-0.7311553,0.26059926,0.26665848,-3.11115,-1.4579047,0.08363394,4.626184,0.87311226,1.1069682,2.0450497,0.39039028,-0.7159429,-0.47053698,-0.41162634,-1.8939675,2.6286595,0.34169915,-0.45810747,-4.5157905,-1.794103,-0.90084743,-2.2484753,-1.1581016,-0.30759454,-0.18771815,-4.4525313,-4.098777,-4.4534073,-3.3377745,-4.5865383,-1.3370419,-2.4785109,-0.81290215,1.0070624,-5.640618,-1.7577176,-1.6414081,-3.0696003,-0.19961317,-4.677257,-3.6368392,-0.15107563,1.2683804,-8.3685875,-1.229491,-1.2693195,-1.4281867,0.4275445,1.2060531,-0.60959005,-0.8715535,-4.2605896,-0.8983446,-0.98641926,0.6989378,-0.934404,-1.6325942,-0.5377348
133,-0.9879933,-2.092687,-1.2290399,-2.4871361,-0.5147827,-1.7366573,-0.6379518,-8.091159,-0.42243394,-0.99696666,1.4528203,-0.26177377,4.9229455,-0.83549505,2.3717926,-5.0546513,-5.030229,-3.430008,-0.01777498,-6.2011743,-5.7967706,0.823785,-1.5040369,-1.0879397,-0.38236412,0.3456469,2.4366,-3.7054849,3.0081594,-1.0914545,-1.3112108,-2.7043147,5.1732454,-6.077497,2.0391016,-6.7567945,2.144157,-0.9799687,4.018578,4.337618,-1.5985897,0.6896903,1.4465724,0.608729,-3.0873365,-2.3877645,-0.5290891,-0.74144304,-2.5835476,1.8123409,-0.22383219,-4.7971096,0.3786357,-2.1520915,0.8465462,-3.419837,-2.0791411,1.0251484,3.3679419,-5.5538096,-1.8977327,-0.6420351,-2.8763645,2.5046961,6.6891584,5.339306,1.2239723,-2.971191,-2.898655,2.8409824,-5.8331676,-4.430005,1.8676683,-3.715378,0.65665674,-0.0129538495,4.380807,3.9428523,-4.5535007,0.37804544,7.704479,-0.9572025,-1.571446,2.9234579,-2.4162474,3.6728675,-0.44215557,5.116077,-3.1497817,0.99015343,1.8404049,0.7408884,1.0450561,0.4568192,-2.7493937,-2.0952854,-0.39189202,2.6745958,4.489414,3.9935925,4.906066,-2.8376093,2.2828817,-1.5260979,-2.8637605,-1.2090225,0.47031683,0.69682854,-1.5650105,0.7956588,-3.4082932,-1.0081621,-1.339561,-1.6264318,-0.5780615,0.41641736,-1.0315654,-2.0797799,-3.356934,1.9137138,0.7673432,-0.010631256,-0.33805805,3.558705,1.1082678,-1.5382141,2.3301513,-1.9052325,-1.7046515,-3.286173,-2.899129,-1.6459128,-5.8032675,-2.2739208,0.7497156,-0.15684125,-0.35006914,-2.8794699,-6.010415,0.93110394,3.1872807,4.5703907,0.25197968,-0.09382051,-0.35840407,-1.9852011,-2.1878183,4.054785,8.6688,2.8326597,-0.003200453,0.6875349,0.76362723,-0.60369945,2.7518268,3.4865348,0.23260176,1.5438888,0.21998301,0.27128547,-6.182647,-0.9488092,-1.9164547,-2.0015554,-3.1506767,-2.2334466,-2.0077415,-1.8757378,-4.5798516,-6.140176,-0.00889129,-3.7727003,0.54518384,-0.7301045,-1.6832131,4.2619386,-3.094493,-0.21308133,-3.934261,0.30200014,-1.0424819,-4.141402,-3.3554666,-0.34155774,0.69959646,-6.2366233,-0.7279102,-0.9714668,-0.38558933,0.43317497,2.2527993,-0.50130665,3.7536254,-3.1341572,1.7751722,0.83988035,-0.6298023,-2.135909,-3.2603471,-1.1157652
134,6.961365,-0.52850854,-1.850813,-5.3504014,3.3175132,-1.088004,3.3523626,-13.464758,1.013401,-9.21176,1.7330253,7.1942387,2.5117464,2.133427,8.034085,-4.1253486,0.9319946,2.92106,6.5289783,-4.907262,-3.4897938,-2.6831613,-6.594882,3.5177531,0.88344413,6.6595926,7.165224,1.9744787,3.3455265,0.45035785,-6.378749,-0.30705568,3.215041,-4.944036,2.2951028,-13.792186,-4.037705,-8.44543,1.3039026,7.329304,0.77359694,0.04881909,1.0501096,-0.35190782,-1.7769526,-1.205161,-7.918158,-4.254198,-2.732707,1.5744138,-0.36397457,-2.3381279,5.2770376,-0.37464768,6.3866243,-6.9002075,-5.1648035,-2.2202127,2.2664924,-2.1092947,-2.2047572,-1.1111709,-2.3117545,3.3108804,9.3173895,12.826701,-4.3034334,-4.0029135,-2.3083045,0.5044995,-5.7091875,-4.7736354,0.6751029,-5.4377646,8.688089,-6.8750935,11.5441065,5.1270127,-10.869386,1.4820862,18.822994,1.2102028,0.0032654607,5.686142,-14.062034,5.328085,2.3205128,13.206176,-2.8742888,2.2853937,2.3568163,2.4471085,2.3615954,-0.40425003,-8.0423,-8.614154,0.7146477,11.071516,6.485636,6.981085,6.657822,-5.9693136,0.067742586,-3.8467062,-3.16581,3.0232255,0.08173943,0.8636711,0.6817096,-0.33413994,1.9769007,-5.946266,1.8441061,-0.07596795,3.0027049,1.693372,-4.6983895,-3.029084,-5.2104683,-2.0137365,-3.8547924,2.310644,3.5452251,6.601126,2.60463,1.0929686,6.112807,1.8313949,-7.0201826,2.5161514,-5.3976116,1.1724496,-5.9974155,-13.824415,6.8874564,1.4745479,2.9771698,-1.2196457,-5.4503007,-3.7786305,-1.0315725,3.7255821,-1.769111,0.19637941,-1.8634508,-0.5867381,-13.681649,6.4744797,9.00625,-1.8493863,-0.6474057,-0.27809542,-0.15376773,2.2567003,1.1663254,3.7684896,-2.8926742,1.1823477,4.977957,7.681823,-3.823416,3.052593,-2.8234198,1.0470214,0.36011118,-1.6281695,-0.9703105,4.9127245,-10.361722,-8.549001,2.4704628,-0.8836517,-2.839146,-1.3096416,0.40696198,5.2533817,-4.197349,0.64451784,-6.9901123,6.6384034,-0.08348349,-3.8911855,-15.107121,3.024317,-0.2688725,1.5805738,-3.593566,2.0778325,1.4796859,1.4660206,-2.4560835,1.7931229,5.6047015,-1.741604,6.125036,2.327645,-1.8004128,-3.7031488,0.43552572,0.21363376
135,5.602093,1.718428,-0.300902,-4.814522,2.6661487,-0.46048415,3.5133038,-10.703853,1.7319676,-6.4724627,1.549574,6.50395,0.9653488,1.2410015,7.3528757,-0.8698265,-0.16662613,2.4291356,5.5744753,-5.623646,-4.2053566,-2.8422508,-5.9110684,4.071801,1.8592571,6.214307,6.0628405,1.5626401,2.8346827,1.8781526,-7.0086627,-2.2404363,2.3420315,-5.114859,2.5750818,-9.462908,-5.563251,-11.057346,0.9942006,6.1344643,-1.181696,1.8411936,1.6895771,0.5770673,-0.47079873,-2.412252,-7.733483,-2.585817,-0.853668,0.6818697,0.1998088,-3.07578,4.888279,1.5825435,6.145685,-5.7069316,-4.3063297,-1.8487645,3.1232119,1.1469169,-1.1831225,-0.69749177,-0.79113805,1.2155257,6.134805,11.070798,-3.937911,-1.0157487,-0.7707359,-0.10771739,-5.7343273,-4.727307,1.2000958,-2.898499,6.734746,-8.867313,11.569573,3.3469288,-9.5483,2.10197,13.502626,2.6213076,1.8873762,4.0342097,-11.427353,2.664267,2.0144525,12.352155,-2.7364986,2.3498087,1.313513,2.2848668,3.4236813,-0.5606712,-7.5589476,-5.943181,-0.58509517,10.325396,5.167652,6.1672297,4.451364,-4.7651277,0.578719,-1.9851435,-2.259307,2.2879376,-0.0095440615,0.6567455,1.0595077,-1.616675,1.1385378,-3.7813005,1.8363211,-2.5411556,4.2784696,1.506667,-4.5355773,-2.2866256,-3.164253,-4.6257634,-5.7001476,1.7507029,3.8481824,5.8547497,3.6083777,2.599816,5.281231,0.8588029,-3.9973717,1.1651624,-6.1914597,-0.85398996,-2.105431,-11.094568,6.591106,1.2755932,3.180609,-2.807629,-4.541482,-2.6040523,-0.80814993,2.8948195,-0.73564583,-1.0097557,-0.9314665,-0.0467576,-10.989823,5.9310117,6.3043203,-2.3927166,0.67758423,0.9712338,1.3052115,3.4160416,0.1075357,2.2476978,-3.018812,2.093937,2.342791,6.1751413,-1.8011552,3.5703487,-1.5971711,1.4132398,0.9744851,-0.17173599,0.2976881,3.547146,-6.911697,-4.6876435,0.48260126,1.9977444,-1.6091646,0.07013089,1.3179525,4.125732,-3.6188111,-2.6581075,-5.994397,6.9117274,0.48244402,-4.0617247,-13.148738,3.6067364,0.9726186,1.7394289,-4.995049,4.054368,0.991255,0.9437451,-5.4638224,3.0853841,4.2432365,-2.5109873,5.368931,1.9051783,-0.5823634,-2.672839,0.95585006,1.6655446
136,-2.5696669,-2.2496688,-2.0023975,-6.626,-2.7025454,-2.2909937,-1.5398146,-6.741856,-3.3013346,-4.7812433,-2.4958093,-0.97986853,-1.7536418,-2.973313,-1.1636127,-3.026915,0.34437665,-2.3596456,-0.79227936,-5.9657907,-4.158628,-2.4703934,-1.9588916,-2.897178,-2.4582863,0.13086396,-0.84753025,-3.1216898,-3.193422,-2.5955436,-5.8976884,-5.958932,-2.0303495,-3.643899,-1.026986,-4.626264,-5.9510493,-8.522682,-1.3677385,-0.4656523,-4.5272894,-0.8551224,-2.5917194,-2.6073682,-1.7975745,-3.7075865,-5.5042057,-2.5947864,-2.154413,-1.7772255,-1.1284816,-2.429384,-1.6562742,-3.9212976,-2.1475773,-5.9815803,-5.718524,-3.4784224,2.356269,-2.7112675,-3.6684284,-3.4757822,-3.1766949,-4.9077053,-1.4458033,3.6363714,-2.2938175,-4.028649,-3.1929095,-2.6952682,-6.93294,-6.3820467,-1.3329293,-6.0260496,-1.6653802,-8.46017,2.384412,-2.660095,-5.76895,-1.8277034,0.91419005,-1.6480131,-1.2464411,-0.99443513,-8.459769,-0.8331876,-4.1773543,3.5098233,-2.3033242,-1.6972953,-0.98741865,-0.023403062,-0.50167704,-2.1475604,-6.2964435,-3.5819755,-3.6909506,1.6515408,0.80497015,-0.612114,1.4448615,-4.864178,2.229567,-4.339496,-3.153268,-2.3503256,-0.2693839,-0.123790555,-2.7567809,-2.6254787,0.43109617,-2.2844985,-4.0416007,-4.7071447,-2.4944983,-1.4426764,-5.4917274,-3.058242,-4.1509013,-6.293536,-6.83175,-2.164668,-1.885541,-0.6833133,1.1775632,-1.2917684,2.112505,-2.8380306,-1.3960375,-0.93222857,-6.453838,-2.8143108,-3.0118282,-8.290716,0.21748245,-2.7180316,-1.8216816,-6.051292,-6.116215,-3.8244507,-3.1659272,-0.2958078,-4.1509204,-4.292165,0.66889995,0.737381,-8.246359,1.151474,1.5124662,-4.253946,-1.5268977,-1.4168178,-2.769556,-1.387653,-2.7125278,-2.9258497,-4.2882085,-2.420825,-2.0321,-1.1427842,-3.9986775,-1.3717039,-2.8589087,-3.4716687,-6.5404863,-2.778215,-2.214785,-1.7923442,-3.5241616,-5.0007644,-1.347548,-3.026707,0.2488554,-2.7660184,-3.0519602,-1.9372343,-4.653695,-4.672004,-5.326582,0.6250249,-1.9454215,-6.4212165,-7.062587,-3.49111,-1.6410826,-4.391269,-5.7158794,-1.6613232,-3.0688057,0.5058043,-6.2236156,-3.5296366,-0.9750698,-3.792784,-0.9036011,-0.77972883,-4.095352,-3.4219196,-1.8092754,0.077454306
137,2.23849,-1.1935825,-1.3582362,-4.748179,-1.680674,-3.1350229,-0.93104243,-8.470703,-0.9667441,-5.224265,0.5362018,3.9371865,-2.7379568,-1.6962224,0.7783399,-0.7111069,2.558527,0.98865616,0.8378837,-6.514932,-3.2958453,-3.5505347,-4.7786784,-2.7464263,-1.9509094,3.6758473,2.1139483,0.13592106,-1.9759085,-1.9350239,-8.64715,-6.3370976,-0.41479006,-4.817736,-1.1430447,-3.9679615,-7.9633145,-10.103858,1.7369529,3.2817903,-2.790343,-0.18127346,-1.665026,-1.346811,-2.623695,-3.574795,-10.350896,-4.6285195,-2.8290582,-1.0694282,-0.58024067,-2.8387697,3.3277464,-2.545579,0.35915712,-5.4074616,-4.3170896,-4.291245,1.3768283,-1.7518792,-4.610642,-3.836782,-3.5093799,-3.7577536,3.4794633,7.512024,-2.4031074,-1.196028,-2.0940237,-1.2195901,-9.102906,-8.270968,-2.283567,-4.117861,2.1458228,-10.472953,6.538716,-2.1873145,-6.612142,-0.19612738,3.2378387,-0.20989656,0.6758894,1.3247986,-11.218346,0.9083509,-0.82956743,8.473911,-1.3927413,-0.42603344,1.9072653,2.3133564,2.423698,-1.3813924,-9.0296135,-2.1520991,-2.7909715,4.884275,2.120806,-0.1588831,0.16726802,-4.5467515,2.362333,-2.9051178,-3.4098966,-0.5927099,-0.36626846,-0.07601809,-3.2479773,-4.4164457,3.125238,-1.4899857,-1.3761684,-4.2575474,-1.6208652,-1.0400757,-6.4084296,-3.4294934,-5.24022,-6.0098066,-6.746423,-1.5360606,1.9859618,-0.009956868,3.5135062,0.5484735,1.7705572,-2.097778,-0.40884864,-0.50490797,-6.5300155,-3.8835323,-2.3851914,-11.650576,3.313788,-1.6903626,-0.8523393,-4.5703697,-8.829728,-2.3081772,-1.5818834,1.6033759,-3.2061155,-3.5880287,1.2074351,2.999011,-11.62356,4.5434656,2.808253,-1.7897756,-0.54263556,-1.3670449,-1.6647578,0.14791854,-4.7986755,-3.8547113,-3.907774,-0.7083412,0.6676954,0.8583982,-2.680483,1.5922108,-5.0462523,-3.248512,-2.8166516,-4.3590384,-3.4284093,-0.60850996,-2.321414,-4.433774,0.49902704,-2.0957544,0.4427402,-1.3820754,-0.7244261,-2.85553,-6.6692963,-7.335391,-7.1502447,3.842481,-0.32748476,-9.193305,-9.483251,-1.5552036,1.7032996,-0.2429218,-7.705173,0.9391465,-0.31050667,3.2662446,-9.685556,-0.88440466,1.6942948,-2.5513926,2.3034346,-0.43212873,-2.0236976,-3.479771,-2.6810875,0.50605565
138,4.264227,1.571247,-0.8882269,-2.0157604,1.3568068,-2.624801,-0.85556287,-8.235613,1.6564192,-1.1127828,1.5589085,4.2695785,-1.8023525,-0.85704434,4.4273806,1.5016724,4.004046,2.8596842,2.3012183,-3.0918357,-1.6694075,-0.8911665,-2.7590961,-0.49805352,-0.9286375,5.5548286,5.115749,3.9362905,0.66699946,1.415585,-9.57111,-3.1680338,2.3855143,-5.250844,0.6756566,-2.4373415,-7.622616,-8.811105,2.7936532,6.1887994,-0.034125596,1.3852977,1.2281637,0.9940562,-3.4439602,-4.126875,-10.631505,-5.0123367,-2.3256204,1.0353513,0.42260212,-2.8972034,5.352553,-0.023648463,3.5133977,-3.2045772,-3.4690256,-4.9487615,3.3925145,0.9557961,-3.7898936,-2.7849793,-1.3084737,-1.2734922,6.5624275,9.0969515,-3.2620592,2.4468346,-0.65128547,4.8590417,-6.035785,-5.174068,0.10126316,-0.36301318,3.1680276,-7.68334,9.001378,-0.2733638,-5.001582,0.72784466,6.4532104,1.558342,1.4257919,3.0742397,-9.002295,0.3148961,1.5389618,11.004725,-1.4050472,4.902216,2.9621527,2.7022452,2.8438702,-0.47968882,-7.375764,0.118992716,-2.3554032,6.0333905,4.494262,2.5553942,1.394075,-5.124955,0.7701527,0.46607637,-1.2590406,1.8916256,2.7678196,3.2670527,-1.4971042,-1.655467,4.1301813,-1.4177686,1.4197108,-4.110072,0.26874053,0.1903227,-3.8582952,-2.589143,-3.7178934,-3.6415277,-3.969136,-0.69525343,3.9564145,1.9775794,3.8299093,1.2018597,3.524072,-2.2776637,-0.97175854,-0.2928547,-3.445214,-3.310759,-0.3370144,-9.341352,4.657454,2.7170033,0.7120196,-0.69135356,-6.0413136,-0.9796327,-0.5942763,2.5165384,-0.5204464,-0.6892851,2.015381,2.0112076,-9.294958,6.7028832,5.9771523,0.37187362,-0.020079603,-1.1350409,-0.5143365,1.9521291,-2.5812368,-0.6229497,-1.1160941,1.4885347,3.2805834,2.7009313,1.6680927,4.7960234,-4.9802847,-2.215204,0.16511187,-3.1397922,-2.6297212,-0.2844466,-0.2968875,-1.1320604,0.18460408,0.6084374,1.3337473,2.0540662,2.074365,-0.7450599,-7.009969,-3.913492,-6.0790067,4.3593755,1.0203668,-5.8313713,-9.3531275,1.4294304,1.6802543,2.67077,-7.6038303,3.1419754,2.5091565,2.7325487,-7.761253,2.0120914,3.737662,-2.6894221,2.716492,1.5770714,-0.58781743,-4.5272546,-2.8507726,1.2157896
139,-4.8696017,-3.354197,-1.6208936,-4.3695993,-0.19841094,-2.3047671,-2.6975524,-5.9138756,-1.5840772,-5.054394,-2.3734808,-2.1740422,-1.742741,-2.2979298,-1.6463531,-3.7974694,2.1154544,-1.4304796,-0.73709416,-2.7166243,-2.417132,-1.7705684,-1.64514,-3.374916,-2.6316814,-0.7416199,-1.8831477,-3.023053,-4.4304247,-3.0719204,-5.281639,-7.6959953,-2.649114,-3.0124862,-1.273944,-5.9013147,-4.5492263,-4.9748096,-1.073559,0.26469833,-5.665462,-1.6538194,-2.6850293,-2.5292227,-2.8873081,-2.82623,-5.625166,-4.3386545,-4.3962326,-1.5493999,-1.2540029,-1.7073723,-3.903805,-6.33065,-1.2486404,-3.9045768,-4.4135814,-4.1902657,1.7542033,-5.254673,-3.810194,-3.6900523,-5.0558734,-4.3228593,-2.008344,3.1553853,-2.631874,-4.1560097,-3.8384645,-2.1554425,-5.5091324,-5.7299953,-0.5333512,-5.879736,-3.8909194,-5.134263,-1.217316,-3.4170308,-4.228375,-1.8795798,0.68632156,-2.265464,-2.1783583,-1.8115227,-8.056943,-1.0194036,-4.3661165,3.2788792,-3.428658,-3.4869626,-2.1667316,-1.4904128,-0.063038126,-0.51352817,-3.8429277,-4.011047,-2.016742,-1.1279283,0.7394785,-3.7341278,2.2174451,-4.659119,0.43582803,-5.0591383,-2.4896548,-0.48095998,0.9980449,1.1655238,-1.7489293,-1.1203883,1.7398053,-1.7263602,-3.7453945,-5.4502835,-4.2994685,-1.7306657,-5.1481004,-1.7386482,-5.9815884,-5.4424405,-6.354785,-2.113076,-3.803582,-4.1155343,-0.8875558,-2.4786384,3.5945685,-3.3875825,-2.8793557,-1.5516441,-4.5286646,-1.5661199,-5.647386,-8.359135,-1.2651826,-3.9724758,-2.243332,-6.8971467,-5.525962,-4.8377595,-4.3296275,-1.6047342,-5.8491354,-3.4748714,-0.017030127,-0.2721242,-8.338583,1.4232165,2.2889645,-5.5782185,-1.1289047,-1.3335828,-3.9192178,-1.9895138,-2.395181,-2.8874617,-3.9046867,-2.1470816,-1.285532,-0.54489326,-6.693309,-2.4178147,-3.2372413,-3.196364,-6.830245,-5.2839723,-4.6167626,-3.7819107,-4.644111,-5.8727355,-1.8454562,-5.7436132,-0.78693676,-2.7574823,-2.6359687,-3.0111413,-6.034401,-1.7530836,-3.7490304,-1.0396469,-2.9067168,-4.9185925,-6.34137,-4.1733217,-1.4066414,-7.447606,-5.182273,-3.8879387,-4.6715775,0.43755668,-3.8870654,-4.8904686,-1.4088174,-2.9612918,-1.6227322,-0.10186317,-2.5956845,-3.0777152,-2.0115616,-0.64518774
140,-0.75746524,-2.6273189,-2.4753816,-4.9754,1.6074966,-1.0009222,1.2500746,-11.364293,-0.3885066,-6.7282453,-0.31917548,1.2541691,1.7451738,0.18131681,2.8934696,-4.4526267,4.154224,-2.0628078,0.439178,-4.250935,-1.17584,-2.4614496,-2.2219334,-1.3345813,-2.4999259,3.9586642,3.987904,-1.3824476,-0.2781073,-2.3550751,-5.9796047,-1.0511692,1.4786279,-4.923202,0.47583115,-7.4878287,-3.4465818,-5.7193427,2.7903175,6.8231683,-2.6314816,-0.80357456,-1.4289114,-1.9667734,-2.789382,-2.5589206,-4.5469947,-2.2241488,-1.0923779,-0.17371261,-1.0297452,-2.5766964,2.1049447,-2.648178,0.58737826,-6.196399,-6.623386,-1.5044299,3.6376188,-3.7574868,-3.095619,-2.2544043,-3.4962635,-1.1779162,4.565588,8.180379,-2.320626,-3.6900847,-3.9207346,2.5014153,-6.434767,-5.7665186,0.9101747,-5.171037,0.9616701,-5.094998,6.5932145,1.6996857,-8.908614,-1.1894839,12.411841,-1.6611392,-2.22684,0.24218193,-10.127522,2.162969,-1.93731,9.261916,-0.50739676,1.2517135,-0.3694222,0.50561696,0.40186208,-2.167613,-7.982297,-3.3689272,-0.2865895,5.617219,4.847942,3.240068,5.873361,-5.5404577,1.9059365,-5.5425043,-4.19782,-0.42162403,3.9866376,4.439784,-0.80456436,-0.8984471,3.8268504,-4.167983,-2.1086693,-5.035788,-2.107434,2.5488646,-2.9038463,-2.8013024,-3.7462208,-3.9920611,-5.6278267,-0.6431118,1.6639259,3.0762966,1.4498782,-1.8525374,5.613521,-3.500823,-1.3516462,0.003950001,-4.217376,-1.2040278,-5.2472415,-10.325902,0.32386592,0.12631044,0.73797685,-4.65662,-5.560773,-2.650983,-0.48756778,2.6966197,-4.14674,-3.5447507,1.2500913,-0.9243115,-10.208484,3.7327719,8.314893,-0.8495984,-1.1334286,-0.4574093,-0.47675908,-1.0146266,-0.32144794,0.71888113,-1.5933757,0.6959864,3.6542914,0.8394201,-3.3101313,0.348978,-2.079523,-1.5887552,-5.864201,-0.9755748,-0.11809116,0.2923477,-5.5642533,-7.701536,-0.9540448,-3.297542,-0.74781615,-1.8651524,-2.8355105,2.3177192,-5.3649073,-1.2098294,-6.0902486,0.3961965,-0.48613003,-4.2936783,-10.733485,-2.4527106,-1.0830693,-4.469892,-3.9553864,-0.8850194,-1.8372093,1.4062582,-1.1019088,-2.0941675,4.793029,-4.5430636,2.6045647,2.211191,-2.648213,-4.057851,-1.8172874,-0.26055637
141,3.8900242,-0.9301409,-2.079491,-1.6144552,0.3216593,-3.107434,-0.8159968,-9.145319,0.54671407,-5.126754,1.8423562,4.6953874,-1.5212849,-0.0880563,0.9842388,-0.035245925,1.898301,2.1576102,2.4207327,-4.604435,-3.801609,-2.0391026,-4.528163,-2.2553842,-1.3719535,3.9309485,2.9264154,2.2534378,-1.6337923,-1.6667811,-8.155449,-6.516615,0.94296396,-5.0755625,-0.48503196,-4.6768465,-7.0651517,-8.868936,2.9750028,5.670147,-2.2917416,-0.86541307,-1.4894665,-1.3776938,-2.3322566,-2.6528368,-11.61806,-5.7301393,-3.5014374,-0.021323321,-1.0625025,-3.046264,5.208833,-2.1885202,2.3421586,-3.674824,-3.264656,-4.916914,2.470214,-1.7545322,-4.260372,-2.8613791,-3.8090396,-2.7698104,5.834095,9.052175,-3.5516913,-0.5659595,-2.5385525,1.9475664,-7.672509,-6.960177,-0.9118183,-3.6343327,3.212874,-8.868758,7.205634,-1.0376846,-4.7039514,-0.42746386,5.8063507,-0.08055781,0.27974313,1.8860836,-10.389503,2.1408179,-0.016564963,11.100778,-2.3307285,1.9356483,1.8267616,1.582689,3.252855,-0.5701636,-7.9050236,-1.4262853,-1.0556756,4.735692,3.987157,0.39578247,0.19164634,-4.023963,1.1533908,-1.8789269,-3.4120696,1.3662454,-0.87702876,-0.49557447,-2.0684516,-3.5990987,2.863359,-2.4685037,-0.5188607,-2.79643,-0.62586623,0.23421988,-5.5068493,-2.6385558,-5.091733,-3.6077344,-4.2724814,-2.369631,3.5886,0.13969822,4.036776,0.1357415,1.7371322,-0.55452305,-2.3034084,-0.0416648,-4.132299,-3.5649164,-3.314989,-11.088745,4.2390003,-0.7179094,-0.86324006,-3.330558,-7.8827543,-0.86969364,-0.37406242,3.0280569,-3.5541575,-2.4706542,1.032312,3.0257142,-11.052792,6.7471595,4.6334515,-0.04239152,-1.1559244,-2.5593975,-1.9313283,0.39930105,-4.846924,-3.1451745,-2.5695844,1.1435603,1.9599,2.8821366,-2.904159,1.9068146,-5.4501834,-1.6998005,-1.3343583,-4.6795144,-3.9240928,-0.027029702,-2.2541702,-3.6574311,1.0888929,-1.8936832,0.4122041,0.24653056,0.27358252,-3.1992936,-6.188455,-5.2098484,-6.6627316,4.904986,0.9413577,-7.792351,-8.883507,-0.93275046,2.1186202,1.7501167,-6.7895417,1.3335979,0.6629267,2.054397,-9.018806,-0.6743338,4.0760937,-0.52118635,4.1797123,0.47428736,-1.1755298,-3.4074821,-1.8404467,-0.5198753
142,-5.742999,-3.778266,0.18348633,0.6198864,-0.1541569,1.2410899,-0.058378737,-1.5038698,-2.5809858,-5.165615,1.7124969,-2.8338885,0.66491497,-0.31965676,-4.1233964,-4.1276755,-1.4354771,-5.7796464,-5.4599442,0.082914636,0.12903316,-6.0658402,-4.6911764,-3.2038789,-3.180872,2.0983377,-0.3741135,-4.126171,0.18605986,-4.6832695,2.3707635,-3.8355212,1.166016,-0.9333009,-2.259382,0.52682775,-2.3564038,-1.1904325,0.30207047,-1.2461224,-2.9275289,-2.0098298,-2.320292,-1.1415043,-1.1933854,-0.7523142,-3.3981745,-0.60521954,-0.14293168,0.84754884,-1.9706582,-0.9137052,-2.7808723,-8.470613,-4.2024307,-3.3358357,-0.88830006,2.0380185,-2.2759812,-8.197558,-1.4485718,-1.8780055,-6.289543,0.24881457,-6.1307745,-2.8790395,6.4344068,-2.0777538,-1.6200333,-5.0203204,-5.9020114,-6.219171,-2.971954,-3.8777187,-5.295869,-3.8631492,-3.018693,0.26747864,-1.0679078,-1.6034083,-3.717242,-2.9976485,-2.3792005,-3.303156,-1.5494661,-0.34467497,-3.380387,-1.0583245,-2.1908643,-4.342169,-4.240905,-3.7511296,-0.5480809,-1.9308589,-4.5580306,0.4013635,0.3849816,-2.0147035,-0.59085643,-2.9810312,-0.13339138,0.25617594,0.56151694,-7.3573804,-4.0154543,-2.5558543,-3.9596105,-4.3346257,-3.7673762,-4.0084863,-1.6595708,1.6513091,-3.935095,-3.8394039,-6.98142,-0.32869288,-3.8660433,-1.7098156,-2.3763325,-5.0720816,-5.695162,-1.5023609,-0.9892673,-2.5491028,0.57884824,-3.0174344,-1.4700352,-3.953509,2.6787202,-3.9776757,-1.0681756,-5.8532643,-6.6544466,-3.3161037,-3.2643554,-2.2729628,-1.8786038,-2.6345055,-6.0912347,1.4769924,2.8532393,-1.682739,-5.3507013,-5.1069803,-3.581954,-2.6101317,-3.321466,-4.7339196,-0.8313474,-5.7059665,-0.6593482,0.11427056,-0.09899513,-2.854368,-3.0397944,-5.47981,-3.3007143,-4.3012424,-2.8845878,-6.1639404,-8.32888,-4.140509,-1.1187401,-4.52438,-7.1887317,-3.1345377,-1.9982343,-1.7400517,0.9609913,-6.6008368,-1.8348606,-8.133522,-4.5365834,-2.2632744,-3.4228482,-3.8557627,-2.0038583,-6.3068943,-1.7091987,-3.1001368,-5.4583335,-6.1234612,-4.8969197,-5.4969783,0.5557565,-4.218909,0.85752726,-5.3630385,-1.6561204,2.2811344,-2.9324381,-4.9241724,-3.291571,-3.939887,-1.5378249,-1.16706,-1.4525895,1.0696287,-2.6771307,-1.1005392
143,-4.687097,-3.68036,-0.8017409,1.7558126,0.73205423,1.7917523,0.77283543,-1.5115832,-2.209129,-6.4364505,2.097398,-1.0974938,2.3447542,1.1034797,-5.909334,-2.4920397,-1.3418441,-5.4781775,-4.896598,-1.3745174,0.13714054,-4.221024,-2.5435233,-4.012821,-2.4553652,0.7539893,-2.2150733,-3.7530797,-1.679242,-5.4427166,3.211073,-4.3463893,0.22874826,-1.2419323,-2.1881704,0.68902636,-0.7413743,-0.58262986,3.5580401,1.6042477,-4.862108,-2.475654,-3.6908138,-2.1544397,0.7215624,1.346599,-1.1300877,0.7313896,1.4725085,0.55919296,-2.319985,-1.3044536,-0.6185529,-5.938989,-3.953005,-1.7770498,-0.5757676,2.6134038,-0.6776563,-6.480626,-1.1623753,-0.9674944,-5.1579137,-0.8999761,-4.4907336,-2.399258,6.1675014,-1.3981911,-3.1465065,-2.9363344,-6.6560354,-7.2059283,-0.6973959,-2.9185271,-3.9436378,-3.241495,-4.1703095,-0.5034721,-0.33375233,-2.629754,-4.056234,-4.2322536,-3.0092425,-4.2749043,-0.2853796,0.54530704,-3.08321,0.24460721,-0.666541,-4.6061068,-4.988686,-4.311598,0.7332136,-1.3895895,-3.767923,1.4048355,2.2072039,-2.8860497,0.063554734,-4.3773565,-0.20495129,2.4421146,2.0992696,-7.583565,-3.9384258,-1.8215156,-3.815796,-4.2332387,-2.3784406,-3.4673598,-1.1482668,1.2440441,-4.2990265,-3.2937372,-6.5923553,3.3746452,-2.1380894,0.25759715,-0.7877532,-4.7594676,-5.5409327,-2.9287894,0.021027276,-3.725914,0.9268385,-3.4064565,-1.5720605,-3.1022155,2.1819148,-3.5404596,-0.84738255,-5.395452,-4.9364977,-2.1587918,-4.1048694,-3.7129273,-0.9639699,-5.0230784,-6.424504,2.7529118,4.0477314,-0.8257637,-5.6526284,-7.0115466,-1.6170442,-1.3254478,-2.1427648,-4.023631,-0.42802787,-2.4247866,-1.3812107,-1.2525749,1.0947392,-3.9718344,-3.0742512,-5.20798,-1.0729405,-1.0966874,-3.2164178,-5.448045,-9.976769,-3.9807835,-0.26114228,-1.2902769,-8.068185,-1.5909437,-0.36610267,-1.0552278,1.0199702,-5.34971,-1.809989,-6.7128224,-3.2532518,-1.2819724,-4.575119,-4.5927167,-1.6097758,-5.4932785,-0.8420144,-3.0521023,-3.306459,-6.5055914,-1.9139149,-7.1300764,2.1764321,-5.108235,1.2915046,-4.498225,-4.0446377,1.3587761,-2.7062852,-5.7827907,-0.054034825,-2.4840477,1.2880293,-0.36260432,-0.9721269,2.4789162,-0.86119574,-1.2023578
144,-2.549995,0.84555286,1.6928017,2.9902778,0.25001034,-1.5880253,-2.3821557,-2.4871945,0.8060833,-0.840839,5.155448,-2.993758,0.98741335,1.1521381,-2.489529,-0.9298835,-5.4931636,-2.4658282,-2.1403613,-3.9007804,-0.9807067,-2.8642263,-4.685678,-2.067764,-0.023777353,1.8371768,0.23199382,-0.9424492,2.3291476,-1.6428024,2.3098388,-3.8753657,2.8927703,-4.4015265,-0.23151213,0.23794146,2.4028,-0.6857094,1.0243807,-0.9505163,0.559524,1.5388143,1.260646,1.5912663,-0.31709707,-2.994998,-7.0273957,-0.6637945,-1.3345069,2.7171032,-0.569867,-4.379808,5.027205,-2.6540475,-1.0128638,-0.79664916,4.298638,1.174911,-1.5544475,-3.1226025,0.98859125,1.747254,-1.7111572,1.3118243,-0.19157703,-3.2089703,7.8756413,1.4305787,4.1741266,-4.6098933,1.195305,1.8884722,-3.540801,1.5645099,-1.329587,0.10970926,0.57610995,1.8237861,3.6669002,1.237012,-2.9652662,2.8713586,1.8950943,-2.8179657,2.1800873,-0.55167794,-0.32452562,-0.85879356,-0.33742765,2.7591274,-2.4098122,-2.0427706,3.0864463,0.36736354,-4.0223913,0.26587173,2.6926625,-1.307012,2.5548265,-0.3668745,-1.6955255,3.4978666,0.9456021,-1.2909191,-3.650507,-3.8759387,-4.4485354,-4.818947,-2.5763993,-4.65573,-4.278056,1.7962083,1.3778943,-1.8903292,3.83059,1.2064283,-1.4676478,0.19590697,-0.7784554,1.4820143,2.2197242,-0.24055015,8.502358,-0.26310718,4.7663145,0.9996349,-6.1606007,0.9558867,-0.08642705,-5.5383554,3.3818636,-6.659009,-0.3200758,1.2031686,-0.19051652,2.1241164,-0.6699248,2.6554003,0.7135589,11.085018,10.386142,4.4254413,-0.2755308,-0.25247285,-2.2680542,-1.5224754,1.1910138,0.23938118,-2.2088554,-0.011643099,-0.19737896,0.051448774,0.042752974,2.6950064,-3.4035752,-4.1713095,0.12424058,0.25413734,-0.3567726,-3.2640555,-5.791853,-2.662525,-2.2322943,-1.5955292,-0.5029334,-2.336788,-2.0944548,2.3354826,0.9639346,-1.172388,-4.663518,-3.8130488,-3.6315846,0.47591725,1.6816965,-2.5587707,-0.74121094,-6.685826,-2.637771,1.373602,-1.1438041,-1.3929198,-0.45262152,-0.7203769,3.3548057,3.5951874,0.25257236,1.1521684,4.6964593,-0.1718659,-7.057882,2.547721,-2.0546389,-0.8766707,2.5570896,-2.4544928,1.6717368,2.0679314,-1.6156969,0.87699735
145,-2.625063,-0.800511,-1.0404454,1.5776945,-1.9501042,-1.2476593,-2.880093,-3.0913792,-2.167805,-2.72209,2.240905,-5.106106,2.3165622,1.2315824,-3.6005757,-2.295767,-4.536621,-3.1003678,-2.5595238,-2.7247756,-2.0108144,-1.4185431,-3.924783,-4.8369293,-2.666524,1.8398243,1.0158775,-1.8252894,0.98319787,-3.098514,5.549263,-1.6730963,0.8667081,-2.8613515,-1.7597831,-0.12569565,1.4399966,-0.041902132,-1.4343292,-3.7700822,3.1580856,0.10923911,-0.25986534,0.277176,1.0535378,-2.9255593,-6.691813,-2.0010462,-1.942629,1.2840492,-1.6103134,-2.8369908,2.1191936,-4.257106,-3.0080013,-3.171523,2.2027597,0.34303722,-1.6880684,-4.1514063,-2.0260506,-0.6470755,-2.2262583,-0.47983524,-1.4105456,-3.4176154,6.6756716,-0.79622847,2.7515564,-2.423128,0.9128217,1.4071901,-5.421581,-0.16121943,-1.1963388,-1.0875208,-0.37211132,-0.24836104,0.8205711,-0.2038837,-3.1466253,1.5483531,0.4960295,-2.0875802,-1.8773147,0.19381948,-1.4791352,-2.9217882,0.9279308,1.9892151,-0.34789205,-0.33386502,0.8222452,-0.86959743,-3.2065866,-0.93040115,0.47686806,-2.4334373,0.26894015,-0.43333563,-0.91655475,0.7675548,2.0735064,-3.9842207,-4.0499406,-5.257302,-6.036791,-6.470207,-2.8552556,-5.82537,-4.0019913,-0.2264004,1.2889847,-1.0378853,2.5975878,-0.7859553,-1.0794238,-2.6868064,-2.318374,0.7592229,1.425947,-1.9380823,4.4482913,-0.16284554,3.1035252,-0.8324459,-6.4639034,1.2128155,-0.0024518727,-2.1232913,-1.706158,-6.04066,-1.954891,-2.6018403,-0.3190748,1.8277552,-0.968703,4.0408883,0.073808685,6.3184094,5.8182774,2.5770824,-2.1804175,-1.4342194,0.3248289,-0.992823,-2.57559,-1.4037642,-2.7640996,-1.910284,-2.8810153,-2.521301,-2.107079,1.3363347,-2.9617448,-4.171307,-1.1811098,-2.6094482,0.22021285,-4.189115,-7.6847353,-3.3921573,-2.7883942,-2.7578278,-2.5319803,-2.8162277,-2.507002,2.365085,0.71324414,-3.7862546,-2.2102065,-4.730461,-1.7084154,-0.8926256,0.25134015,-4.258986,3.0869083,-6.3008375,-5.1100655,0.72214985,-3.9908864,-1.6529925,-2.9788706,-1.9920485,1.2346581,2.5933478,4.4300876,-0.32051477,5.218027,0.12681957,-3.9401371,2.217849,-1.9966722,-1.1299897,0.42108914,-0.72654444,-1.2191269,-0.22913854,-1.1238725,-0.55831265
146,0.05056057,2.6760263,2.1577628,-0.54034376,3.4511352,1.7635502,1.905666,-2.2619371,1.1795186,-2.0593991,5.2707233,3.6228056,1.253926,0.38405773,1.2585214,-0.9500029,2.5467415,-2.2518122,-0.78871393,-3.4374006,3.7040694,-2.4119594,-1.6943297,3.276004,2.136581,5.230269,2.5288987,-1.6512574,4.5430646,1.1059576,-1.3168646,-3.1164064,5.30595,-2.3987443,2.3266068,-1.8206813,1.5384475,-1.4949926,5.5459313,5.003772,-0.70933706,2.1223273,1.5464915,1.8995913,-0.938911,-0.81252885,-2.8640804,3.2394001,2.3270192,4.7525373,1.949096,-1.1176336,5.793861,-0.41985232,0.018402541,-2.7244608,0.5799075,2.6268768,3.5389955,-1.73969,3.3423045,2.422142,1.3712717,5.2979555,1.9124116,2.2487981,8.234151,0.36164603,1.6716493,-5.415924,-2.3535278,-1.5827839,1.8833816,-1.0604043,1.1458234,-0.83354217,2.658,4.8061,-0.065735675,1.5889056,3.067328,0.52283466,0.5602599,0.23873432,2.0968304,1.8745121,2.1338284,4.264401,0.498939,1.2182865,-1.9829273,-1.0848815,1.779182,0.768686,-4.2281456,0.23909189,5.445878,3.5828784,4.64466,2.8897386,3.181178,2.5990415,4.5105395,-1.3542839,-0.6533425,0.7799361,2.9500039,2.8879373,0.3377656,0.09574955,2.7083714,2.0557196,-1.3678555,-2.1407006,-0.054248907,6.0037565,-2.1999302,0.87734455,1.1703047,-2.907212,-3.9403365,2.9811063,7.1935234,3.2773855,4.517273,0.94843745,1.0246626,-0.929844,-0.3997653,-2.9756281,5.28879,-2.797471,0.98918295,1.5860809,0.20067388,1.4262445,4.0321975,-0.8939821,-1.8209956,7.6518655,8.834323,4.936993,1.40123,-1.1544874,0.4661467,0.5431545,1.6271468,0.59294164,3.6090884,1.3712281,1.6341361,2.504661,3.8292584,1.0000908,2.2373788,1.8647058,1.1466255,0.3550754,-0.7164433,-1.5625584,-5.181841,2.5729198,1.2813802,0.01210448,-2.6570377,1.5060046,2.078385,3.2619755,-0.59648496,-1.5365101,-0.8854987,-1.8965411,0.2655022,-0.15370785,-0.06581514,5.147219,-4.7463245,-3.4267068,0.17170978,1.171608,0.76941824,-2.283956,-3.270764,-0.78870827,2.0445197,0.04175318,-3.1846526,0.41703674,0.27218622,4.8481393,-2.4804318,-1.002027,0.6394505,-3.2973287,3.928126,-1.2330874,0.9663255,2.8538296,-1.5038903,4.0976624
147,-6.5130224,1.0390688,1.1362929,2.0106916,-1.9665124,-2.527293,-5.469958,-1.4181448,-1.1378816,-1.4262172,1.9814086,-8.845596,-0.59412473,-1.3667221,-3.8792133,-2.4618647,-6.8735356,-4.424876,-3.517959,-5.0391283,-3.2813401,-1.8782996,-5.695713,-4.8066216,-2.4473226,-0.39626297,-1.3957696,-2.365846,-0.27449954,-1.8720393,2.025289,-5.035252,-0.50471044,-6.334978,0.35816145,-0.4890959,1.3239481,-2.8270822,-4.4238954,-7.126169,-0.36549217,1.7537833,0.93214494,1.5501995,-0.77486247,-5.910047,-10.872984,-2.5085917,-3.8531423,1.722333,-0.18653823,-6.34068,-0.15408574,-5.6424613,-3.4888895,-3.1627438,4.336679,-1.7044708,-1.3986074,-3.7518368,-0.58584213,0.41240063,-2.3152368,-1.5011588,-7.7329006,-4.8983116,6.4459496,-0.41950202,3.8552785,-5.6028366,2.3309267,2.7796125,-5.8193045,-0.700142,-6.4666796,-2.2823913,-1.9539216,-2.1471448,2.2819414,1.2487087,-7.4873204,3.5131238,2.010552,-4.5323067,-1.0662051,-2.4419425,-3.9575052,-3.460775,-0.29682982,0.8933607,-4.0364785,-2.898921,1.6757085,1.2593254,-1.2516425,-2.210672,1.9617355,-3.6783516,-0.03660465,-1.2307746,-1.0663973,1.7729737,-0.705378,-3.1004527,-2.935951,-6.1132836,-5.669468,-6.1667867,-2.2326508,-4.5085135,-5.8697195,2.0393853,0.42767364,-3.593343,3.0769002,-3.2494664,-0.41287625,-3.020387,-2.7863982,-1.6950756,-0.6218006,-0.84014153,3.526778,-1.2472001,3.2471123,0.44867995,-6.5583086,0.11742215,-2.0382311,-4.2914605,-0.9950001,-5.749584,-0.78369135,-1.7315943,-0.66855955,-0.18154539,-2.453967,1.8585129,2.3699744,7.6925983,5.7613935,1.4949002,-2.5114295,-1.0270793,-4.535757,-2.945837,-1.7860674,-1.0966213,-5.2371497,-3.8886385,-1.8235455,-1.6965007,-3.352499,3.1610456,-2.9521978,-5.1499915,-0.94667435,-3.8454692,-2.2216957,-5.1236434,-10.702334,-3.8159928,-3.0265656,-3.6775959,-3.948095,-5.12675,-5.037032,0.7654025,0.38423142,-2.996532,-4.476355,-5.312013,-3.9444418,-0.8313355,1.5120085,-3.6756973,0.03374579,-6.8711553,-5.5901465,0.998476,-5.265848,-0.37724322,-1.469717,-1.662401,0.8778786,2.0312,-0.99914473,-0.43164116,3.4186108,-2.8956075,-5.5590396,1.9721779,-4.2148066,-1.7367816,0.13162002,-1.2753775,-0.13338196,0.6504819,-2.259369,0.8058495
148,-1.8404516,1.4907832,-1.2692841,-0.16053843,0.98867995,2.5562317,1.8732992,1.3942075,-1.3419163,-3.565788,1.6480826,1.7901089,-0.24337292,0.41340518,-3.89352,2.3273454,-2.7373998,-2.5894082,1.123481,-4.930668,-1.283939,-0.28720495,3.4732645,0.9003719,2.8033473,-0.6021022,-3.548783,-6.459405,-0.3836438,-0.9838749,0.8456396,0.60473347,0.4190866,-0.822106,-0.44898745,2.5375845,-0.98416364,-4.2367115,5.4979024,3.4299226,-5.658482,-0.5522655,-2.7414393,-1.956382,1.8639379,-2.1126728,-1.1118518,3.8245683,3.363557,-0.6213403,-0.4604335,-0.91711307,4.0288844,1.9847214,-1.0895747,1.089377,-3.497965,2.1759703,5.543107,0.2862856,1.6068506,0.6324483,2.7625656,-1.2222764,-2.3860357,-0.76300883,2.5139399,-3.6446977,-3.0187647,-1.5155331,-9.951885,-9.852588,6.1727734,-4.424119,0.15752053,-5.14868,-1.7105738,-0.7678618,3.2974486,-2.0309398,-1.4462278,-2.948729,-1.229682,-2.547723,4.7549543,-1.7363665,-0.5941626,-0.6324354,-0.52319163,-4.232501,-6.568427,-5.8680663,0.8959555,-1.5122697,-1.9694486,2.7527325,1.800705,-0.316487,1.3710935,-2.3676546,1.7665843,3.665842,4.25577,-1.6547357,-0.75047314,2.027363,-1.5912093,-1.8365046,-1.4645361,0.4593831,-1.3605038,-0.67354983,-5.3398643,-1.3550246,-1.1974558,10.138834,-1.4122272,3.189555,2.1676464,-6.361484,-7.5343533,-1.8143774,1.5607985,-2.1911778,-3.3629713,-0.8614666,-0.17944945,-1.8020138,-4.4866776,-1.9057103,-1.1848853,-3.5075128,3.395169,4.4589744,-3.6657937,-1.970647,2.0986516,-7.596678,-8.615272,1.0773283,2.1905355,1.0732262,-1.5628749,-4.8015966,1.2528481,-0.047952276,4.5616198,-4.8224463,-0.88518804,2.5033534,-2.3515322,-2.473146,1.6325963,-2.247322,0.2698883,-0.23766148,1.9299258,1.696519,-8.368295,-0.025455734,-7.3307834,0.43464366,2.2705898,5.238669,-4.1148877,3.1985676,3.5965421,2.0190547,3.5892313,1.3117924,-2.0544522,0.33216134,4.1956115,-0.88217217,-3.753965,0.91088665,-0.9887721,-2.6953523,1.3368161,-1.4640565,3.3269384,-7.8862586,-1.3818302,-4.6123505,1.1271629,-6.415137,-1.4439447,-0.56682104,-5.3504705,-1.9622304,-1.367572,-5.370391,1.5648123,-4.0299,2.5563073,-1.2897031,-1.0930063,2.2259383,1.1154323,2.3329618
149,4.889551,4.8955846,4.429769,1.6577057,2.682267,0.21163002,0.19417606,2.2674482,1.7029243,4.815586,2.844669,5.159935,1.9978708,-0.79820925,7.0448284,2.0996032,2.9628632,3.1541975,-1.0429338,1.5052744,4.2542057,0.18951216,-0.89100975,4.2002726,2.7889874,5.4341083,5.179621,8.53626,5.9087725,5.514176,-1.3902382,-3.1088517,4.267422,-2.7014108,4.4444623,0.16300032,0.26994613,-0.21606237,3.467698,2.3712425,3.4777675,4.729645,5.789101,6.0695205,-2.122964,2.2504346,1.1201873,0.8421512,1.3710498,6.18492,4.123111,-2.008037,2.7456717,3.4599676,3.6112554,1.3090097,5.3129396,0.4584436,-2.1413052,3.944581,1.2590338,1.3940463,3.4109454,7.4888144,2.5560076,1.0754321,5.2783813,11.961524,4.717447,1.9705527,1.9411323,1.2405331,1.8816931,11.41408,1.5681194,1.2930629,2.0771413,5.597347,-0.0023714986,3.2989664,-2.4573352,2.635842,2.0752037,2.418706,2.7180157,2.1708524,6.085268,4.0413227,0.73776054,4.0954347,2.4160604,1.3816274,2.9432688,4.385633,-0.12608033,0.34787807,2.9199543,4.0186124,1.6899667,4.270445,-0.18809408,2.7888908,-1.5421015,3.7530937,6.1896257,2.795884,2.21357,2.3046417,0.9776834,3.977128,1.6884985,5.3624554,7.2530556,1.1729869,-0.23322965,0.41211063,0.9995054,2.7873535,1.9682194,3.3420722,4.0447907,5.1527205,4.537679,4.92757,5.9133134,2.916849,2.7428665,0.535599,3.4690855,-2.506711,4.529567,-0.8619742,3.7837534,2.2204251,3.4218082,4.3332543,4.6828556,6.430996,2.6927009,5.1240005,5.716352,-0.1794735,7.4349804,3.8051426,-2.2523718,0.60563534,2.1686363,2.688354,1.3856165,3.3320897,4.477524,3.869785,7.6844006,2.5679994,5.7865443,5.66211,3.0249307,2.60572,2.5883474,0.8601665,3.8415623,6.7127814,-1.0779657,1.2761164,3.8281205,-0.47436067,-0.36175087,3.397049,0.2729933,2.473742,1.7171184,3.213914,-3.5261981,5.071177,3.9468899,4.2479653,-4.367947,0.78736836,3.1355338,2.914365,-0.60432845,2.1239922,4.425598,3.9261353,4.7743225,8.86474,-2.7786,3.7631903,3.2216184,4.9356537,-6.1374373,6.395672,1.8828186,1.8561112,4.069212,-1.5913649,2.776406,2.381219,-2.6928918,3.597448
150,5.463255,5.5080314,4.5229473,2.829922,2.8460226,0.4363179,0.7205987,2.62277,1.9604777,5.4667735,3.2754061,6.314996,1.8727003,-1.0345095,7.095821,3.1337335,3.5793076,3.5999508,-0.92698944,1.734479,4.4907484,0.6427787,-0.58349335,4.7822456,3.6599927,6.3701916,6.04098,8.476454,6.870716,5.8916116,-1.9050303,-3.4928179,5.0837035,-2.547901,4.7857337,1.1604297,0.58325434,0.47152665,4.9852185,3.85781,3.2111142,4.833789,5.9788375,6.2686057,-2.1574545,2.2071586,1.987786,1.442389,1.9994677,5.861747,4.442669,-1.8871343,3.3973947,5.1003933,4.1737003,2.0498812,5.9346023,0.862317,-1.6481736,5.1465125,1.111753,0.8447225,4.3416276,8.30486,3.4642725,1.4340342,5.700091,13.102598,4.740039,3.2644458,1.5570499,0.9137544,2.945495,12.276383,1.9475101,1.8567874,2.4210005,6.2374606,1.0904509,3.4134107,-2.4663937,2.569484,2.191771,2.5747015,3.9762995,2.3625093,7.1003227,4.5192957,1.3081976,3.844104,2.4097788,1.2366471,3.3600008,4.4164596,-0.11283629,1.6905812,3.4564695,4.4596295,1.7961873,4.453841,-0.31470254,2.6593173,-1.1894933,4.8983493,6.621571,3.5467973,2.954579,3.033139,0.9483475,4.2229853,2.3081028,5.6395354,6.788985,1.0127816,-0.38251725,1.1730534,0.6294507,3.4377625,2.6229775,3.1391404,3.8022447,5.1392617,4.9492483,5.0297194,6.070509,3.1921186,3.480798,-0.08512935,4.1127367,-2.3864458,4.946573,-1.143957,4.926112,3.4158976,3.2249227,4.8076367,5.570503,6.027895,2.2991014,5.7792044,6.329717,-0.1251892,8.458862,3.5726116,-1.1193315,1.0062258,3.3628318,2.8129196,1.3541818,4.613535,4.7402415,3.958602,8.761115,2.465036,5.991233,6.0624657,3.1342835,3.546053,1.7932918,1.2289785,4.5517054,7.8331103,-0.8352904,1.839703,4.8990927,0.09942676,0.18189457,3.1451519,1.2692543,3.8524516,2.1133313,4.68029,-2.3794668,6.036802,3.9585583,4.7890124,-5.0856833,0.62346846,4.3229027,2.651494,-0.038098976,1.9233559,5.2159495,4.1871877,5.401387,8.346011,-3.2341037,4.411968,2.538455,6.0332026,-6.437208,6.2604175,2.4661324,1.9552498,4.6700373,-2.2504117,3.255597,2.2881804,-2.7920465,3.9497657
151,5.375819,5.5096893,4.7883143,3.691343,2.7561598,0.41946912,1.2582024,2.4173493,2.301656,5.5015836,3.6067708,6.7359905,2.0222175,-0.844371,7.15217,3.1761832,4.2049966,4.006694,-1.0833986,2.1596296,4.8704734,0.7506449,-0.77591896,4.750335,3.7858143,6.818581,6.478311,8.377716,7.141544,5.877144,-1.9232904,-4.4346743,4.978703,-2.3039694,4.7171073,1.5372635,0.8513163,1.0036863,5.9728227,4.933345,2.838199,4.905125,6.0756316,6.373752,-1.960985,2.580589,3.327499,2.0026302,2.5997522,5.2096286,4.643638,-1.6471318,3.523766,5.7636566,4.4220576,2.2399414,6.742407,1.3437731,-2.0839322,5.5863423,1.0774958,0.6660022,4.5123596,8.558932,3.7518294,1.0637655,5.973904,14.400637,5.208838,4.1901393,2.1666214,1.4536581,2.8705344,13.36626,1.62287,2.4927726,2.1045609,6.3550763,1.33978,3.7289135,-2.986598,2.7430012,2.4159968,1.8662864,4.408303,2.6757524,7.336843,4.336973,1.7694972,3.7328222,1.9801831,0.7346099,3.692936,4.2338667,-0.36490446,2.3969505,3.9515312,4.2805095,1.9273555,4.176873,-1.1293485,2.7534778,-1.2921821,5.1335387,6.6728907,3.565537,3.6431983,3.7093213,1.1814067,4.088802,2.688201,5.906749,6.7102346,0.7962167,-0.55716074,1.020351,0.6135108,3.7705054,3.3225737,3.2329383,3.981755,5.43079,5.1785774,4.7777514,5.938996,3.5177963,3.7388816,-0.38236263,5.0768304,-2.5612378,5.2271495,-1.8497959,5.3390718,3.7552905,2.5412972,5.2040353,5.640873,5.736397,2.9654887,6.4007277,6.773481,-0.2467974,9.096767,3.7388434,-0.6101379,1.0276897,3.6905532,2.5981884,0.592362,5.276259,5.0809393,4.232753,9.3643265,2.5244377,5.8766313,6.182611,3.0650623,4.0634675,1.242708,1.3624371,5.092407,8.186351,-0.6029618,1.7291195,5.6817946,0.7269648,0.76722807,2.7299454,1.4536692,4.1181555,2.0747192,5.2504563,-2.4201274,6.4842095,4.299173,4.7265925,-5.5498533,0.31191257,5.022962,2.0673401,-0.38130772,2.7267928,5.92207,4.515169,5.819448,7.943391,-3.2293954,4.6189747,1.9916275,6.782216,-6.98754,6.607595,2.6084769,2.310989,4.9443135,-2.937491,3.7532015,2.4430122,-2.611246,3.9631388
152,5.1197166,5.3965507,2.6228418,3.6220286,3.478836,-0.24345408,0.2522128,0.34723273,1.6205648,4.4952335,2.147485,5.9641833,0.7733915,-1.9308996,7.047934,2.124718,4.0524006,4.6631646,0.79945105,1.9864348,3.8641322,2.9252756,0.009841947,4.677207,3.890653,6.1712785,6.046186,6.8335233,5.7118044,5.661255,-3.663158,-3.4894798,3.8552494,-2.3358626,4.630671,-1.6505892,0.8138889,1.401142,4.0920067,3.5983624,2.9919753,4.061101,5.545801,5.586407,-2.8641157,0.6650815,0.4798514,0.22447664,0.85101545,4.1252146,4.4264727,-1.309542,3.105742,5.2076626,4.63515,1.6493883,5.17259,-1.1467686,-0.14671223,4.575249,-0.6516821,-0.81502575,5.3113155,7.050902,4.6271334,2.345575,3.5121944,10.99212,3.845307,5.322635,0.88529295,0.55717754,2.7549524,9.781424,2.198752,1.9733118,2.0049524,4.666915,1.2559958,2.6801229,-0.72972745,2.3789437,1.6579847,2.065081,2.0919626,2.4380226,8.165891,4.05519,1.7402002,3.3887239,2.1123354,0.8928283,2.5214026,4.748893,-0.21665417,-0.24094924,2.7828016,3.7646523,1.7357893,3.7325432,0.47745687,-0.02775049,-0.79041225,5.2708297,6.886455,4.76605,2.6615894,2.7816062,1.4136642,4.4893613,2.9557624,3.6997054,5.8232594,0.5502824,0.19987693,0.2713705,-0.88774294,2.7494333,1.2637166,2.4324539,2.8546522,4.421724,2.9817848,3.924103,4.2249656,2.6775398,3.7700174,-0.98252344,0.9255097,-0.99455005,2.7279146,-1.1189243,4.7103753,1.6830364,2.1855333,4.8521004,6.6725183,5.256726,1.219049,4.113139,4.413509,-0.45846325,7.7062316,4.1078377,1.3271843,0.84395224,1.6583759,2.177332,1.3066607,4.6364965,2.7469094,1.5188074,8.030543,2.3708422,6.6508904,7.215335,1.6228254,2.983026,1.6729527,3.1026466,1.9722759,8.906173,-1.5770172,1.679626,5.8978972,-0.89017296,-0.8590126,1.8508705,-0.43120798,2.92853,3.0603335,4.4183593,0.13167395,4.770518,3.6014454,4.8074527,-6.5064173,1.598732,4.1451283,1.4582549,-1.2719055,1.7889689,2.4495523,4.2595754,3.9879715,5.382184,-4.29814,4.2556095,1.466103,5.8502326,-4.727858,5.1973357,3.19156,1.5109465,4.6213326,-2.5819232,2.3977227,0.10645972,-3.083092,3.7854326
153,-3.1915944,1.0093287,3.9096289,-3.6840081,2.0940566,-2.2253916,-0.24535842,-2.5333943,1.8422326,-0.05785728,1.387389,-0.5371765,-1.3373997,-1.5178269,6.459496,-5.8428483,-3.0200384,2.154176,1.5278558,0.29064214,0.104807965,-2.4271886,-3.412556,3.7946904,1.6681565,-1.3355352,-1.9673525,-2.6756046,1.656853,3.5040472,-1.592233,-4.469746,-0.8598842,-2.5579925,0.97993976,-7.4097137,-1.5279623,-4.365962,-2.330597,-1.9134743,-2.0325813,3.7468884,4.2073784,3.4653015,-3.9896507,-3.057158,-3.4182951,-0.72398096,-2.9103782,1.6460438,2.7735314,-1.7512107,-1.3827113,-4.278685,2.091576,-1.8968945,0.37774125,0.0037408785,-3.4133227,-4.859998,2.141954,2.2976325,-0.7169752,2.1763394,-1.5449831,-1.8283756,0.45208722,1.3368399,5.1120534,-5.812623,-0.9820564,-1.2040232,-1.171113,0.7747291,-2.4640267,-1.5582212,-1.1184666,-0.03225952,-2.3466988,4.0163054,-1.3192872,3.2418444,2.3327732,-1.4424642,-1.3857139,-1.5552404,1.2338706,-2.9660544,-6.8763847,-0.8566267,-3.7640986,-4.901082,0.9540099,1.4342705,-1.7454951,-6.460189,-0.75417614,0.72338116,1.8156084,-0.16129498,-0.35512167,0.62524414,-2.227116,-0.21737638,2.8189404,1.6290053,-0.60795265,-0.3431416,-0.18178177,1.8832673,-3.519614,2.2969425,3.6161358,-1.3792819,0.9947808,-3.6601317,-2.3015685,0.75362414,-2.4014642,-0.6358609,-0.5475162,6.729193,-0.701541,0.13259302,-3.43954,2.9707866,0.58164084,0.039228767,-5.64436,-6.9080367,0.024330182,-3.810367,-2.367927,-1.1515994,-1.4880219,1.521682,-0.2339663,-0.6764044,-0.54109997,-1.1030692,-0.27677605,-1.2263222,3.7045076,6.442365,-6.6880965,-4.528105,-1.1580707,-2.0080256,-1.7137308,-3.5370765,2.7565348,3.529947,0.6103109,3.4148488,4.519197,5.640829,-1.0834028,-1.7978175,-3.4589534,2.3922777,-3.7853458,1.3561927,-1.3611816,-2.078309,2.9993267,-2.278324,-2.524008,-0.057208434,-6.4252205,-5.8402486,-3.629333,-4.851169,-5.1210704,-3.087995,3.7370844,3.8044355,-6.0083523,-0.37807283,-0.56585896,-1.0217822,-5.735699,1.1316955,-4.0107303,4.6914463,-0.46259794,-2.20099,-3.8070428,-1.2853869,0.17507285,-1.623069,-3.5741198,3.7894354,-4.5464044,-3.5138528,-1.4410464,-4.4270496,1.1780952,1.1075854,-2.990465,2.659278
154,-2.176173,-2.6252456,-3.4765954,5.561044,-0.07283739,-3.661046,-1.721876,-6.8157477,-0.7103048,-6.085051,-0.9211117,-1.7490456,1.5073006,-0.7507873,-2.4149115,-2.4218054,-3.928186,-2.6056204,-0.9233585,-1.4635563,-5.2064576,2.5054035,-0.77581745,-5.141894,-2.2027872,-2.827701,-2.0762434,1.0928763,-3.5913565,-3.2614644,-0.68207055,-5.854744,-2.4731355,-4.648833,-0.62422884,-5.1643395,-2.0877469,-2.202146,1.1262202,1.1506455,-5.128083,-2.2419388,-2.2752025,-1.6363101,-1.5860723,-1.1923336,-3.8628829,-4.410245,-2.351773,-1.923935,-1.2042487,-4.3892455,-0.077871636,-2.7974901,-0.5108807,-1.2030019,-0.62170476,-3.137041,0.7205931,-3.5043998,-5.2924414,-2.3741574,-3.4496822,-3.7056136,-3.0949047,-1.281563,-1.8752702,1.5674309,-2.1366975,9.170123,-3.8614373,-4.4190245,-0.43214828,-0.044497624,-3.9744546,-3.561286,-1.8268481,-3.0927875,-1.2945312,-1.0647761,-2.2082314,-1.2107532,-0.46340156,-6.2304077,-3.3701596,0.7432864,-1.4763811,1.2322297,-2.0942576,0.4274811,-6.606578,-7.050319,0.990315,-1.0123812,-0.78459954,-2.7152672,0.063304864,-2.4713387,1.0167925,-1.76897,-0.9959261,-1.6087523,-2.140809,-5.5828876,-2.2425647,0.7922516,-6.2082176,-6.334257,-0.6825991,-0.7399485,-3.5178893,-1.5611843,-0.23619151,-1.7091686,-3.917459,-1.428878,1.2717575,-0.6149014,-2.2289138,-2.8263066,-2.941551,-2.6466148,-1.80253,-1.8738706,-2.7750173,-1.039246,-0.09219905,-1.500273,-0.03862616,-2.0737607,-6.1631494,-5.399312,-4.2212467,-4.8126664,-4.0828886,1.8248414,-1.5062691,-3.6673546,-2.503515,0.0456192,0.3092397,-2.2685916,-4.759468,-2.1150498,-0.9985781,-3.7722738,-4.7730136,-2.7561274,-1.8900099,0.9853551,-4.1257415,-5.5483747,-0.8447123,-1.0810125,-1.2549664,-0.16268997,1.7238251,1.7388844,-3.7548213,0.4882298,-11.033174,-0.5793355,-5.578297,0.12848786,-2.3239257,-4.3880696,-3.940154,-1.0044577,-2.7882113,-5.011094,-0.19838277,-3.1567843,-1.1244332,1.3931211,-0.4646392,-4.651802,-4.0491657,0.6683752,-2.4936397,-2.98263,-5.8450336,-1.4033395,-2.7540245,-2.4937735,0.98576814,-4.0890784,-1.948037,-0.79579026,-3.5991771,-4.5171947,-3.1750715,-1.366846,4.0446014,-0.598399,1.6596154,-1.7462572,-0.51136357,-2.1015928,-2.1702237,-3.116039
155,10.924145,10.18589,4.608228,7.506518,3.009009,-2.2584517,0.34713915,-2.9294877,5.4466577,5.592231,4.8175974,3.1638556,0.41496566,2.3622367,9.939994,0.0838538,0.2158755,7.273284,4.8873143,6.7726355,4.8446712,1.8507746,-11.389837,1.391963,-3.0590043,2.1231642,9.529552,10.882261,7.025986,9.770918,-1.7528038,-5.1663013,7.5822206,-0.84483844,8.529443,-4.109123,12.998455,10.67312,-2.3858013,2.4013152,17.572119,7.3291483,9.846814,9.139861,-0.7340647,3.981753,0.8424404,0.7124,-0.11671696,7.3181396,4.9655437,0.04413793,8.160615,2.9651196,8.473939,-4.5290017,14.71351,-2.3985963,-2.1458592,6.653437,4.7666545,5.942305,4.8696933,10.924254,13.715465,10.717311,4.6562505,9.635185,8.316913,2.3372784,35.46231,35.899307,-4.470438,7.386552,5.623968,16.093534,11.337057,8.032756,0.3880899,6.4191957,8.171875,9.339051,5.108749,11.975895,-4.93537,11.316152,-0.49233437,8.59325,6.578745,17.52963,17.327772,14.104363,3.1547825,6.534538,6.4843774,-0.8819345,15.195254,5.743496,11.883632,15.974768,1.6524067,1.2217276,-2.9531446,5.643492,4.1156807,0.50066227,10.093199,10.397105,4.183142,7.369476,-1.107747,2.9544675,7.28736,8.265181,11.16391,-5.1728644,10.805313,-1.9239094,3.8014727,18.566639,20.755424,4.86425,12.753271,15.236259,18.756641,4.876772,2.453936,10.263027,-0.52849144,6.680549,13.397358,9.048102,3.915703,-3.696392,12.862536,9.481169,-1.2029002,20.260641,29.027397,17.646236,12.148349,11.318682,11.034195,15.160864,0.129376,5.78812,-3.8192503,21.542467,7.2492814,6.1704564,5.215619,5.0796647,-4.9294887,8.527858,7.312326,9.764766,8.874154,1.8676956,18.284693,7.0098634,5.423626,8.641403,0.0888465,-5.7936444,2.2653153,3.8092635,2.4380677,5.291442,-3.5922961,4.3566704,7.028998,4.576567,-7.481043,7.9470778,12.818139,12.09346,-1.0989845,7.3961744,-0.8372207,12.800842,-1.4722247,26.360132,8.065689,9.228557,-0.34409496,24.478611,-1.2380427,7.895882,9.896103,7.068234,7.127162,14.018515,7.80576,15.910669,11.202183,-1.7562544,3.1621907,1.6991822,2.0511966,3.2778144
156,2.7949712,6.5864396,7.309159,10.2109995,10.1934805,3.7894912,5.935884,0.56842875,9.854397,5.2880654,5.383002,-0.7604567,7.544155,4.4232254,11.325157,-1.7546861,11.578939,3.6010058,2.0577343,12.786028,12.423613,5.6821895,-0.8541387,9.686078,0.9993877,5.965147,8.054032,10.132608,9.753527,7.632915,3.3779707,-9.243598,6.186808,2.9919572,8.424838,-5.341581,5.9519916,-0.99515426,-4.4129963,-0.2569403,6.8220773,6.28193,9.412554,8.528515,7.0053244,8.942397,11.944359,9.203217,10.696066,9.717723,7.539936,4.522119,1.1620853,1.7132652,6.185852,-2.5997016,14.567507,2.8362293,-2.169795,5.187026,12.1167345,13.052677,1.8566676,14.385487,-2.9723256,2.176871,6.871274,14.48005,11.542904,5.3796215,32.895958,30.46512,-0.06950629,10.72224,-4.127874,7.025595,4.967294,9.028762,-5.81601,9.406657,0.03486484,9.298549,5.721223,1.2011616,6.5449066,5.202464,-0.69190854,6.7809606,2.5971496,16.202217,-1.327997,-1.2868727,0.58443576,3.2878044,11.627967,-4.570699,18.170788,7.062441,7.070469,11.968311,-0.6656242,5.563893,-3.8354592,1.1043655,4.884574,1.5203573,14.326556,14.677909,19.70528,9.640344,6.984257,5.0602064,7.7111835,1.0369023,4.0413566,-4.67372,8.359755,2.247024,12.1762085,6.851817,9.2996645,13.173202,5.601575,12.647778,9.44927,7.363853,8.382138,6.372368,5.8232026,0.9624943,14.070957,0.10933832,1.2356902,7.330832,4.089774,9.213436,2.7075849,11.683268,38.73647,11.447213,8.332921,2.5897412,12.1655,9.920344,-5.915897,-1.8235977,7.158484,7.353196,0.80377865,0.88253266,6.4638705,7.6774926,6.393381,8.736553,9.851924,14.587123,4.8372784,-0.41095108,2.9112537,4.243386,10.6497965,5.3558583,6.256091,-1.6729386,5.437193,11.450192,10.308088,6.7846327,-6.549527,0.7521749,0.58103484,5.022409,-9.0117035,6.775649,10.358156,13.001182,4.188194,9.324515,4.0220714,3.5249658,-8.308923,37.01594,1.4139109,12.299831,-2.565997,11.832806,2.3301597,3.639911,3.7566113,3.0464723,3.1918287,10.946816,3.2212532,7.008168,5.38092,4.5690765,7.801625,7.9566994,7.2415786,4.068042
157,-0.1248647,2.6805573,1.5581161,-2.472555,3.3531513,1.196693,0.8672513,5.925586,-0.7545762,1.7992976,-0.9233665,5.352367,-0.95022875,-3.5688434,1.8002033,4.218811,-0.2688493,1.3021439,1.6544564,-0.053447206,-0.5353563,-0.9051184,3.703632,4.8363843,5.780901,0.05619862,-3.1607141,-2.5873466,1.664023,3.1406379,-1.2856399,-4.784321,2.5985677,-0.37743255,1.9282207,1.2283838,-4.6450653,-7.946882,3.5609727,1.9565423,-7.0480127,2.3318577,0.52781004,0.8667029,-0.8964709,-1.4360741,-1.109506,1.3034879,0.11984318,1.6176742,1.2192901,-0.7746375,-2.1297913,2.596463,2.6682677,3.9830642,-2.8069901,1.238892,2.6834428,2.5393693,1.0145319,-1.2492055,2.4109218,1.0261259,-1.6170775,3.777564,0.21951896,1.1922952,-2.3142333,-3.1853318,-10.478071,-11.352056,11.138031,-0.41421366,0.9189767,-6.3172393,0.40905,1.3206927,1.8634385,-0.7058442,-3.1069236,-2.6262643,-0.8899884,2.8295252,6.0777926,-3.4636161,2.135313,2.7879894,-6.8445425,-6.459104,-2.4514263,-2.800031,2.111391,0.7008332,1.5676293,0.9139034,-0.9726588,4.0451083,-0.82928115,-2.1068776,3.1441362,1.4263952,2.7893972,2.2915754,4.6880383,6.068343,0.06707012,0.1951971,-1.4452308,4.174169,0.25231835,2.3533053,-1.7297066,-2.714648,-4.178027,5.8425736,-6.928538,6.7279086,-1.5577797,-7.2289,-8.065268,0.6485893,-2.9292378,-1.7366424,-0.45072484,0.5691878,7.0527625,-2.787566,-3.278248,-4.152465,-1.1863241,-0.8037623,2.631917,6.200076,0.84471875,-4.9698353,3.9054158,-8.924865,-8.101629,-4.6184487,-2.5113964,-4.3092275,3.3415978,-3.0024774,-0.29319948,0.9383914,6.247728,0.07893402,2.46733,-1.2509558,2.2676115,1.9669553,3.9581478,-1.899624,4.175855,4.5181413,-1.4891934,2.9911935,-9.7521305,2.6517718,-0.6742577,2.728692,0.46025413,6.159847,-0.513213,-0.9378041,-0.49952263,-0.22570293,1.8167489,3.5337422,-2.3781583,2.7513819,2.653205,1.5167797,-3.4088118,3.0424604,-4.924416,-0.7012726,4.376073,1.2581633,3.0539596,-6.757159,0.696779,-1.1060199,2.4664524,-6.740318,-4.4499044,-0.16366604,-7.990501,0.04586835,-5.9363117,-3.8386595,-1.1559155,-4.3404527,0.19333182,-2.461851,0.2392784,1.7895274,-1.3219876,4.267877
158,9.61798,4.6384244,1.7913753,-3.7413857,-2.6975074,-0.081323765,5.372046,0.27602646,-3.9032385,-4.6434016,0.57518065,13.3703,-2.4170809,-1.4818658,3.1208653,1.5036697,-1.5811679,4.8597,3.129549,-3.9018567,-0.07244184,-3.4983943,-5.4089046,2.44508,2.0541258,2.0726264,0.12525053,2.3909893,0.5879112,4.581906,-3.131984,-3.990905,-0.97981167,2.4840202,0.6630347,-2.6086547,-4.0147395,-4.401786,3.170202,1.9558932,-0.014227165,2.650454,0.6563477,2.0740354,0.28050414,3.0352848,-0.15668055,0.77842826,1.4037272,-0.649602,2.4370966,2.2801538,4.4537416,2.6074853,2.537303,-4.6006837,-0.7675498,0.97908396,-0.65765536,4.110773,-0.51644236,-2.1157498,4.409849,0.89013,4.5932465,3.8963594,1.4809297,2.9078324,2.1035008,-5.4874854,-4.935936,-4.47163,-0.34133124,0.29229373,9.1777115,-5.3940983,3.5151465,0.48372796,-2.4694245,3.2896132,-2.279005,0.78976506,4.2737365,4.96272,-5.9037046,3.7242374,3.0341935,2.2484903,0.5034948,-2.7207355,4.434538,3.7783334,1.4696809,0.7561003,-4.262633,-2.334212,-1.7999792,5.1829224,1.3777261,1.8767666,-2.1522894,1.2037762,3.1995263,-0.35244897,3.8902493,3.808702,-3.6748435,-3.6919506,-4.311788,0.17018111,0.00051572523,2.8917825,0.4641676,4.6496882,-0.32094762,0.71299803,-1.8521258,-0.022051243,0.048507098,-3.8119357,-4.1260285,3.319612,2.444016,2.632645,4.2788386,4.915717,1.830515,4.1926527,0.48728365,1.2297786,-3.3932314,0.47185093,4.801735,-6.103025,5.839453,-0.0043407665,1.5307566,-0.59660757,-6.460444,0.7096053,1.1077836,-0.41001874,3.9719067,2.438842,1.9928973,6.3183455,-6.1083326,0.16102642,-2.7060974,-1.9989198,1.9553238,1.0775675,1.7653383,1.0720931,1.4831709,1.8770369,0.73951,-1.9526688,-1.2226992,4.217833,-1.5089114,7.252915,-0.8982361,-0.8352353,-0.35313308,0.5123026,1.0187614,3.4492302,-1.3369459,-0.256192,4.940452,2.82556,0.9537069,-0.3794824,2.775275,1.0346893,-5.843886,-4.0678515,0.53807616,6.370764,-0.9174627,-6.407112,-0.48233196,1.5900611,2.6804276,6.4078326,-5.3546515,3.0725498,-0.4465886,6.1541095,-7.0865,2.5183558,-1.2063314,2.8999832,3.8416617,-5.6287365,-2.7356546,2.1386046,0.45120496,4.212558
159,8.139105,4.215373,1.7653905,-3.2041194,-3.3487365,-1.9109571,3.2316406,-1.01661,-3.6912029,-4.2428403,0.5030296,11.543109,-2.4948719,-2.9627004,3.1828697,1.1262177,-2.7016203,3.5838633,1.9291363,-5.3817496,-2.260551,-3.6075964,-6.8542075,1.4682659,1.7862184,2.2832267,0.9025898,2.3352222,1.0929786,4.0752544,-3.81076,-5.5278783,-0.45977336,-0.5663597,0.97608143,-3.8740184,-3.797063,-4.60364,2.4926617,1.135,-0.28254688,2.7847557,1.1824241,2.3359048,-1.4685675,0.24147235,-3.9484406,-1.5501819,-1.4060758,-0.21537285,2.1435137,-0.56034267,3.0765605,1.865503,2.5142512,-5.0744925,-0.14827724,-0.15783493,-0.6383181,3.3226838,-2.087083,-3.4043188,2.904553,0.75042427,3.907308,4.2526326,1.8050022,3.073335,2.0433807,-4.5806375,-5.000459,-4.33204,-0.64140594,0.5165305,7.442377,-5.536094,4.0560603,0.031085288,-3.1495914,3.508954,-2.0090203,1.5579203,4.3609223,5.062128,-6.4400134,3.2543933,2.944097,2.9144745,0.30571908,-2.7008195,4.743186,4.3236523,2.071106,1.132682,-3.7548394,-3.2351503,-2.1354048,5.2189474,0.7281976,2.211999,-1.2955955,-0.5987455,2.8439572,-0.25956178,2.9667032,2.5586486,-4.426277,-4.4333825,-4.952569,-0.7239708,-0.8596411,2.8410134,0.91444004,2.8477695,-0.17138992,-0.8214086,-2.6864486,-1.3648516,-2.5943067,-4.0524697,-4.3120255,2.8583224,1.6367779,2.8490968,4.88212,4.628028,2.1809704,3.0008388,1.199935,0.35200894,-4.560489,0.2389163,3.3341873,-6.5813613,6.4104447,-0.045098476,1.5861462,-0.68623847,-6.270902,0.7685746,1.1305672,-0.9508432,3.5390801,1.4941834,2.036962,5.230172,-6.5971828,1.3705682,-2.0568292,-2.6808598,1.9234762,1.1379565,1.1552333,1.7143894,0.83790374,1.0707248,-0.36887106,-1.9966677,-1.1892841,3.0452864,-3.5694842,6.5180163,-2.8798385,-1.3802557,-0.03972208,-2.5120637,-2.004769,2.5505548,-2.4174788,-0.8139982,4.371656,2.4114928,1.5252064,0.20024809,2.8035183,0.9941212,-6.4255924,-4.8541956,-1.5358012,6.7436743,-2.2778,-6.664115,-1.1295983,1.9552991,3.0516067,5.3838353,-6.3054914,3.0633264,-0.15537143,5.7868013,-7.278826,2.9508443,-1.3808606,1.8142418,3.4244115,-5.3880773,-2.2074988,0.6161068,-1.5389252,3.6432736
160,0.3501123,4.623012,4.25788,-2.2723448,-1.8643472,-0.5476557,2.6050186,-4.2952743,2.4999914,1.1862292,2.6959238,2.5407386,0.4927658,-1.8187242,5.7203684,3.8878255,-6.949215,-2.0709186,1.529542,-9.015576,-7.876746,-4.921592,-5.417367,3.8560584,3.3988092,4.3632383,4.9086165,-1.8375535,8.238509,4.028251,-4.8317695,-4.242654,6.0439544,-6.864225,3.9509854,0.52968794,-2.9476428,-10.805975,2.057861,3.0700378,-4.3931375,5.4115667,4.5194554,3.9947152,-0.26669607,-5.3389916,-1.3867049,2.9739285,2.8486648,1.1028563,2.0606916,-6.4495893,2.904432,5.978115,4.3452945,-3.4037113,-0.41940832,2.4409988,1.5860797,5.1717095,1.186629,0.3842953,0.6211058,3.3117442,-0.21227242,4.9464536,1.2992696,3.164672,2.9419677,-1.7441658,-3.790543,-2.5917003,3.0540757,1.502347,0.18096483,-6.0401535,12.139176,5.3210697,-5.2546926,5.888257,3.1566477,5.083037,5.831431,3.1166995,-0.18682653,-2.1438577,-1.2769219,7.212799,-4.1271358,0.4293553,-1.1305526,-0.648202,5.0208387,-2.4846246,-2.1434326,1.1350719,0.317658,9.654641,2.2737036,8.1583,2.4540484,-1.048556,0.3977305,1.7006922,-1.5080483,-1.575322,0.8205412,1.0721219,-1.0034993,-3.2874913,-4.766178,2.8099334,-0.20976672,-5.344124,4.3431835,0.87471366,-2.370551,-0.59029037,1.6761357,-6.0475883,-6.0639915,3.0765297,3.8689673,8.041244,3.8940063,5.869759,5.1339035,-0.8236341,3.4678686,-5.330761,-5.458781,-3.8585644,2.8225713,0.24454546,4.1651535,2.4522552,0.31509224,-4.892333,-1.3103889,1.9837246,2.9881542,2.059769,5.4190946,-1.8696303,-4.695609,-2.2817745,0.27578193,4.787758,1.5277178,-0.408122,4.779756,6.0689874,3.205882,5.2062907,0.4737985,2.1377199,-1.006894,3.6475327,-4.973987,1.2051044,1.8482134,2.1333168,0.044440467,0.19179676,0.89311767,3.4423966,3.3061445,2.0118988,0.79014266,2.1854818,-4.856778,7.0251684,-1.6784269,3.7706704,2.741774,6.4437904,-2.137179,-6.279885,-3.2017992,4.755667,0.46704978,-1.9820743,-3.9053237,5.506137,3.5979872,-0.76313746,-5.3229814,6.1396856,0.42405596,-0.9861507,-6.266488,5.2910743,0.53312695,-4.91205,2.6422644,-2.290649,2.9465075,0.05768583,-0.6831458,3.1887052
161,-0.045275442,3.370197,3.7317793,-2.4448555,-2.6054308,-2.580375,1.5762032,-5.0859685,2.6669953,-0.6556409,2.635886,2.9648373,-1.575898,-2.5705838,3.041011,6.9007306,-6.5587883,-3.993357,-0.71870935,-10.365176,-9.121928,-7.7449117,-6.100337,1.569803,3.332221,2.3790917,2.0070183,-1.1314455,5.2972198,1.8088936,-6.0296335,-7.206573,4.1721563,-8.70748,2.5608635,1.5083854,-4.526828,-12.66102,3.1487112,3.6089642,-7.1523848,4.7567835,2.608546,2.338698,-0.959502,-6.342711,-5.7377405,0.5215959,1.581834,0.6346262,0.5154632,-8.561249,3.6433942,7.0034103,2.6632183,-2.7358377,-1.3219173,2.0745897,0.6933496,6.672239,-0.8466241,-0.9751795,-1.4849635,-0.098014474,-1.3834869,4.3713493,1.1488086,2.2384875,1.7449687,-3.6898792,-5.8239045,-4.7663507,3.2280743,1.7427468,0.40440896,-9.2458515,12.515575,2.9157133,-4.6240163,4.100739,1.5129497,4.2134943,5.8283896,1.1774082,-0.29492715,-3.356617,-0.9941767,8.335079,-4.3051767,-1.4526407,-2.0608609,-0.73033416,7.019554,-3.7622964,-3.6114688,2.0609572,-0.022402616,10.166841,0.60274786,5.855034,1.3234065,-1.2084175,2.0664847,0.27076846,-4.0688024,-2.8472776,-1.9618317,-1.7977183,-3.046737,-6.1535416,-4.4984746,2.7318296,0.32584006,-7.227097,3.3466806,1.6007737,-4.2008524,0.36271688,-0.32377732,-9.33198,-9.357521,0.47137982,4.996321,6.305245,5.941192,5.6902356,3.004703,-1.54386,5.830978,-5.815662,-6.7672496,-4.4198966,2.8959548,0.0028050707,3.8596709,0.48281258,0.6122884,-8.226163,-2.731593,1.7232013,2.8290143,0.5998586,2.347207,-6.992032,-3.3111846,-1.8308953,0.02937827,5.568602,0.23833059,-0.4004423,4.6467338,5.729411,2.1351857,4.3749924,-3.3293748,-2.1473527,-1.698474,6.3495073,-6.1283393,-1.4334947,-0.6000511,0.31754804,-2.5997496,2.0427387,0.83283144,0.9630959,1.2983538,2.48515,0.9330381,4.3076444,-5.8358693,8.305366,-1.1227257,4.4914994,0.6059095,3.4678285,-3.628512,-9.115239,-4.35671,5.0613074,2.0989323,-5.656533,-3.5111208,3.646326,6.1720457,-1.0059786,-7.5205336,7.5091558,-1.74369,-2.184706,-9.754702,3.93028,0.13503486,-5.8902197,2.679793,-3.6709962,3.724395,-0.35784674,-1.8716509,2.4733644
162,2.312129,9.472312,3.3304586,0.68536484,-1.5764201,0.9102174,1.2367439,3.3691337,1.5032755,3.646458,0.711272,2.5726178,-3.8134112,-2.258419,2.9873781,10.784093,-4.0688853,0.50257,2.4179993,-7.167969,-4.1218085,-0.70972234,0.13103992,3.5994017,5.3640146,2.2060223,2.0187182,0.9330475,4.621425,6.8412223,-5.1684933,1.4284728,2.1619923,-3.6457841,3.9153795,5.5968776,-0.74586177,-4.225534,1.137074,-0.32623842,-2.1687446,6.0371747,4.213475,4.949989,0.6287473,-5.0578136,-2.758453,1.8019223,2.0189626,0.10150662,3.3637156,-4.242128,3.7042634,10.6882715,3.5414538,1.4556261,0.6384814,0.15598975,4.747727,11.355532,0.1989817,-1.5766264,7.0613484,1.415142,-1.6888821,1.402396,0.4990913,2.2014017,2.4348683,-0.69813865,-3.621306,-2.833384,5.212985,3.440242,2.6913438,-3.183802,6.9044347,1.556417,2.4906635,4.2765417,-1.3204333,4.8296595,6.6629815,2.6995704,2.6530309,-4.5471754,2.5912077,3.2156758,1.8881795,-2.540423,-0.7663466,0.43847692,4.456841,1.4749829,2.4234364,3.3923175,0.45633593,5.9123526,-1.3100296,3.6380804,2.9919307,0.60170597,0.850421,5.5694404,3.5167239,1.7254127,-0.5184844,-0.6395465,-1.673765,-0.29308206,-1.7995158,4.4169035,1.3849162,-2.7959173,5.7401104,4.4051228,1.7946655,1.6436625,2.0717225,-6.6247196,-6.7415843,0.9505938,2.9877033,3.2471025,0.92872447,6.087616,2.4975564,0.19926262,-0.08998126,0.23573416,-4.7303042,1.3895798,10.751353,3.1773942,3.6315064,1.4002479,3.641533,-2.825206,-2.947299,0.62392545,-0.09851466,-0.36984628,4.0666018,-2.1271927,0.24026148,0.75153095,3.198718,1.6379552,-2.8156445,1.1347864,2.5144594,1.8022611,1.8457845,5.0503964,1.278594,0.6066786,3.4611254,3.3096418,-4.081125,1.3636291,0.24347946,5.881446,0.49041373,4.917518,1.9630682,2.025071,1.7981528,3.3328557,5.750871,10.562966,-1.6702636,11.159568,4.9441524,3.961295,2.8174143,3.9818702,-2.0385952,-2.573016,0.99011284,4.1800795,5.255518,-4.885132,0.47828433,4.0998893,4.476401,0.8225537,-6.4019623,8.385767,0.40318197,-1.7854316,-1.2955331,4.15304,-0.12732919,-2.3466637,2.3810644,-1.0523077,2.685201,0.06311123,0.64770806,5.6642933
163,4.9879003,4.8347864,3.5462558,-5.917069,-0.77946323,-3.5372481,2.3091311,-8.778879,1.6956393,-2.2824085,3.0419009,6.5213003,-1.0829738,-3.1086814,11.671052,1.1948508,-2.1801283,2.1148167,4.772296,-9.534608,-5.0131516,-5.1134915,-7.416571,6.112122,4.1756306,7.664219,7.8858995,-0.5143127,9.569505,5.2645535,-8.871153,-2.3326826,5.513834,-7.5274415,4.3394217,-5.8892903,-6.6116533,-14.447503,2.1441221,4.4038157,-0.55520296,6.514868,6.2121253,5.0910788,-3.7428725,-6.9555335,-6.548432,-1.2412555,-0.5266788,1.6868497,3.7109063,-5.3674273,5.6090875,6.0793767,5.765885,-6.710035,-2.567036,-0.3383637,-0.45618138,4.478718,-1.4621643,-1.0666552,2.4467297,5.4785933,4.001924,7.9161367,0.45333052,2.9844155,4.4505973,-1.7348197,-7.179186,-5.7219114,1.2965672,1.2425821,5.1502995,-10.462954,15.300759,6.2897887,-10.176662,6.7888026,8.872887,6.4403253,6.2800717,5.1964474,-6.211189,-0.07005297,3.7931824,8.705128,-3.191583,1.6253273,0.38222322,0.41647518,4.8712716,-2.3146043,-7.606907,-4.238454,-0.61199635,14.953339,3.6928687,9.635772,3.5412402,-4.502004,0.5124734,0.46132746,-0.21955733,0.91519696,0.74803424,1.3414888,-2.327907,-1.8328774,-1.3957641,0.658152,4.101913,-3.3122199,4.672982,0.12444053,-6.560016,-1.1286873,-2.911974,-7.0018435,-7.810045,7.28006,4.71605,9.960077,2.6344285,7.363172,5.6388597,-0.51103157,-1.0617179,-3.5725555,-7.924052,-4.459542,2.6132574,-5.270999,5.710077,4.6831,3.6249285,-2.1936893,-4.464219,-1.4254158,1.1571822,1.6106545,6.932539,1.756579,-4.8694677,-2.4071226,-5.1840754,3.3437128,2.076366,-0.49801746,3.500208,4.698924,3.247526,7.0077567,3.4619892,6.311478,-3.065617,2.6246488,-3.3779416,5.2043996,0.2961064,7.1654735,-4.154851,0.3097984,5.17576,0.094226174,0.33054528,5.700633,-4.043436,-2.135284,-1.8395033,6.1875095,-2.294177,1.6907458,3.9583218,9.862114,-7.023834,-5.559408,-5.4143305,5.8661747,-1.882378,-4.2799673,-11.968244,8.638634,3.066282,1.2971342,-8.341762,7.41036,2.137392,1.3735824,-7.9733233,7.863606,0.4014127,-7.1985903,3.1595469,-3.6806893,1.2542135,-3.0791957,-3.8624678,5.3631167
164,2.1249838,2.3644578,-0.777019,1.4059968,0.11362804,3.742776,3.010653,1.8614149,1.5858994,4.130846,2.217896,2.0057552,-0.2759213,1.4889776,-0.73495746,3.5825448,1.4690166,-1.1575263,0.3291238,-5.751749,-0.07227058,3.174413,7.0175858,0.26759404,3.2149005,1.8839304,0.27867833,-0.021383008,1.7318885,0.9916571,-1.6992731,6.268354,3.1018896,-2.2933843,1.7166634,5.336826,0.3464173,-3.5639246,7.600163,4.728416,-2.7863073,0.786044,-0.4299114,-0.58273697,2.3543012,-2.1321943,-2.6440332,5.4267488,5.0410156,0.15346618,2.2656496,-2.1697361,6.6616316,5.256547,-0.06134413,5.7810664,-1.6627531,3.5413115,6.465984,2.5254796,0.5681186,-0.5911647,3.6380837,0.56845737,0.04950687,1.1106275,-0.4016785,-0.7016073,-2.0322795,3.024233,-7.7888536,-6.834662,5.0561934,-0.26114413,0.8311523,-3.0714657,2.48324,1.4347861,4.772458,-2.1358771,1.7700161,-1.5461081,-0.60801095,-0.7234351,5.3448744,-0.3156096,3.2708623,1.898859,0.64041066,-3.1283476,-4.2321043,-3.9385414,2.0644062,0.7139827,-0.05694895,5.3730354,2.1914136,3.1331174,0.2620926,1.6025211,2.5842745,3.126985,2.7865217,5.554033,0.9786881,1.7317363,1.9657862,1.8277991,1.2509872,1.7967254,3.0209038,0.48384142,-1.1969529,1.2898778,-0.022361534,7.399168,-0.38601568,2.394736,5.8947577,-3.5088398,-4.670249,-0.5342098,3.8643692,1.8393875,-2.4583313,0.42120662,0.4845316,-0.86268,0.031313065,2.099395,-1.1857979,-0.9707445,4.9981194,5.1851397,-1.5549628,-0.48017147,3.327728,-4.1035438,-5.7086883,1.0776455,1.6245377,3.0104706,1.3602566,-4.9569798,1.1894709,1.1886249,5.246463,-1.2173624,0.852538,11.885406,-0.8540006,-2.3569226,3.8823576,-1.0452911,0.81848294,0.37640488,3.4452088,3.2811155,-5.0993366,-0.18443088,0.8280464,2.774799,2.945979,6.6087413,1.7853566,4.1106834,4.3738427,3.5050113,6.015359,3.9038703,1.503556,3.4312737,5.2971926,0.006719397,-3.2561524,2.0125713,-0.34933344,-1.9435713,-0.229875,0.16569582,11.45872,-6.3550467,1.1901288,-1.6651206,3.4468324,-0.9661821,-2.5310621,3.4452002,-1.7960386,-1.4481597,-1.7896333,-2.5372143,6.640096,-1.8525953,4.993664,1.5315366,2.2242355,0.8305516,1.68106,1.6927111
165,-3.9407642,-0.36321414,1.5261223,0.54003286,0.18141478,0.14505969,-0.039570667,-0.7869257,-0.45588568,0.40405998,2.3252008,-0.49622923,0.31200397,-1.7240516,-0.41645324,-4.4690785,-2.493084,-2.1750228,-2.6988862,-1.7512562,-0.9567041,-0.60214555,-1.1357259,0.43389446,1.4117334,0.28274179,-2.0797331,-5.4247003,1.0840603,0.11178908,-0.53563106,-4.7884994,1.6055689,-3.2043452,0.47694737,-1.578337,0.056601524,0.15577868,3.5118787,1.5692873,-5.1658387,0.31104422,0.7919687,0.7603959,-3.0496445,-2.65708,-2.523683,0.6922627,-1.5969617,0.017586077,0.8120465,-2.7150743,-1.4334477,-4.0541883,-0.58944213,0.3469914,0.78738034,2.2424104,1.2023723,-5.66344,0.21440479,-1.2661304,-2.1916895,2.0790417,-1.4496443,-2.3368726,2.7682312,-0.75392467,-0.649292,-2.0014198,-6.247496,-5.934585,1.3346199,-2.161653,-3.2871087,-0.32403356,-4.0517693,0.3346092,3.3063958,0.34553087,-3.5656712,-1.8123736,-1.1878177,-1.7886721,2.6894867,-0.5919386,0.315048,-2.4967995,-5.1849236,-4.419079,-4.9961157,-5.6471,0.7135999,1.5780073,-1.2527834,0.7597246,-0.006763172,-2.4028187,1.589048,-2.9206498,-0.08178112,0.5940261,1.0704427,0.45843276,-0.16693558,0.6626408,-0.1675261,-0.29674828,-1.6937937,1.1133914,-1.4142357,2.4205933,-3.5641603,-2.0697525,-3.6047552,-0.53254163,-3.4941924,0.11701513,-0.86478907,-3.1986735,-3.8589993,1.595452,-2.3218904,-3.4520712,-3.7341375,-0.8343993,-0.16507907,-3.3504248,-3.218594,-4.710505,0.26556495,-3.760883,-2.562894,2.186763,-3.3926013,-1.8744847,0.03249904,-5.2383566,-6.7165985,0.5545234,1.2814921,-0.58315545,0.34408864,-0.9940961,-1.8739059,-2.955757,2.17455,-3.9068975,-0.83337265,-0.39621827,1.1611615,1.2357461,1.5244683,-1.6598272,0.25611117,-0.9244337,-1.617628,-1.2444688,-7.1747518,-2.3282743,-6.6823688,-0.13191378,-0.33465356,-1.6619477,-1.3797632,-2.5160697,-2.4043303,-4.3351927,-0.2254412,-3.5189278,-1.1183741,-5.2561593,0.6799015,-2.1639278,-1.3558714,0.3469784,-5.3648987,-2.9428525,0.41295716,-3.1885026,-2.4085937,-5.461241,-1.0194901,-1.4241716,0.92501324,-7.670307,-2.627282,-3.5222409,-3.999845,1.4631609,-1.7963487,-3.2361197,-2.7863946,-3.9310458,-0.9471271,-3.1150775,0.19550164,0.7521458,-2.8956096,0.46907184
166,0.5972858,0.8274296,0.5143873,-3.592426,-3.3216472,-0.1340678,-0.7592671,0.21701059,-2.3283305,2.5111253,-0.6454235,-0.0034620722,0.39040264,-2.0219798,1.5159144,-0.7683558,-4.4831624,-0.23364106,0.6674755,-4.8848057,-4.070456,-0.4355928,-1.2918247,-0.25823286,0.12891583,0.9823354,1.4924914,-2.133802,2.80437,1.664196,-1.7250137,1.3146248,2.4330776,-1.5081382,1.3574933,0.64215153,-0.8638681,-2.6945808,-0.48714626,-1.7749871,0.14935559,1.3471152,1.4651433,1.1926965,-0.76961184,-2.7350845,-0.5463613,0.13263153,-1.0872525,-0.30537206,0.6477691,-1.4676319,-2.2487047,-0.18060696,0.9647376,-1.3161091,-1.6806384,0.16029908,0.84192616,0.1105504,-1.2398823,-2.492863,0.6288213,1.3968421,0.7017796,1.905217,-0.4291551,-1.5735186,-1.1282573,-1.8387662,-2.5310607,-1.5384436,0.23099995,-2.4170563,0.6613822,-0.7594248,2.3242297,1.508891,-1.6113513,0.55996335,0.042269375,0.025848335,0.2210421,4.970309,-1.0321412,-0.3784046,-1.9396939,-0.5513116,-2.2776036,-2.0419512,2.7550704,2.18458,-0.4269258,-0.18143007,0.41264722,0.35891074,-2.9534516,1.5824332,0.006507058,2.2104194,2.2589767,-2.2726495,0.22877952,1.628982,0.72863907,-1.1489121,0.09078274,0.13195583,-2.9130695,0.15839149,-2.7311912,0.7010444,-1.9579191,0.695357,-0.07236742,-1.020286,-3.2431326,-1.4913828,-1.1356089,-1.0485797,-1.3541794,0.48463547,-3.1133635,1.5383409,-0.48888683,0.31977755,2.078781,-0.40897313,-1.0773776,-0.10926539,-4.0581245,1.5117598,0.11403903,-0.45434266,2.7368474,-1.9582652,-1.716623,-0.8244508,-3.4691901,-2.5908668,-2.0074108,-0.05824406,2.5198407,0.49637765,-1.6651766,0.2745671,-0.44216716,0.7901904,1.2774428,-1.1235702,0.8373113,1.0641793,-1.4983757,0.075287916,0.98167145,0.13121754,-2.6803184,-2.259438,-1.2158494,0.4275251,1.1766225,0.44000506,-0.34708205,-2.002451,-2.3547366,-0.49127617,-0.60922027,-1.5752511,1.3319616,-0.4062621,-0.09397415,0.42843315,0.18883112,-0.58977795,-0.311974,1.7507213,-0.603468,-1.3744678,-2.530099,1.9899538,0.7436063,-3.1950562,-0.48954055,0.5317363,-0.7702862,-1.683061,-1.0448107,-0.04851282,0.24325927,0.35490948,0.5975905,-0.052509915,-2.0277739,-1.7404929,-1.6289393,0.024674183,-1.6860169,-1.7655321,-0.7284156,0.877899
167,0.5972858,0.8274296,0.5143873,-3.592426,-3.3216472,-0.1340678,-0.7592671,0.21701059,-2.3283305,2.5111253,-0.6454235,-0.0034620722,0.39040264,-2.0219798,1.5159144,-0.7683558,-4.4831624,-0.23364106,0.6674755,-4.8848057,-4.070456,-0.4355928,-1.2918247,-0.25823286,0.12891583,0.9823354,1.4924914,-2.133802,2.80437,1.664196,-1.7250137,1.3146248,2.4330776,-1.5081382,1.3574933,0.64215153,-0.8638681,-2.6945808,-0.48714626,-1.7749871,0.14935559,1.3471152,1.4651433,1.1926965,-0.76961184,-2.7350845,-0.5463613,0.13263153,-1.0872525,-0.30537206,0.6477691,-1.4676319,-2.2487047,-0.18060696,0.9647376,-1.3161091,-1.6806384,0.16029908,0.84192616,0.1105504,-1.2398823,-2.492863,0.6288213,1.3968421,0.7017796,1.905217,-0.4291551,-1.5735186,-1.1282573,-1.8387662,-2.5310607,-1.5384436,0.23099995,-2.4170563,0.6613822,-0.7594248,2.3242297,1.508891,-1.6113513,0.55996335,0.042269375,0.025848335,0.2210421,4.970309,-1.0321412,-0.3784046,-1.9396939,-0.5513116,-2.2776036,-2.0419512,2.7550704,2.18458,-0.4269258,-0.18143007,0.41264722,0.35891074,-2.9534516,1.5824332,0.006507058,2.2104194,2.2589767,-2.2726495,0.22877952,1.628982,0.72863907,-1.1489121,0.09078274,0.13195583,-2.9130695,0.15839149,-2.7311912,0.7010444,-1.9579191,0.695357,-0.07236742,-1.020286,-3.2431326,-1.4913828,-1.1356089,-1.0485797,-1.3541794,0.48463547,-3.1133635,1.5383409,-0.48888683,0.31977755,2.078781,-0.40897313,-1.0773776,-0.10926539,-4.0581245,1.5117598,0.11403903,-0.45434266,2.7368474,-1.9582652,-1.716623,-0.8244508,-3.4691901,-2.5908668,-2.0074108,-0.05824406,2.5198407,0.49637765,-1.6651766,0.2745671,-0.44216716,0.7901904,1.2774428,-1.1235702,0.8373113,1.0641793,-1.4983757,0.075287916,0.98167145,0.13121754,-2.6803184,-2.259438,-1.2158494,0.4275251,1.1766225,0.44000506,-0.34708205,-2.002451,-2.3547366,-0.49127617,-0.60922027,-1.5752511,1.3319616,-0.4062621,-0.09397415,0.42843315,0.18883112,-0.58977795,-0.311974,1.7507213,-0.603468,-1.3744678,-2.530099,1.9899538,0.7436063,-3.1950562,-0.48954055,0.5317363,-0.7702862,-1.683061,-1.0448107,-0.04851282,0.24325927,0.35490948,0.5975905,-0.052509915,-2.0277739,-1.7404929,-1.6289393,0.024674183,-1.6860169,-1.7655321,-0.7284156,0.877899
168,-0.1603013,1.4745127,1.4150355,-0.46773285,1.0255837,1.0581809,-0.4083819,7.405005,-0.19879025,2.6356814,1.7005137,3.8732197,-0.9829676,-2.3643694,-2.5097432,4.0604205,-3.9635715,0.96716505,2.5844948,-4.2613425,-1.9671465,1.1547536,5.7130623,5.362201,7.276308,-0.5104932,-4.308505,-5.3395734,2.1615496,0.48397318,0.53283614,-2.4021924,1.3455975,0.57593703,0.9850616,3.8687615,-1.6842804,-5.1463265,2.982121,-1.192919,-6.28252,0.6441416,-0.66890043,-0.50979215,1.7753046,-0.8702721,1.6379321,4.313727,2.5203736,0.15961795,0.97421837,-0.4145662,1.4836453,4.632679,0.62593836,5.9420547,-0.4820289,1.3852475,1.9374807,2.424868,3.3156505,2.002293,4.329043,1.3024726,-3.2735689,-2.259369,1.9396323,0.07350245,-0.33484232,-5.069851,-9.356826,-9.463808,6.9666295,-1.0669708,0.9597706,-4.524624,-2.4793499,0.9312649,5.6355934,-0.4027936,-7.2596064,-1.5820856,0.067475475,-0.8295913,11.370366,-3.300916,3.2411547,-3.3960273,-4.8094873,-5.705078,-5.2546415,-4.9020844,1.5182067,0.0666921,1.3907435,1.9310759,-0.34356973,0.38323915,-2.2361274,-3.0500832,-1.070956,5.158478,3.6882825,4.3906364,2.6301055,3.2093573,-4.1871314,-4.3934093,0.13308175,0.43415412,-2.2847016,1.8617172,-3.1438174,0.53246117,0.0003753097,5.9337754,-6.8051195,6.3436832,2.3188434,-4.151989,-4.592032,0.65151453,-1.0810403,-2.5931125,-3.651682,1.2976114,-0.7585778,-0.55516464,-3.1529734,-3.9319673,0.08269488,-2.4539754,5.21123,11.592365,-2.1081069,-3.8574896,3.6772177,-7.3933706,-6.733668,-0.5874843,1.1097903,-1.0006133,3.9203215,-1.5894237,-0.6394791,0.85538995,11.6173,-5.3754916,-3.5410123,2.4498434,0.8547782,0.57387286,6.0696497,-1.155573,1.6192706,2.0472906,-2.5354466,3.0384347,-11.547471,2.183804,-1.2974613,0.2580255,1.6638644,6.800317,3.4260778,1.8533243,1.7076117,0.31747803,3.83369,4.918567,-2.0912697,3.378464,4.2692666,-0.1298279,-2.4366739,1.4705802,-0.1898046,-2.342743,5.6692743,-0.5398826,4.16482,-6.0843806,3.4012735,-0.5273881,2.501851,-5.985968,-2.2967608,0.46645272,-5.298741,-1.4008452,-5.5342813,-3.7644782,-1.9846685,-2.7741892,0.22835015,-3.716559,1.647402,4.027285,0.17801043,3.1418009
169,5.8233595,-3.148945,-2.8580358,1.3285152,1.541155,4.1453905,2.468009,-9.577005,0.9681142,-6.761802,4.153465,5.3204465,0.33745593,3.8672688,0.5889125,-12.495457,11.639961,8.06101,5.6227994,-1.9097803,3.1603558,9.453118,-5.02852,-0.7645011,-2.63411,5.768461,5.397406,-0.096896894,-3.679968,-2.122693,-10.915913,-15.760086,-2.7647402,4.960629,1.050277,-16.111534,-0.1326302,1.8900425,2.9886742,4.148814,4.3441863,-4.574798,-0.90834355,-0.993681,3.1857052,6.962288,3.2327328,0.0139344875,0.20521267,-1.7562474,3.715813,8.638784,-4.669033,-11.472799,3.9458032,-4.957371,5.4103303,-7.07608,4.4577513,-11.451984,-2.5021322,-3.6438777,-3.0366986,4.887558,5.056309,7.6659446,-0.36172497,-1.6367644,-6.327262,0.5952488,3.0282264,3.7639089,-9.412255,-8.518217,-0.63012064,-0.21463707,-9.539204,-2.1655395,-5.660375,-2.478765,0.21285404,-3.1737235,-5.3812156,2.5534472,-15.245853,15.713922,1.7971959,4.8124633,4.9549513,-4.475119,3.2656238,3.0127132,-1.8032626,7.373735,-4.581045,-9.149819,7.83243,-5.2880125,5.2533164,-7.0958443,-1.0172052,-5.7704506,-1.1221857,-2.230912,1.9813851,5.106361,7.479844,7.627361,8.673247,5.5778947,10.804534,-2.448451,-6.3656774,6.4426517,-7.171912,-7.2469254,-11.629219,-5.03921,-0.25153983,1.6571335,-0.62953264,2.300689,-9.5225,-8.462829,-1.4591953,-3.975151,4.9254537,-0.20115331,-7.0794783,12.671809,-0.8882443,0.697465,-9.621858,-15.881567,0.871851,-7.9997926,0.17018336,2.1223915,-0.430141,-2.1244261,-3.6992993,2.210908,-4.770843,3.9321394,1.9268873,6.6595635,-16.007534,0.6181919,0.7334087,1.9332358,-2.5163612,-5.9728975,-3.8064442,-2.9960382,1.8771986,0.08790172,-11.742048,-10.252523,1.2787682,7.9867845,-13.684543,6.3461895,2.1037078,-8.942477,-1.9986172,-1.9129949,-1.2604206,-6.9592595,-10.985735,-11.7562895,17.3825,-11.154516,-1.5426562,-7.1073236,0.6955277,-0.47899246,-9.88604,0.9978258,0.74614096,0.4310552,-2.1928418,1.6336411,-8.743875,-1.4142213,-2.9237638,-4.732883,-6.7065554,-7.170827,-6.530916,16.011465,0.38803065,-9.083101,4.0272617,9.762773,5.417751,3.4455943,-0.59648085,-0.7489476,6.4263153,0.23063305
170,3.8954535,-4.629983,-4.680106,0.030435557,-3.6189468,-0.06342659,0.42985123,-12.402241,-4.3746815,-9.054036,0.7613022,2.7501132,1.397263,0.08483894,-1.8136097,-12.299024,0.38384932,1.1642934,1.0042995,-4.4953694,-5.2071586,3.7947292,-7.457558,-5.131892,-5.8328986,2.115485,2.4914203,1.6095108,-4.0167007,-3.646967,-7.3007665,-11.941103,-2.8883302,-0.9105064,-0.55411303,-14.833901,-3.7909982,-1.9764062,-0.61400324,0.09559228,0.3411125,-5.2977753,-2.8509347,-2.2971957,-0.5364935,2.6417966,-4.0952764,-4.021309,-2.6229522,-1.0903231,0.60321534,1.3795358,-4.155686,-12.679937,-0.11293435,-9.147752,-0.28604373,-6.589663,2.4226205,-11.882688,-6.2873735,-5.6293006,-5.9836307,0.23222435,0.8380074,3.8805034,-1.5724173,-2.5270193,-5.329555,2.839787,-3.4035108,-2.6038728,-9.507237,-8.906135,-1.5842296,-4.8654127,-4.9064255,-2.7801447,-6.7436504,-2.1835012,-0.07828316,-3.5684175,-3.915056,0.4840645,-16.503906,10.792131,-2.2332067,4.05538,-1.0040758,-1.9849132,-0.07619339,-1.86001,-3.2824214,2.8091252,-5.557245,-9.389499,0.66981155,-3.9323642,3.28891,-2.4762466,-1.6138483,-6.8581862,-1.8430377,-6.210068,-0.9783208,0.99343055,-3.1755602,-3.181818,1.2287868,0.3418513,1.4172949,-2.9068358,-5.709412,4.975104,-8.100352,-8.55509,-6.975847,-8.912667,-2.961573,-1.3397614,-2.6521363,-0.9512088,-7.7015133,-3.4665928,-0.8218397,-3.8471448,1.6938512,0.59478456,-4.0700955,5.7775784,-6.549863,-3.1506646,-11.7648325,-17.961615,1.1551402,-3.3682654,-3.643047,1.2124237,-5.903448,-2.9437978,-3.1708472,-0.40202522,-6.55335,0.7503039,-1.5505828,2.1862855,-18.01156,-1.2329175,-0.29481393,-2.2279267,-4.754213,-7.2733593,-4.414629,-3.3921177,-0.83437485,-2.0839667,-7.652399,-10.661178,-0.34589186,2.6913064,-15.151422,2.5614984,-3.2319472,-10.42915,-6.7488666,-5.192294,-4.492913,-4.095857,-9.677282,-13.862253,11.885835,-11.669704,-2.2685318,-5.4607463,-0.38533854,-4.65927,-8.095697,-1.415561,-5.3545227,0.65193015,-7.8058214,-4.2539377,-9.497622,-3.4693086,-3.65075,-1.2477899,-5.8104434,-6.8736105,-2.6049478,7.5933533,-3.3820674,-6.9758635,1.8291105,4.784404,2.3790092,0.18375412,-5.0894194,-3.4353094,0.9917861,-3.2270734
171,8.158389,-2.6564207,-3.8136706,-3.8049555,-5.5410247,2.9048622,4.57925,-11.695414,-6.2527285,-12.658049,-0.6025207,6.869931,-1.4521052,0.82752585,-0.3731961,-15.559416,8.048416,4.5841155,2.2873755,-2.3812718,-0.4972197,4.0360017,-10.451684,-4.462495,-8.007311,3.802331,4.2364583,4.4885144,-6.2462006,-1.4537263,-9.570501,-16.082003,-5.412139,4.6336317,-1.0894437,-19.143557,-5.026381,-1.6089625,-2.3427782,-0.38538647,5.346388,-5.6224437,-3.5062847,-2.4353094,1.5283457,6.8971176,-2.2977798,-2.8255234,-2.3236852,-1.4280753,2.9233952,7.430661,-5.4170947,-17.074917,-0.3801639,-14.047143,0.64500403,-7.312998,3.5072,-13.407511,-5.277497,-6.8860707,-5.430433,0.6747792,0.9240253,7.648638,-1.2257223,-2.6898165,-4.984143,-2.0941653,0.52863014,0.9112434,-13.186141,-11.277456,0.17647034,-6.1268353,-6.007468,-3.8175426,-10.013361,-1.618446,0.1145212,-3.3900743,-3.7011497,3.3892968,-25.601456,16.128132,-2.9113266,6.2943287,3.9807868,-2.975556,4.828242,3.209256,-5.361239,5.5470176,-7.164793,-13.986472,2.802764,-2.911657,3.9397564,-2.0522072,-2.1888747,-8.007655,-2.0129073,-7.827165,1.4909915,2.8515332,1.8667921,1.9325516,2.9643066,3.6635458,7.4990096,-2.5594964,-7.0589705,8.781866,-9.865031,-11.941301,-5.3945827,-12.021934,-2.8156583,-0.72053105,-2.4428566,1.4429479,-7.316371,-2.7027926,2.6650808,-3.3389952,5.6681566,3.8721435,-3.4294465,12.949491,-5.0612173,0.0565203,-12.45118,-26.864965,5.461656,-3.5738356,-4.156919,5.646581,-3.5413015,-3.4637582,-5.4597034,0.25863504,-8.069634,3.351386,0.042285595,8.462689,-26.98092,1.5161968,-1.0208428,-4.913451,-3.8651886,-6.9497075,-7.756724,-3.36039,0.52934486,-1.833882,-6.8933,-17.105108,2.530095,4.775604,-14.830059,6.5462193,0.16009371,-14.479087,-9.414112,-4.4606614,-3.6008356,-1.4785672,-13.875954,-17.09906,19.86976,-14.473291,-2.5242422,-8.221461,1.1864973,-3.641985,-9.1848345,-0.80546093,-4.782386,4.9467697,-7.9442616,-2.1542053,-11.052319,-3.8490472,-6.179283,5.0951166,-7.8888893,-8.825364,-1.980752,15.811118,-5.188541,-8.386553,1.3605183,10.93696,4.637547,0.32729197,-7.767618,-2.4979687,4.5448775,-1.1270895
172,8.905495,-5.945763,-6.0604873,-5.7067676,-7.4682145,4.9391985,8.2072935,-15.712681,-9.005011,-19.768133,-0.7666436,9.404897,-1.4267426,2.122035,-2.5899885,-18.992155,11.540996,4.1991787,2.336847,-3.4397101,-0.3282976,2.8380847,-13.747124,-5.3614187,-10.174567,6.9782367,5.95699,0.504928,-8.27095,-4.835231,-10.801455,-20.866106,-8.158414,9.066004,-3.562089,-21.31738,-10.561451,-5.2436686,-1.6730094,1.2003568,3.6265895,-8.559117,-6.837137,-5.209195,4.39901,9.809507,0.9468719,-2.707033,-0.0023927933,-5.945466,1.5612715,12.544769,-8.792109,-21.26228,-2.0355792,-19.667473,-2.3760266,-7.433544,4.0967693,-16.704758,-7.609266,-9.7753935,-8.253116,-0.66246134,-0.880394,7.8573575,-1.2922564,-5.3438773,-7.6317983,-4.011479,-3.4858696,-2.6198537,-18.08784,-16.589752,0.88862485,-12.309162,-8.116363,-5.4905295,-15.420533,-2.8639085,-0.8532546,-5.619138,-5.02364,2.102951,-32.510773,19.016914,-4.6355534,6.355673,5.063965,-6.8783364,3.6627104,3.5435202,-7.5471635,2.6512783,-12.544691,-14.919309,0.8107616,-3.9136481,3.4469388,-5.4301934,-4.862865,-11.704436,-0.2568649,-13.929768,-1.5642543,2.3411677,1.0850198,1.1075749,3.387264,-0.15006612,10.660106,-4.6073422,-11.843898,8.149546,-14.000239,-14.299135,-11.083508,-15.344572,-3.1409643,-7.8516507,-10.505467,0.72635055,-11.912527,-6.2730603,0.7705779,-4.7091618,5.701286,2.4898548,-1.2054899,16.85361,-10.561438,-2.9035056,-16.247036,-34.039993,4.1670837,-6.6900783,-5.1395006,1.5289596,-7.7372475,-7.7722545,-9.163296,-1.4084364,-13.072768,0.037253056,2.6750395,10.107226,-34.16647,-3.9535728,-4.2478347,-10.508474,-5.860649,-8.788625,-9.408783,-5.493145,-2.969226,-6.3628855,-13.904872,-22.060791,-0.70805216,4.231301,-19.18829,6.344295,1.0420573,-19.206131,-12.807883,-3.2892282,-1.7573735,-4.9583316,-15.053567,-22.450901,23.620802,-17.38179,-2.109674,-11.634966,-0.62522155,-6.88236,-9.817989,-5.671003,-5.316978,3.234681,-12.071751,-6.05403,-19.38042,-5.7721586,-8.448728,-0.30320776,-6.9446945,-11.872283,-5.547055,21.184685,-6.046097,-12.308357,-1.588813,9.708981,1.9357582,1.0556943,-10.664016,-3.4143865,7.0958,-1.8587704
173,11.795785,-3.7096198,-5.000244,-5.879703,-7.686944,3.795331,7.9601426,-12.800377,-9.365047,-17.077927,-0.89975643,12.540907,-1.3344663,0.19996697,-0.8799077,-17.869503,6.84803,4.6188297,2.8875954,-3.7239857,-3.3459527,3.165764,-14.044672,-3.0941005,-7.5088315,5.1169457,4.380553,2.4837363,-7.0951357,-1.9081985,-10.374384,-21.94524,-5.8222938,7.0374875,-1.6080977,-21.741495,-10.241407,-6.188597,-1.3369427,1.1587876,2.9604607,-7.2680535,-5.380783,-4.12835,2.6187286,8.937107,-2.3016691,-3.7225618,-2.8428273,-3.9675343,1.897078,9.760733,-8.29101,-19.818714,-0.07701237,-17.586863,-1.4846998,-6.720388,5.027305,-15.166813,-6.4766607,-9.321509,-7.1231246,0.17195636,0.97692,10.12358,-2.132567,-3.9788945,-7.2994585,-4.4660277,-5.4701295,-4.417718,-14.046411,-15.495721,3.3908975,-12.396996,-5.9264994,-3.9663553,-12.521582,-1.936917,-0.78788555,-5.226197,-4.215876,5.374099,-29.635729,19.087055,-2.724117,8.095574,1.0759628,-6.323888,5.5544233,4.461012,-6.4781184,4.709495,-10.305729,-14.977866,-0.56458116,-1.7765319,3.9599805,-3.1252093,-4.514728,-10.54832,-0.3082987,-9.93285,0.6406072,4.4537263,-1.3933561,-1.2581114,1.9149026,2.346592,7.5655074,-3.4856708,-10.76673,10.176035,-13.006679,-14.43886,-10.370532,-14.347178,-4.423532,-6.127926,-8.428801,1.0310668,-10.916319,-4.09075,2.8932855,-3.5599036,6.530326,4.15985,-2.3404977,15.101038,-8.842785,-0.960116,-15.239118,-30.85631,8.125131,-6.6352744,-4.438462,1.5497125,-9.667165,-6.9407086,-8.16581,-1.2636045,-10.270673,1.5923382,1.6296507,10.719491,-30.990541,-0.8267654,-2.1475422,-9.57413,-4.186986,-7.283843,-8.347517,-5.0428905,-1.3178358,-4.250812,-11.90454,-20.16931,-2.7383904,5.692033,-17.949314,7.626979,0.37134382,-16.915878,-10.472572,-5.521936,-4.3591022,-4.2836933,-15.12739,-20.229013,24.393248,-15.678646,-0.62112194,-9.765567,0.05449276,-5.073374,-10.498309,-4.6616435,-4.7672763,7.0742016,-10.216969,-7.837804,-15.500634,-4.228047,-7.353562,2.8444977,-8.470413,-10.65614,-5.227132,19.922176,-8.487414,-11.272392,-1.3009117,10.773832,3.2714686,-0.6737544,-10.551738,-2.6836004,5.5705886,-1.4424423
174,14.480739,-1.4141873,-3.822335,-8.170486,-9.729798,3.6346068,9.37208,-12.210727,-10.657737,-14.696424,-1.2666895,15.092585,-0.61764085,-0.42997965,0.73792714,-17.922132,3.537311,4.899917,2.1120024,-4.6536727,-5.0565643,2.9586992,-14.118323,-1.9613383,-6.852241,3.5628598,3.1998436,4.978783,-6.5337625,1.1698381,-10.381472,-20.85353,-5.134039,5.724235,-1.070176,-22.027536,-9.437703,-6.1737647,-0.80588233,1.6983795,3.686638,-6.0816092,-4.306343,-3.387679,2.1858268,8.991429,-2.1238592,-2.374081,-2.5046318,-2.5412614,2.4597895,8.001065,-6.731542,-18.134127,0.5884861,-17.988161,-1.4762641,-5.2877107,5.7250776,-12.91439,-4.991802,-8.6463785,-5.4902315,0.31184438,3.5799036,10.35557,-2.8381274,-2.2969177,-6.09694,-4.508887,-4.4374337,-3.1643322,-12.5738945,-13.386543,5.732252,-11.232736,-4.7560997,-3.1209557,-11.237572,-1.2506719,-0.8042014,-5.1160088,-3.5303695,7.4429655,-28.848072,19.39438,-2.5756462,8.086626,0.08618797,-3.9215913,7.4866405,5.209694,-6.9312835,5.4076257,-9.770888,-14.717142,-2.1653054,-0.8815549,4.960072,-0.67657006,-5.141585,-9.610276,0.11843877,-6.7207794,2.5102484,4.241092,-1.7311023,-1.5109134,0.756676,4.095709,4.948414,-2.6545024,-10.348098,12.363,-11.728918,-14.365648,-7.537178,-15.074078,-2.5154097,-3.3276596,-4.8420644,1.8295246,-9.0502825,-1.683518,4.995154,-2.3760448,6.631049,5.9166718,-2.4287145,13.880407,-6.3039403,0.29959476,-13.126631,-29.584265,10.496409,-5.0090375,-5.197083,3.5536013,-9.084153,-5.2417064,-6.9371676,-0.77423877,-6.604822,2.995138,1.737312,11.703097,-29.719587,1.298071,-1.4099704,-8.082661,-2.4485548,-5.576269,-7.604905,-5.032809,-0.35123378,-2.7239718,-9.2070675,-20.023214,-2.4881656,5.5167503,-13.431929,9.166772,1.2070423,-16.857649,-10.0189705,-3.8644414,-3.3028293,-3.3491387,-15.814664,-18.470531,24.527119,-13.806722,0.3037027,-9.06774,0.74899566,-4.0799427,-10.879114,-4.121826,-5.403127,9.114675,-8.546737,-7.5763555,-11.414441,-3.0354874,-7.720639,7.6819463,-9.772352,-9.798293,-3.8559651,19.4899,-10.665853,-9.643546,-1.2252702,12.09598,4.4637346,-2.0129862,-11.861754,-2.1650844,5.746006,-1.1253257
175,14.569991,0.104002215,-1.9135584,-9.088472,-9.412557,3.6315978,8.272743,-9.893112,-9.226927,-10.279655,-0.08741086,14.619498,-0.5014309,-0.57071847,2.217061,-17.232168,2.3987298,5.488362,2.310562,-5.467141,-4.281337,2.736301,-12.808686,0.09449342,-5.2744412,3.583726,3.6724448,5.2184663,-3.8800657,2.7462075,-9.99815,-18.47202,-2.9311025,4.5217886,-0.07525038,-20.046013,-6.487189,-4.890041,-1.1581558,0.585185,5.8048434,-4.5280466,-2.2755184,-1.8668154,1.6071769,8.165107,-1.5626394,-0.05442381,-1.7005509,-0.5806809,3.3295872,6.659576,-4.8421464,-15.903153,1.2034137,-16.071018,0.58095574,-4.181302,4.837048,-11.557621,-2.159779,-6.087758,-3.764442,2.4017186,5.615501,10.241287,-2.0030196,-1.4924333,-3.9536197,-6.594584,-2.1568594,-0.63215786,-11.7056265,-11.387855,6.324838,-8.360254,-3.2751515,-1.0497794,-9.254726,0.06765617,-0.4356147,-3.802565,-2.751178,8.658493,-24.789715,18.752478,-1.4818825,6.945231,-0.22084239,-2.2024567,9.4853945,6.7381687,-6.444104,6.447359,-8.555739,-13.494772,-1.2870096,0.037736222,5.053601,1.4525379,-4.894054,-7.388423,0.39266887,-2.5438824,3.4739192,3.2374964,-0.14512075,0.10767997,1.2544875,4.7787457,4.045298,-1.4935986,-9.095322,12.673622,-8.600689,-13.893012,-6.493764,-14.273093,-0.69122034,1.0648295,0.13322361,3.360882,-6.403272,0.6675768,6.3014145,-1.2217604,5.3958573,6.35782,-2.9325247,11.929536,-2.296298,1.6635236,-10.949594,-24.976192,11.276299,-4.3368077,-4.5892973,6.181162,-6.6352973,-2.4444752,-4.395985,1.6632562,-2.5512116,5.4381776,0.7330292,11.986324,-25.124832,3.5672238,-0.5305373,-5.2885256,-0.36254945,-3.001496,-5.661458,-3.8330462,0.82759774,-0.81540114,-8.158535,-18.887844,-1.0133581,5.665497,-8.188047,8.855679,2.6025949,-15.978878,-7.3088255,-2.190285,-2.0906656,-2.688692,-14.721576,-16.079678,23.00428,-12.233526,0.20789146,-8.880319,1.615746,-1.1432203,-9.557078,-3.753322,-4.900334,9.889359,-6.0278277,-5.2754073,-7.571036,-1.1002495,-7.1227593,10.46767,-9.671674,-8.510366,-1.2983791,19.186268,-10.788338,-7.271607,-0.72112525,12.909028,5.6279345,-2.7882452,-10.3027315,-0.7687623,5.1141624,-0.33515212
176,5.7410655,6.685364,0.23692036,2.4702795,6.228538,1.820074,0.52339375,-0.80345255,2.5696986,4.2859087,2.3129725,5.3123155,-0.5552539,-1.8990693,8.741408,0.584855,4.7631993,5.404147,5.2850547,2.1918998,3.1488938,6.685427,2.8645074,7.903678,5.975807,6.078641,6.0025997,2.727092,6.3507977,7.2089486,-5.1542754,-0.08830929,5.7142653,-1.3524495,5.512422,-5.8449855,1.4586735,1.1164724,2.522622,3.2073584,4.3648834,3.7385278,6.079996,5.2844205,-3.229365,-2.1614552,-4.0490885,-0.028978856,-0.7057341,4.8792844,5.0703855,0.4391889,3.6658087,4.0583954,6.0223007,2.2589786,2.0848162,-2.5641308,5.845204,1.491266,-0.1427806,-0.97834337,6.811813,8.275973,6.566595,6.3401093,0.6359007,2.787489,1.1036243,4.3150926,-2.592762,-1.94074,5.4937525,1.7557732,4.472655,1.1266598,3.4723892,4.9378223,1.9371234,1.5205238,6.445378,1.7416544,0.06763705,5.290746,0.9593071,2.6356108,10.768897,5.38619,-0.54429024,2.0317917,2.0654511,0.52732545,0.93613917,6.2678924,1.4674245,-3.1606944,3.4843187,5.3952136,3.0035768,4.3390865,5.81647,-2.8220057,1.0549306,7.27472,7.778604,8.743998,3.7148569,4.051586,3.4704645,7.0809426,4.515706,0.65018463,3.8858602,1.6376284,1.7536879,2.02533,-3.7515619,1.7958729,-0.5551585,0.80099446,-0.22451425,4.3373775,0.74704695,3.7835891,-0.2137095,1.3964647,5.067919,-0.93010134,-8.7290945,2.4794607,1.7191384,1.2231311,3.15568,1.3251634,2.7396932,3.577638,9.534128,4.0459566,-3.0133832,-0.27739364,0.6733611,1.6296974,6.053973,4.9725933,2.4211419,0.45970288,1.3979158,2.4128902,5.3785086,5.5620513,0.15457024,-1.2750019,5.4148927,2.4656909,9.935469,10.966847,0.09723832,1.144051,-0.17289723,6.6206813,-3.1384857,10.756678,0.041961774,3.5617845,7.2189965,-1.1808592,-1.3065296,2.2781377,-2.33869,1.603146,5.966761,2.3931525,5.3620396,0.9895676,2.1494951,8.939353,-6.5484667,4.50829,3.5988913,1.7563511,1.7411115,-0.7358772,-4.8610888,5.3687515,0.74896944,0.5430861,-4.7789173,3.2107432,0.78688455,4.6648445,2.3824623,1.7017891,4.821897,-0.9975513,4.6910405,-0.1691679,1.660089,-1.9710789,-2.3778183,4.9633985
177,4.9676924,5.626542,0.096843764,2.9021935,6.58746,1.1371704,-0.14661376,-1.4539877,2.5093513,3.5504098,2.0260224,5.0317235,-0.15184823,-1.9668087,7.696324,0.48138246,5.0335093,4.5872936,4.2290616,1.9574711,3.7156866,6.272559,2.6886463,6.9233975,5.3366337,5.730637,5.56693,3.5964134,5.313603,5.938212,-5.096711,-0.6525274,4.899252,-1.6948781,5.1665463,-6.2148285,1.9449114,2.1246347,2.4408066,2.9925847,3.8012612,3.2329354,5.446264,4.8509736,-3.4758227,-1.4459903,-3.3788836,-0.60094255,-0.83068657,4.7753634,4.5208936,0.023098735,3.3316822,3.7263584,5.326563,2.0040057,2.2741609,-2.9080083,4.9377236,1.252461,-0.5781213,-0.89952815,6.216214,7.383443,6.273115,5.421783,1.3386381,3.5767727,1.1333517,4.54641,-1.9300773,-1.3713806,4.6206355,2.697597,3.9381714,1.7944034,2.6281815,4.486414,1.2678703,1.2433103,5.8075194,1.5600836,-0.027660087,3.8548408,0.902495,2.6488364,10.574368,5.224209,0.40334472,2.4593651,1.854776,0.86987734,0.96433026,6.1044035,0.8406425,-3.6335,3.165776,4.4123535,2.6311333,3.7028468,5.3275247,-2.657365,0.99169546,5.900479,7.010062,7.789868,3.0186944,3.2925954,3.4694932,6.3251333,4.6862006,0.7284092,4.3059273,0.79766774,1.3611783,1.875637,-3.253347,1.9563535,-0.950904,1.1014563,0.21838278,3.7840683,0.99972314,3.2928185,0.81137925,1.0513998,4.439671,-1.4336885,-6.4698377,1.7377247,1.7999316,1.0190672,2.7268782,0.9641889,2.060013,3.5185468,9.619727,4.1157537,-2.1120746,0.9177119,1.9494183,1.2932101,5.041088,4.3719177,3.0650382,0.26542813,1.0265049,1.9586433,5.302611,4.8553605,0.07811216,-1.2139761,6.135751,2.182006,9.146168,9.955289,0.1622441,1.6753676,1.4580797,5.604892,-3.4897196,9.719539,-0.6493316,3.1914904,6.4030433,-1.970425,-1.8978908,1.8503636,-2.9569836,1.235381,5.1534824,1.9365599,4.469839,1.3054261,1.9572437,7.710726,-6.9191127,4.4784975,3.7180128,1.0596426,0.7033031,-0.17612599,-4.0800786,4.351742,1.3005552,0.49109042,-4.7639856,3.1394987,0.8482074,4.709693,1.8662984,1.7127522,4.708046,-0.84845704,4.50532,-0.08316434,1.8417529,-1.7876502,-2.9107687,4.4053516
178,2.5358803,4.1155443,3.270789,-0.74136096,-3.0191212,-2.3259225,-0.8693714,-0.7202094,-2.3342257,1.7611022,3.2930117,3.006421,1.488105,-3.2112947,1.2922488,-1.9536153,-6.563073,0.033406865,-0.6534316,-1.902404,-4.2696633,-1.9350163,-5.510154,2.2274885,0.5346577,-0.020383319,-0.9148594,0.35472363,4.9963307,3.8547802,-0.0487486,-12.139372,5.1461077,-3.1523113,2.6463797,-3.2489283,-0.48544386,-5.1277723,-1.240614,-2.2707877,-0.3789744,2.615544,2.9314218,3.1212888,-0.6505475,-0.5260838,-3.5315213,1.281154,-0.5673422,6.4503865,1.9943961,-2.849756,2.0284405,-2.1047113,0.6374187,-5.5499263,4.702016,-0.5167622,0.67791116,0.21079248,3.590656,3.4246259,-1.1361548,5.136175,1.3519276,2.037803,4.8795834,2.433778,3.6200233,-5.5680256,5.1593776,5.1220593,0.57689697,-1.3740908,0.41029188,-2.1970687,3.4037366,3.5676928,2.3551407,3.9877603,-6.0164723,2.001382,2.5502636,5.3112483,1.4914021,1.3502252,-3.809328,2.9215043,-6.1509233,5.093119,1.912941,-1.1367499,0.5251471,1.4291681,2.2706666,-1.4421018,3.8577878,2.6043472,4.1040196,4.9885163,-2.6559896,2.1768744,2.440356,2.4679837,1.399033,-0.9916504,-1.1432357,-1.141216,-0.57714087,0.97745067,-5.483447,3.679087,-3.0303438,1.686737,0.83214486,-3.361889,-2.0751061,-1.9186814,0.8364012,1.8759382,3.574519,3.2603762,3.0148044,4.8230686,7.93889,3.1874142,0.7899139,4.567142,-4.1737933,-5.6337504,6.2615957,-3.2023315,-0.5459452,2.0908773,5.8121314,1.4626746,-3.4802685,1.8121736,4.9605484,6.750373,5.259829,2.7161708,7.6497693,3.1295984,-3.3676379,2.5017211,2.0224776,6.6602416,-0.35832638,-2.652031,2.824896,2.834577,-0.9412873,1.8872097,0.80500966,2.8405638,-0.27982107,-3.3614438,-5.7720146,-0.27462935,-0.97218126,1.6759868,-1.6175115,-5.091166,-2.643053,0.06344859,-0.76183236,1.1242201,-2.3104606,-0.2565051,-0.41673553,-0.33727992,-0.3722241,1.7089566,2.9731476,3.053146,-2.1132076,-3.2940655,-2.1691053,5.759459,-5.337165,3.8303306,2.5483744,2.878721,-1.2490481,6.7193832,-3.9860756,-0.7400851,1.4204822,2.424864,-8.11334,1.4794043,-3.53364,2.1434247,2.5432482,-5.0558567,-2.154803,3.0105305,-0.90379804,1.9121482
179,0.994108,4.9380217,2.8479202,-1.9436033,0.324928,-0.7591312,-4.0398765,-0.8253065,1.9552174,9.082291,3.9256113,-3.9710836,5.182578,-0.017882938,3.8063674,-3.0085623,-2.636963,-1.8357459,-2.256502,-1.8408948,-1.0707659,4.1481276,2.0017061,3.3268478,0.5532594,-0.20287964,-0.21548456,6.1551733,3.3512444,4.906948,1.052549,-5.051386,4.9277415,-7.3043714,3.803353,-4.082536,3.1569693,-2.5903156,-2.3766897,-2.2017534,4.6349607,3.7656755,5.7928534,4.097201,-0.43496957,-1.7503444,-6.207121,1.7634289,-1.126074,10.643592,1.9455206,-6.1352887,3.4511595,-2.7200947,0.6554403,-1.4249945,5.303031,-0.7733604,4.96121,-0.7026197,7.421495,8.154447,-0.035457946,3.8126097,2.639933,0.028391393,3.650676,4.3405943,4.4884214,-0.14925237,8.72926,9.218858,0.7027077,4.012649,-0.47498196,1.7192299,2.014297,3.368996,3.226598,2.0455847,-1.1904353,3.6280215,0.5222315,2.1181374,5.238343,0.40118897,-0.24443103,3.7093437,-3.8440022,14.436957,1.6826919,0.7404452,-0.050265975,5.1352606,2.4542334,-2.3764756,2.1666286,-0.11969849,6.090201,6.07611,-0.97913367,3.6384194,1.5959324,7.052275,1.4189965,-4.061453,3.7531717,3.9296858,5.1809072,3.9140408,-2.4046438,1.4710406,2.9868264,0.5692869,6.389509,-1.5509787,4.402717,-2.892203,3.093133,8.800658,11.246084,2.5668068,7.368164,5.458647,7.8903785,0.7917075,-3.4354925,4.009377,-4.022022,-4.715263,12.623151,-1.3005958,0.25512406,6.649406,5.8681464,4.934533,0.12157221,9.120547,10.305576,10.157552,8.104443,6.513413,6.1332135,4.439303,-1.186186,-0.17599654,6.592731,7.647292,4.376814,1.9358374,2.3879955,2.8716571,1.4386628,3.3242188,1.9115043,2.9181304,3.9661882,-1.1441799,1.1164156,-3.0354218,5.6263804,-0.22200668,1.137425,-1.7886076,0.646893,1.0995408,-0.4496331,2.1297243,-3.6010072,1.95577,-2.028897,-2.199222,1.2606338,2.301805,3.5342293,3.836258,3.303604,1.0980096,-4.0202155,5.6381826,0.9784929,7.4747896,4.296475,3.77935,-1.7377148,11.3381,-0.89922565,0.5220909,8.477227,-0.8261371,-5.8841667,4.39136,-0.68567574,1.0576911,2.181692,2.6436388,0.26232076,2.5262887,-0.10945979,1.2430009
180,4.0010796,-4.000428,-1.7274845,-9.687226,-7.0594363,-5.7764063,-6.8051343,-2.5258548,-7.2516217,-1.2819237,-3.1623101,0.5525099,0.35744077,-3.2905588,-1.6377238,-4.933203,-2.0024376,0.94934887,-1.3276783,-5.9370837,-2.1946723,-3.2830236,-6.3366666,-6.204126,-6.3567457,-1.0650469,1.387599,2.0781379,-1.7758802,-3.3327534,-0.39072365,-3.1561124,-0.832812,-0.9191151,-2.057596,-5.0656266,0.6457417,0.3597734,-5.9443407,-7.778752,8.624616,-1.1552404,-1.3330332,-0.9893373,-2.4482234,1.0663064,-2.6030157,-5.149343,-6.274137,1.8656152,-1.9758503,-0.40567803,-3.103889,-6.100318,-3.2933187,-8.939729,-0.2682325,-5.0828733,-5.683018,-3.1886296,-3.5025635,-2.1243253,-3.3051646,-1.3057183,7.1182613,4.8500676,1.7955184,-3.3062918,-0.70805246,-8.256378,5.5749874,6.5134683,-8.525417,-4.085502,4.652954,0.18074875,1.714029,-0.94995487,-7.6370597,-0.8025536,-0.46521965,-0.68930477,-1.3271421,8.560265,-10.410397,5.195562,-5.022502,-0.5146927,3.2744513,2.5632608,15.763259,14.863978,-3.102308,0.2929956,-2.935955,-6.0468993,-4.3135786,-0.30768505,-0.91092587,2.497173,-0.3368879,-3.4784107,2.714122,-3.2050955,-2.4179752,-7.4796515,-2.2162588,-2.2194035,-5.639148,-2.896921,-1.8771162,-1.4147855,-0.2929828,3.4982662,0.3420634,-7.074561,-2.235986,-6.5454626,-7.592354,8.315526,9.187685,-1.5354037,-1.2793965,3.137398,10.105147,-2.0190547,-2.5471456,3.317128,1.6691748,1.9597135,-1.1933668,5.3527207,-4.824944,-9.287862,8.260759,-4.0020995,-5.4108787,7.844957,2.2924168,0.9002896,0.40539002,2.8403668,1.0488439,3.2274196,2.3132977,7.3226557,-9.351836,8.147424,3.6770258,-5.263463,-0.54011077,0.08094216,-6.055971,-1.167401,-2.4507437,-2.7480798,-4.040023,-7.611622,10.952148,-1.5594707,3.1300168,-3.8580651,-5.346313,-9.492079,-6.994925,-6.1472034,-5.8618517,-0.85945886,-5.4898767,-5.472227,3.6379387,-4.823968,-2.803283,-2.789631,-0.24291135,-1.7334708,1.0496271,-2.2192752,-7.8407617,6.5336795,-3.9860725,0.49164417,2.2670748,-2.366986,-2.6284926,8.47503,0.5876282,-2.6868277,6.0763545,6.1728406,-2.0895839,1.6655365,-3.1996024,5.3803153,-1.4608451,-0.2934298,-6.364006,-2.099779,-3.2914872,-1.8706571
181,2.2508965,6.1208835,3.0236592,-0.6741251,5.240398,1.729526,2.1262383,-0.048582163,3.6676216,4.255078,2.5374627,3.7871587,-0.2159917,-1.3223634,9.690297,0.5312505,1.7931535,3.7100334,4.414019,1.0561886,1.753645,2.3857481,1.2557712,8.216834,5.982065,3.9429274,3.7676184,-0.4447066,6.8858647,7.522724,-3.3274121,-1.0574081,5.3170576,-1.859502,4.9657817,-4.243197,0.4033987,-2.9664505,2.6315353,3.6730747,0.9533513,5.6135535,6.627085,5.534405,-2.475645,-3.1048331,-1.7434195,2.0294852,0.2900445,4.0311646,4.751948,-0.62110734,1.9024297,3.7695625,5.97289,1.8563726,0.9093408,0.9584176,3.4977496,1.6337973,2.2009118,0.80503666,5.1887937,7.234125,3.5078328,4.72582,1.2370033,2.990869,2.794495,0.18749852,-2.3430715,-1.9811633,6.440753,2.4636457,2.0990286,-0.1601342,4.328606,5.0021353,-0.17872973,3.0741324,5.2450285,2.9282815,1.5250535,4.245744,2.7077532,0.21829432,7.211476,3.8688514,-3.6261756,0.30112532,-0.37065965,-1.5417347,2.2920096,3.553411,1.0218235,-2.3172643,2.8027744,6.442398,3.1404574,4.2674046,5.2368975,-0.93874806,0.5410892,5.517515,6.272801,6.511463,4.687219,5.095862,2.448878,5.970603,1.3870417,2.008927,3.865739,-0.4982365,2.165296,2.6391556,-3.4900548,3.259269,0.19525531,-1.341026,-2.205463,5.953817,1.0737174,4.088787,-1.0120515,2.9287035,6.094447,-1.0192086,-6.157606,-1.5926952,1.2188735,-0.5032128,2.9674811,3.4167113,1.8135234,2.7013135,6.8502192,0.2398027,-1.6098323,-0.9210975,0.49882025,0.7353708,7.055932,4.462682,-1.3077848,-1.8402493,3.4826496,2.1159918,4.3139224,3.1702743,2.9642222,2.99072,4.5060124,3.5250623,9.339155,10.610514,0.16671811,2.3359473,-3.4804618,5.3576875,-1.2477804,7.8240533,1.5798042,3.7059066,6.194512,1.1210157,0.87270325,2.360588,-2.3603084,1.3259097,0.83726877,2.7388592,1.6453619,0.9256916,2.481216,10.017789,-5.6436276,2.3745832,3.015185,1.6455628,1.672231,0.27906248,-4.0056252,6.2728667,1.2972116,-1.800312,-4.143136,3.0731514,-0.8388385,2.033697,0.64085627,3.1169648,1.6757317,-3.5672667,2.654214,-1.3207893,2.9416478,-0.16648155,-1.579113,5.714668
182,-2.1974247,0.8874662,3.0410676,-6.6373596,0.11098604,-2.2117236,-0.9126353,-7.214284,0.65561193,-3.721471,-2.544999,-0.5045392,-0.72553724,-1.2821877,3.877933,-8.785475,-4.910166,1.9556524,0.3244374,-6.281652,-4.2304316,0.44519252,-4.9225745,1.391795,0.5283942,-4.765553,-5.874518,3.5339267,-6.8334293,2.9272075,-6.0673003,-10.437792,-8.272241,-5.7220325,1.4341339,-18.674906,1.4295707,-1.1016078,-7.3967834,-6.223868,-6.3691907,2.6337266,2.4483986,2.2113345,-2.0710073,0.8883047,-4.6500263,-3.3800774,-6.4914756,-0.15548971,2.349688,-5.228795,-5.30091,-6.8330536,2.2055588,-5.557171,1.4049573,-4.228443,-0.09490911,-6.2983856,0.6150912,0.5896365,-3.0058477,-4.090549,-0.9679146,-1.2785916,-5.357126,-0.8441095,2.2282999,-7.4397073,0.5508917,0.9067192,-5.2612915,-0.3068136,-0.6765587,0.5051254,-4.4626756,-3.5033374,-6.796531,3.979067,-0.18178716,3.5789483,3.2562435,-2.9127266,-12.58198,0.3421607,0.43952116,1.5063258,-4.662659,-3.211714,-2.5735147,-1.3572309,0.9245308,8.502747,-1.1865168,-16.623007,-4.020383,-3.1764538,0.13558534,-3.5504518,-0.66869426,-1.1101611,-4.053424,-1.0033811,3.2052014,-0.8069895,-3.9889467,-3.7329516,3.9885824,1.2617037,-2.344431,1.938664,3.5725386,-1.6888641,4.684547,-9.339967,1.7447498,-4.0060663,-4.6780457,0.51415104,0.5865403,3.5733879,-3.0196092,-4.060827,-0.32111004,2.9156559,0.48778233,3.4582417,-5.984818,-3.7156014,-3.9412463,2.0204246,-5.0093665,-12.661273,2.734667,-4.3907943,-0.48711705,-2.3250666,-0.08790929,-1.5400174,-2.7811651,-1.8941802,-2.9607625,3.647456,-4.09892,-1.7488424,-12.754857,1.3464528,-2.5808818,-9.082046,2.7345073,1.8811016,0.4001502,3.502567,0.44424814,-1.0566735,-0.8173854,-4.335463,3.1112096,1.7130632,-5.9015346,-0.8667362,-0.26024842,-3.2978368,-1.4094135,-7.21887,-7.3936043,-2.7036219,-16.88443,-8.684,-1.2800685,-7.6031494,-4.135641,-6.841898,3.4165874,-2.5291955,-7.3321013,1.226217,-2.9088638,2.7405982,-5.7097063,-0.46564633,-3.0420146,2.7287514,-0.053821523,-0.888389,-8.125478,-0.88313156,0.8283231,-1.5939078,-4.8269033,2.7932804,-5.4691753,2.4940739,0.70274335,-0.6539143,0.11750605,1.3621227,0.9633728,0.7681375
183,-1.2104754,1.2354178,2.6887362,-6.181372,-0.1746153,-2.2283757,-0.3512207,-7.835969,-0.04144897,-3.391986,-2.022632,1.5702513,-0.121087685,-2.006727,3.7056231,-7.8855343,-2.721584,1.6647654,-0.69486487,-7.1839657,-3.261999,0.9875917,-3.5465739,1.7916428,1.0528125,-2.614728,-4.292246,3.6748831,-5.4475074,2.6707268,-7.407015,-10.571517,-6.8401113,-6.5340815,1.5864127,-17.076488,0.7540435,-1.1665571,-4.1623125,-3.4386995,-6.775793,2.3151336,2.0937214,2.0226965,-2.622701,1.1262028,-2.9037938,-1.9941486,-4.551763,0.049440887,2.6555758,-5.583846,-2.9546647,-4.676008,1.6436313,-5.9172406,1.158013,-3.880754,1.1734134,-4.8645024,0.34875345,0.30732283,-2.0845773,-2.8985057,0.8311417,-0.66015613,-4.041593,0.9816368,1.7994382,-4.7461567,-2.021659,-1.6204209,-3.8936553,0.7289489,0.004159898,-0.35205305,-3.6138957,-2.4022973,-6.2538333,3.8235252,-0.4587799,2.4982674,2.7949383,-3.313387,-11.080331,0.7166296,1.5182488,2.760625,-3.0651696,-2.197099,-2.660961,-1.4560845,0.87676483,7.867056,-2.8642142,-14.359153,-3.718676,-2.0846415,0.8949191,-2.578607,-0.96005166,-0.98735654,-2.2784598,-0.3023415,3.1147363,-0.5798569,-2.398702,-2.1726356,3.6267955,1.5077392,-0.5598698,2.1293442,2.1683416,-2.646387,3.2470932,-7.5830483,2.0289311,-3.8005795,-3.1471896,0.0054581477,0.032435466,3.7118828,-1.6788154,-2.943747,0.49494317,2.79924,1.1710173,1.677201,-4.5974717,-4.1724114,-3.1940045,0.7106262,-3.4046474,-11.26991,1.8248638,-2.7322829,0.7334599,-2.9230232,-2.0073857,-0.08334441,-0.93222344,-1.113903,-1.3487796,2.401496,-1.9547524,-0.9027589,-11.350043,0.8104334,-1.8536726,-6.572126,2.6850553,1.6734174,3.1924257,2.4665055,0.40416968,-0.5554614,0.33186635,-3.2938366,2.4309978,0.97866374,-4.502444,0.9015927,-0.61439246,-3.3284867,-1.616867,-5.786523,-5.8844476,-2.8047142,-15.283355,-7.737099,-0.6875404,-6.0336285,-1.928368,-5.573079,2.5411744,-1.794629,-8.730499,0.35784924,-2.1340964,1.5439718,-5.3763475,-2.0826306,-2.4711444,1.974166,0.5677454,-1.4056884,-9.354819,-0.5502633,0.12293516,0.60895705,-6.453926,2.2016723,-3.6822627,1.6067271,1.8248103,-1.3307632,-0.4244639,1.2953075,-0.106363915,1.0653977
184,-2.2018707,1.4133192,0.6963061,0.5113533,1.1771406,0.68431425,-1.8858252,3.9306178,-0.10285109,2.7067986,-1.8890407,-1.8486661,-0.5248755,-1.990271,-0.017199006,1.2855182,-2.7980552,0.29615438,0.99554366,-0.75609,-1.6509742,1.6976205,2.417438,0.93695724,1.659114,-1.7202473,-2.1713932,0.66052425,0.10164673,1.8784931,-0.68070203,0.36144948,0.061258413,-0.3373027,1.7564771,-0.486368,0.9410942,-0.09766441,-3.1460633,-4.7821465,-2.6380796,0.9750283,0.9417995,1.3234603,-0.21221998,-1.0573413,-0.6218695,-0.088963725,-1.1309339,1.1072378,1.1578975,-0.9957663,-3.8589978,-0.19524246,1.1843429,2.766362,0.15684775,-1.4750035,0.9927112,0.3662834,-0.06700074,-0.921643,1.1370059,0.29601118,-4.2042513,-0.46796036,-1.2942729,-1.0008153,-0.83636385,-1.5364851,-0.41350764,-0.7711457,2.7886717,-0.7132333,-2.5128992,1.339655,-1.9769895,-0.20246899,1.1791211,0.27619925,-2.8029523,-0.06872597,0.1831872,1.2069999,2.2543118,-2.8753204,-0.62411374,-1.1773766,-2.9504266,-3.4899185,-1.5928379,-1.5918897,-0.3097691,2.3025002,5.8064723,-2.1030214,-0.26902032,-0.99456275,-2.4554677,-0.9563832,2.995235,0.23292425,-1.7898313,1.7145926,3.7888575,1.9252952,-1.6134502,-1.6967151,0.78102714,2.3027833,-1.5725753,1.9432268,-0.0817437,-0.51926756,-0.829612,-0.117317855,-0.79213524,1.6228203,-0.7089365,-1.5700748,-1.7970884,0.06690936,-4.2420144,-1.2848967,-1.8608575,0.13304998,2.9320805,-0.16097718,-2.5407753,-1.0433308,-1.6658126,3.0374746,0.32211167,2.1236176,0.36764845,-3.1106198,0.1707462,-1.7128329,0.026200315,-2.850421,-2.7877748,-3.1225944,0.79501075,0.20598826,-2.839469,-0.8294835,2.114212,-0.39743122,-0.12696613,-1.9605055,0.3306982,-0.35228106,0.011717937,0.118775174,2.9101925,2.021332,-0.32294002,-1.3352628,-1.359673,1.2045289,-1.5260025,-0.19723086,0.23206604,1.7294054,-1.4952171,-1.8964792,-1.9312618,-0.807863,0.08116532,1.442234,-1.5803875,0.20053662,-0.14559163,-0.20505792,-0.44737893,0.34409618,-1.1082066,3.1488752,1.420881,0.028274221,0.83645,0.42957208,1.8972516,-0.017717885,-0.23375487,-2.733268,-1.9085939,-0.6937513,-1.6888896,-3.0719645,1.8869988,-1.3669276,-1.2812229,-0.3771214,-1.0124302,0.9001731,0.70309454,0.39661694,0.11553751,1.176123
185,-12.968261,-10.262633,-5.6557136,5.7132497,-0.21792853,-0.34003136,-2.8337252,-4.885857,-0.7926397,-7.2197156,3.5802476,-9.340265,-0.81119835,2.5634773,-13.271825,-1.3026332,2.8375373,-12.634691,-11.495781,4.412745,0.44454038,-7.6716647,-1.9401572,-10.38756,-6.9109077,-1.4929222,-4.447179,-14.391534,-8.09969,-13.569499,4.604312,-3.6418722,-2.2204454,-2.2633138,-8.070064,13.881561,-4.9290495,1.0190984,8.663628,9.003019,-7.999186,-7.581421,-9.036417,-8.327135,-2.9193835,-4.919001,-8.360242,-4.7476163,-0.8936775,-6.5531416,-9.204568,-1.577819,-1.4646034,-8.3972845,-10.691925,0.57259,-6.023939,3.6643944,0.36781695,-9.461996,-5.4927435,-3.8401163,-11.757458,-9.742193,-5.619593,-6.234683,1.2603434,-7.3557825,-10.210415,3.1386697,-11.951417,-11.478323,-2.194945,-7.095989,-9.013888,-6.6143866,-6.802748,-7.8618526,4.9109817,-10.06758,-2.9481199,-9.519555,-8.873245,-12.625685,2.8251483,-3.4687066,-6.09659,-2.991073,-1.2143129,-4.6312103,-8.83207,-6.969695,0.56957674,-8.286516,-10.120838,18.261433,-1.0518469,-9.526216,0.11428011,-12.193705,-5.4864383,-2.7899976,5.4089594,-9.523555,-14.503334,-6.153145,-1.646709,-2.059979,-7.666119,-12.454497,0.98433405,-4.044183,-9.693472,-11.757598,-9.998148,5.7719054,-7.2740607,-1.5083922,-3.8709083,-11.311735,-12.359636,-12.123046,-3.192329,-12.538404,-5.5606785,-10.090175,-12.040786,-12.260339,3.7612321,-2.6828432,-0.50498825,-10.752293,-7.8931394,1.3228998,-13.978127,-8.31574,-3.5844607,-13.178723,-13.420127,-2.0058596,-1.0884303,-0.4257906,-16.394125,-16.178905,6.967765,-5.045794,1.3816471,-7.895182,-1.3915327,-1.1479466,-4.729714,-2.9920173,-5.4194045,-9.425877,-14.6115265,-17.590816,-7.4948363,3.8451066,-7.616624,-14.603855,-10.690947,-10.626803,-2.8326054,-2.0066826,-8.055552,-3.0923758,-1.8353665,-12.286334,12.797513,-3.2183647,-5.249729,-9.027628,3.3780565,-2.019579,-10.68429,-11.103628,1.2623203,-13.223629,-3.967417,-12.269676,-2.97965,-14.317548,-6.9577465,-12.492242,0.60381854,-16.727251,7.4624476,-7.4668474,-9.030153,-1.8713418,4.7795277,-11.385429,-0.24927962,-10.421833,-5.9455748,-0.07402341,-1.6075845,-3.9864988,-5.3478727,-7.286454
186,-3.2900982,0.7614585,-0.35754204,7.1768155,5.9191985,3.1585588,1.691676,-1.6820567,2.4423494,-6.000642,3.420924,-0.089122064,-0.21531035,3.1513298,-3.1214867,-0.22619817,2.1539338,1.4057174,2.097568,3.0615215,2.5121746,-0.05274381,-1.655449,-0.88737965,0.20297685,2.4835038,-0.24905331,-2.5457134,-0.75660414,-1.7366831,0.34634236,-8.3032465,0.057376172,1.5292007,1.1647648,-1.4168513,1.8416005,0.34116393,2.0337272,2.1179945,-4.4442396,-0.48388466,-1.5534413,-0.094255514,3.044517,1.6028687,-2.079237,2.4540083,3.6482098,0.42290944,0.5712888,1.9802244,3.1911738,-2.205374,1.1829348,1.3233136,3.5313685,-0.87084675,1.2499199,-2.724739,0.29777822,0.6151775,-0.22405732,1.3804694,-3.3679335,0.8810783,3.5627456,0.6853973,-0.15800712,-1.5533358,1.045895,-0.28493872,0.6624994,-1.5690926,-4.2549844,0.3395885,-2.90968,0.34192374,3.1078632,-0.85169107,-2.6439638,-0.9362747,-1.0707024,-4.6392164,-0.9715936,1.4829841,-0.8401372,2.9262576,-1.174173,-3.02179,-6.8031025,-6.9665227,2.635238,1.1803687,-0.20923986,-0.22889237,9.66529,-1.8085018,2.6909184,-3.440805,0.98758286,3.287297,0.05661485,-4.123732,0.79884005,4.0021405,-0.5802604,-0.87684107,2.8286638,-0.6033106,1.7502418,0.8670027,-2.2231574,-1.9494568,-2.2402844,3.9590323,-3.2226863,3.5120454,2.3108468,-3.2757404,-3.9897044,-1.2452966,2.7985299,-3.096718,0.8175923,-0.9717629,1.2451757,0.01892416,-4.6626534,-0.86784387,1.1275016,-4.3141794,-0.6797374,-2.9300408,-3.9941914,-1.4338158,1.5459741,-3.897495,0.880872,4.21656,3.6876197,1.1857897,-2.9257293,-1.9042915,-2.0997822,0.3972928,-2.9144123,0.117669575,-2.0437357,1.042181,-1.511002,-2.952964,0.9650657,-0.47976318,1.0280386,0.7510591,-0.77946174,0.72992384,-2.3739715,2.5051348,-12.238405,1.089877,1.477015,1.7791518,-3.5930748,1.6669736,2.4363024,1.3262651,0.26767063,-2.4883227,-0.88075596,-3.0856454,-3.6423478,-0.40625542,-0.2783128,-1.903454,-3.9263656,-1.5131549,2.917115,-1.3259019,-1.4262362,1.5543165,-2.583924,-3.4322512,1.970789,-2.6907532,-1.3416421,-1.3388939,-5.1042085,1.077627,-2.8210952,-3.1958888,3.6302888,2.5627778,6.187772,-2.1545062,2.116817,3.336689,3.1256006,1.9942093
187,-3.982617,0.50745136,0.16986401,7.465417,4.688856,1.2727618,-0.8676868,-4.1365943,3.3721054,-4.3283277,4.9346566,-2.9489894,0.033884525,3.077724,-1.596945,-0.45769534,0.83300376,0.47835302,1.8298696,-0.07998094,0.66979176,-1.0319694,-3.994702,-1.9782258,0.14931838,5.27853,4.1826816,-2.7235801,3.4781075,-2.0491967,-0.05625852,-5.7975817,3.5775201,-2.0713422,1.5902666,-2.303904,3.947625,1.9626175,2.162709,1.4961458,-1.2709846,0.3873225,0.61760384,1.6384355,0.6059943,-1.9098182,-5.4889746,-0.11887617,0.1434526,1.4982733,1.0071746,-1.0506098,3.589473,-2.2205672,1.6484171,0.4392859,4.549671,-1.2239846,0.21635202,-4.4619346,-1.5164125,-0.8473476,-1.9159455,4.8501678,-0.69047344,1.8984947,5.040643,-1.5910091,0.84054583,-1.8596119,1.2986473,0.9203637,-1.0281596,-1.9693642,-3.9371254,2.2273939,0.32167494,3.3611689,2.6309764,1.1007973,1.8642651,1.2871386,0.18554193,-1.9922258,-2.127831,1.7744235,-0.15183195,3.6496801,-0.34281367,-3.8246884,-4.472749,-4.9497795,3.943516,1.6018289,-0.30908236,-0.5320221,10.258277,0.14455017,2.398361,-1.1313034,3.7922406,1.2370008,-1.0275847,-2.9539788,-1.1485949,1.9190784,-0.6269791,-0.90100086,0.9874421,-2.3074481,1.0020967,1.0689988,-0.22407165,-2.6510653,0.088184826,2.5436046,-3.5232015,1.4980422,-0.9628006,-1.4231677,-2.5887043,-0.22125068,4.135022,-1.1155143,0.87524474,-0.34661925,0.8469514,-0.0068275863,-5.5935144,-1.1177385,0.106693916,-3.847818,-2.986867,-3.9234421,-2.4501882,-0.5902329,0.9074012,-1.1979828,0.11418511,5.031331,4.737435,3.1493933,-2.3775022,-1.2201738,-3.9100177,-1.2157893,-3.9015896,2.3645892,-0.29892528,1.891225,-1.3249507,-2.4377398,-0.9181355,1.7216746,0.582042,0.1375743,-0.9664276,0.004071815,0.06742548,1.7165643,-12.75083,0.0134118665,-1.2684622,0.3096581,-1.805821,-1.669258,-0.8555341,2.3705297,0.06637146,-3.2781367,-1.1683394,-3.7714171,-4.0585895,-0.6787525,0.72296697,-0.09399143,-3.891658,-2.1491516,-0.09082457,-0.625002,-0.5657595,0.54159176,-4.9540553,-1.2310758,3.362432,-3.1166186,-0.66868573,-0.27315566,-0.6323474,1.171379,-0.38941854,-0.8539744,3.2212808,1.0279692,5.7771144,-1.4328625,3.4423602,1.1487534,0.6473123,1.2682312
188,2.2875822,3.5680516,3.7139795,-5.95912,-2.510925,-3.103153,1.9969232,-6.328225,0.7460601,-1.8026772,2.0438113,4.013389,-0.63969487,-3.2273293,8.391312,1.0634973,-5.5125866,-0.43722343,2.785488,-10.381658,-6.7333193,-5.788022,-7.009296,4.545946,3.4271455,4.6520967,4.6954994,-2.0630593,7.7069073,3.7990909,-6.4559045,-2.8864934,4.121202,-6.9265995,3.595524,-3.7103593,-5.7595987,-13.998733,0.59653157,1.6092765,-2.8652987,5.8049216,4.8053284,3.9681172,-2.2746015,-6.1920733,-4.254397,0.084673986,0.14787917,0.63227326,2.6423554,-5.817108,3.021077,4.849557,3.6843665,-6.0148983,-2.384215,1.0284637,-1.1327989,3.9080904,-0.4877302,-0.39584392,1.2315743,3.1936805,0.18764715,4.8744044,0.70967853,1.9559177,3.8760374,-3.8929257,-6.53573,-5.145688,0.6766384,0.4690419,2.7296965,-9.920574,12.808957,4.899158,-8.989584,6.1988187,4.745975,5.6876664,6.0985756,3.432819,-3.8989377,-1.4687874,0.83250606,5.734864,-4.1123624,-0.061153222,-1.0599478,-0.44577548,4.2182817,-2.9748607,-5.724675,-3.2915576,-1.703135,12.180665,1.973379,8.044392,2.1471457,-2.7867863,0.4000478,-0.28858143,-1.242572,-1.4004077,-1.181809,-0.7925522,-2.6021905,-3.1313765,-4.002239,1.4714253,2.2392306,-3.6580405,4.148955,-0.7030454,-5.4218097,-1.1273928,-1.7843709,-7.4795513,-7.9284253,5.7458587,3.1103694,8.424148,2.2762132,6.7922354,3.8885417,-0.33105496,1.1287435,-4.7187057,-8.205916,-4.274567,2.221312,-3.0356865,4.531535,2.3814533,1.3435953,-4.1161866,-3.4877133,-1.0702184,1.1090872,0.7284139,5.552189,0.08649492,-5.999533,-2.9103446,-2.9815586,1.7525264,0.0033911609,-1.983948,3.62616,5.1625648,2.5400057,6.016076,1.7617317,3.6230376,-3.2294762,2.0165021,-5.1726074,2.6846783,0.3117481,3.6818345,-2.8907585,-0.16114156,2.827156,0.70291203,0.8274834,4.1167855,-2.801537,-1.6866256,-3.5948598,5.444893,-3.0939813,1.1918703,2.7911782,7.64231,-4.545064,-6.533044,-5.015655,4.9941187,-1.919637,-4.0109863,-8.595163,6.8718786,2.6981792,-0.16860534,-6.7940364,6.1827645,1.0112373,-0.7781903,-7.627629,6.4864826,-1.5121423,-6.92459,1.4150456,-3.6629717,1.1110396,-1.5684872,-2.8389409,4.2580566
189,-5.544568,-1.0463531,0.7754178,-5.137823,-2.7081418,-1.7692667,0.15124243,-6.809295,-2.3366873,-3.35659,-0.4579364,-4.0780826,0.87421584,-0.75697935,0.47764584,-8.383475,-6.24583,-3.1222923,-2.774598,-3.4696224,-4.3435535,-2.6248918,-4.8327684,-3.2831955,-3.35717,-3.424906,-4.082205,-4.8859744,-3.0448103,0.17048788,-1.0527766,-6.44693,-2.4556506,-5.0740843,-0.8248799,-6.0172257,-2.7828157,-4.9321437,-0.39486697,0.388032,-4.966318,1.0716122,0.26140395,-0.16889067,-2.6242979,-3.7013073,-4.1779523,-1.2783078,-3.129135,-1.5333263,-0.5335034,-4.3057327,-2.5907745,-8.642189,-1.250531,-5.936881,-2.635079,0.92398226,0.71292216,-7.260382,-0.65114635,-1.0185047,-4.4427986,-3.2062945,-2.5309808,-2.3562996,0.32991493,-1.0120151,0.42588568,-2.6368897,-2.7983596,-2.505567,-3.0423486,-2.66898,-4.406971,-3.0914528,-2.5660632,-2.936338,-2.7531097,0.23646814,-3.0168836,-0.13662905,-0.41787115,-3.0953367,-6.2592144,-0.9320878,-5.815902,-2.418453,-6.7910237,0.22998902,-4.5622888,-5.1714745,-0.14917433,-0.7285145,-5.2158327,-3.4920983,-3.8185759,-3.411964,4.76997,-1.2466186,-1.1655036,-1.332842,-0.72169375,-4.9546657,-2.488626,-3.151711,-0.58366853,-0.5479958,-3.3857207,0.23949645,-5.5070534,0.22723228,-2.4550486,-2.959716,-1.339302,-3.4214506,0.46577317,-3.366684,-2.037312,-3.03286,-2.8887486,0.7241386,-1.0679138,-2.0262523,-2.1318338,-0.9168473,-0.9043932,-1.271693,-3.3672936,-5.62272,-3.6925304,-5.535943,-4.6279182,-6.382183,-1.959134,0.7470739,-5.118122,-4.0480366,-3.8960657,0.0035423075,-0.19366373,0.031094154,-2.362951,0.555729,-3.730549,-4.010315,-6.368461,-2.2002568,-0.8947378,-5.257859,0.009832637,0.8240592,-3.9397585,-0.20644623,-1.183258,-2.55085,0.55173135,-3.426273,-4.2490926,-2.7838044,-7.4742947,-1.9941268,-1.3706434,-6.0877066,-7.200369,-1.9745972,-2.139397,-3.4645505,-4.6025696,-8.1908,-4.052382,-8.377402,-4.263323,-2.734288,0.72025585,-1.9815336,-5.2014194,-3.5737689,-5.0715423,-1.1372488,-5.9681625,-3.4724474,-4.142492,-2.0662436,-1.880054,-4.1106787,-3.0514631,-3.7998302,-1.7635572,-1.5051777,-5.053305,-0.031098636,-4.829859,-4.135746,-2.6693742,-2.7615921,-3.4019241,-1.049406,-1.5163429,-0.22301583
190,1.4664938,5.4033556,1.8155138,-6.5498533,-5.357413,0.19291884,2.57367,-3.3319013,-3.2238855,0.3004449,-1.6478469,0.35397047,-0.07103571,-2.8699656,3.738826,-0.9486396,-2.3278303,-4.271015,-1.965601,-5.995032,-3.8356607,-3.8423915,-4.0098515,1.2838819,-1.9812256,3.501133,5.408163,2.272748,5.0093193,4.436518,-2.7811077,0.80955756,3.8541546,-5.8952756,3.06897,-1.9917881,-1.6309662,-6.6421056,-1.7321733,0.26501337,2.8355923,2.9719462,1.8452622,1.3929299,-0.71413815,-4.0533466,-3.426515,3.1143274,1.2556236,3.254841,2.163345,-5.3987226,3.317542,0.6322792,-0.78090054,-9.36386,-2.7883956,1.1516113,4.9128156,3.4587667,2.548669,0.6769029,1.6287946,1.6390184,-0.9728723,5.094881,2.1681774,0.97379994,2.5014033,-2.0451431,2.1655517,2.9456568,0.6267087,-0.91552544,0.15571332,-4.2764363,10.425131,3.7343824,-5.2835283,3.2294095,5.3600945,3.287564,3.0904686,3.9018238,-5.4947724,0.6505309,-4.6573286,6.07526,1.6742003,6.231503,3.2566144,3.5772712,-1.189347,-1.4172987,-2.6771028,-2.2750032,-0.36903608,7.6655345,3.8523674,13.164613,3.633717,-1.6344715,1.2703345,0.13137506,-0.7874655,-4.062147,3.9360461,4.0841465,-1.7031761,0.85860366,-1.922086,0.34053046,-2.2171285,-1.4998822,3.419921,-0.18845825,7.2746863,-6.6251216,2.0273707,-0.7953499,-0.2011104,2.3363335,7.359634,13.296657,7.913521,2.7500257,4.911168,1.7034798,2.9487555,0.16949487,-0.2937008,0.6245735,2.3978062,-4.5514646,6.9591713,7.368161,-1.2845811,4.0536637,3.1667325,4.185579,3.3715603,4.573655,3.473042,-0.018121531,-0.7842943,1.2962981,-4.5235634,6.4667916,4.1921263,-1.1836268,1.8275154,3.333411,-0.20726492,3.1272194,1.8525823,1.9874077,6.6205816,-3.7472105,2.4007053,-2.4580555,4.911131,2.8099616,1.6539602,-3.9831083,-6.183242,3.9176629,3.2935357,6.267286,-2.0355182,-0.8304906,0.12331583,2.907061,1.1795918,2.053438,2.1211548,6.929411,1.1757306,-2.450057,-6.062302,7.177018,-0.033654496,1.5796574,-2.1254566,0.96921533,-2.7535512,9.839918,-4.5529313,2.64799,5.7705526,1.9492575,-4.4040084,3.4816668,1.2076606,-1.1815488,2.9140286,-0.47105405,-4.322182,-1.0125632,-0.7473288,2.3749256
191,-4.0719132,0.063659854,0.13106988,-1.1206217,-0.3599258,-1.7217555,-2.3336005,-3.619425,-0.50145006,-3.5788255,-0.3206322,-2.9772375,-1.6938076,-1.6498605,-0.58424824,0.4226795,-4.590313,-1.4841546,0.5923511,-5.298006,-4.820977,-2.8576198,-2.4956996,-1.9885548,0.36970568,0.11532056,-0.68087995,-3.0270014,0.67574424,-1.0814943,-1.7126728,-2.0644841,-0.81379247,-4.682576,-0.03108967,-3.0938358,-0.7748127,-3.322627,-2.2582293,-3.4484818,-3.6525486,0.9460732,0.20685542,0.5548627,-1.5923952,-5.499741,-7.2896395,-2.6871018,-2.4796212,-0.18907887,-0.18491629,-4.4107523,-0.30687112,-0.767504,0.2742075,-1.457596,-1.4162235,-1.8494244,-0.5085722,-1.4969953,-3.6441746,-3.0452538,-1.5961744,-1.0882944,-3.542918,-0.57634914,0.70773786,-3.381548,0.27507082,-3.0825424,-4.9279222,-5.117833,-0.32773617,-2.5739243,-2.355802,-3.4613907,1.3388242,-1.1301066,-1.397889,0.7120931,-0.43419078,1.1790667,1.4029369,-1.46042,-3.5648282,-3.0008109,-1.0814197,-0.40331653,-2.9168818,-4.63197,-3.5989938,-3.4109976,2.3107076,-0.42946726,-0.9340878,-3.9359426,-0.20653582,1.0683752,-1.6539825,-0.7371659,3.397628,-1.8283772,-0.010755148,-3.3128743,-1.4458337,-1.0421511,-4.9062886,-5.054825,-2.7242863,-2.8843496,-3.3821278,0.2574696,0.22706963,-3.7649705,0.9990755,0.12928587,-3.6972628,-0.2621364,-3.9944062,-4.6992917,-5.2878504,-0.6835652,-0.89889765,-0.623832,-1.6080569,0.69906056,0.32960382,-1.2152048,-3.1363742,-2.9667025,-7.521806,-2.215876,-1.3902949,-4.010646,-1.0837408,-0.38985866,0.51036453,-3.803327,-4.524693,-2.2050147,-1.325547,-1.8328066,-2.2483847,-3.0722778,-2.9146252,-2.7479837,-3.9473763,-0.99043053,-2.0738623,-3.2420814,-0.9799764,-0.98496103,-1.4590126,1.5342029,-0.6791851,-1.4286618,-2.1854212,-0.1928242,-2.290757,-0.065987304,-9.458126,-1.5069915,-3.3351736,0.9110549,-2.2730012,-3.7597377,-3.1860034,1.5516219,-1.9248847,-2.292406,-3.5525737,-1.1056155,-1.3765174,-1.074374,-0.73496914,-1.0052972,-2.6104174,-2.4407735,-3.5683577,-0.2573391,-2.5706666,-4.9416547,-5.154249,-0.95507795,1.9236393,-4.426354,-2.9057493,0.7614107,-1.0711591,-3.0007439,-3.0425863,-0.0028818308,-1.3371204,-3.471777,0.32940274,-2.2571762,0.2375563,-1.7579247,-1.7912955,0.90220994
192,-4.462378,1.1951257,-0.19542964,-1.9662389,-0.014768946,-0.25684124,-1.6153829,-1.4161112,-1.521874,-1.0571593,-2.171847,-2.7792583,-1.9050459,-2.9423378,-0.02308761,-0.5311494,-0.9179695,-0.886613,0.41057494,-2.7587545,-2.1366997,-0.19803813,0.5600948,-0.7614619,0.22349556,-0.021306017,-0.8124621,-3.0077264,0.27639344,0.774125,-3.2373242,-1.8105167,-0.29185733,-2.622042,0.56086606,-2.6189194,-1.144888,-2.5994735,-1.9549634,-2.655284,-3.6341448,0.69113076,0.14614221,0.48102283,-1.8990058,-4.5556564,-3.6872063,-0.8072281,-1.5750302,-0.20488106,0.989286,-2.1382215,-2.596656,-1.3452537,0.016063558,-1.4813213,-2.1881728,-2.1219132,2.2823243,-1.153187,-2.3440535,-3.292201,0.05330078,-0.56822604,-3.5514677,0.6713677,-0.41004568,-3.1131506,-1.064281,-1.6107504,-4.1642566,-4.478123,2.1100037,-3.4724517,-3.5845304,-2.097609,-0.5691999,-1.1603978,-0.4860431,0.07267047,-0.94438905,-0.40068838,-0.09275823,-0.3618686,-2.3439517,-3.197236,-2.1771839,-0.29280695,-2.1912217,-4.2587023,-3.1011624,-3.1507726,-0.23544927,0.41942474,0.8382667,-3.0626316,-0.33571255,0.14070506,-0.94094676,-0.7436629,4.2749066,-2.671019,-0.07668908,-1.3737745,1.1747746,0.8045793,0.4370637,0.37900534,-1.4111439,1.3155975,-0.50770074,0.4018016,-2.5496545,-3.9040966,-1.691828,0.22917973,-2.1607487,-0.18918131,-2.472491,-4.7332873,-5.342881,0.004326344,-3.1945703,-1.0955713,-2.4163322,-0.2752818,4.2329335,-2.666613,-4.496105,-1.8014607,-4.663432,-0.537181,-0.4514462,-2.4460661,-1.4318848,-0.9243406,0.1171175,-3.9525023,-3.8016465,-3.393788,-3.161336,-2.4197516,-0.6957985,-1.7567093,-1.380135,-1.522988,-2.3997202,-0.6955885,-0.087254204,-3.0694718,-0.9331812,-1.2286404,-1.6273588,-0.060883198,1.7474196,1.1414278,-0.6289166,-2.371284,-3.1220949,0.38232833,-5.7750974,0.5326315,-1.1803598,-0.5201307,-4.3670864,-2.2072666,-1.9188712,-0.38492548,-1.3869933,-1.4957407,-2.4020252,-1.2283083,0.8263824,-1.3352592,-1.4205862,0.7811637,-4.2384453,0.34736693,-1.3317248,-1.4480152,-1.8051677,-2.9631388,-3.5336113,-1.692515,-0.95783305,-6.059118,-4.411785,-1.3902189,-3.0324702,-1.2086117,-1.0858159,-2.5173244,-1.5149994,-3.4273963,-0.7506013,-1.158041,-1.4826033,-2.0369356,-1.3796668,1.7603897
193,-3.668941,-1.9021975,-1.4789661,-0.19890836,-0.18916121,-2.506097,-3.2478242,-3.9120595,-0.93109,-3.837578,-0.9357312,-2.6937628,-1.3063966,-1.431306,-3.133442,1.4052154,-2.888869,-2.1661222,-0.56383497,-4.7821093,-4.033839,-2.3489473,-1.1449133,-4.6244164,-1.0220814,-1.0711963,-1.9712008,-1.1019696,-2.0484047,-3.3662317,-1.9876418,-2.3526664,-1.3306595,-4.1397305,-1.0220197,-1.7830678,-1.0673506,-2.8554094,-0.84179235,-2.175436,-4.102548,-0.66595817,-1.8550203,-1.2438803,-1.3810259,-4.018643,-7.387195,-3.9194818,-2.6722634,-0.37323493,-1.4607476,-3.9710634,-0.03230105,-1.1157596,-0.99156535,-0.3844275,-1.9607847,-2.578794,-0.45307124,-1.3302536,-4.9752126,-3.688394,-2.7345798,-3.6027658,-2.4925003,0.16214697,0.15131074,-3.4251776,-1.7347789,-1.3689053,-4.6614547,-4.890357,-0.32486588,-2.5878792,-2.2400823,-3.570675,0.7438498,-2.2907448,-0.866626,-1.5329832,-0.71114624,-0.6098673,-0.027938752,-2.1986668,-3.3896031,-2.4111128,-1.8992784,0.96100307,-1.5586542,-3.7531574,-2.6250222,-2.1491947,2.2330728,-1.0116465,-1.4705086,-2.243702,-0.44244963,0.0011178905,-1.8613024,-2.4053414,2.6663187,-1.9872978,0.68902594,-4.0658717,-2.7527714,-1.5816985,-4.944223,-5.13086,-3.1848807,-3.4434617,-1.977231,-0.5563903,-0.17829794,-3.8928242,-0.91115224,1.0279369,-4.0680723,0.5255538,-4.458916,-4.1493797,-4.6239653,-3.2368627,-0.5075629,-2.1621385,0.47825938,-0.76621985,-0.2948713,-1.746548,-0.57277465,-2.2423284,-6.3830457,-1.9995486,-2.048672,-4.1514215,-1.4249626,-1.9823517,-0.3385486,-4.3034897,-4.1834984,-1.2319188,-0.54012233,-1.7311571,-4.2974434,-5.1427855,-0.6450482,-1.203401,-4.0965137,0.36215666,-0.55613726,-1.8340856,-1.9197156,-2.4387581,-2.0889904,-0.30596018,-2.7096264,-3.4037628,-2.1871614,1.1340781,-0.423666,-1.0724518,-8.34371,-2.9346087,-4.5325046,1.1345042,-3.7273667,-4.851606,-3.9560733,0.6624807,-0.9441162,-1.5098034,-3.4362805,-1.3506795,-1.2342772,-0.4093609,-2.4790194,-3.852878,-2.8884733,-2.437458,-3.8645468,-0.597942,-0.84631187,-5.20825,-3.3393893,-3.5525246,2.4736388,-3.885402,-2.8133006,0.5030296,-1.9428736,-3.0869362,-3.943942,-1.8893225,0.33720765,-2.329622,0.72924227,-1.0679487,-0.07741943,-2.2331452,-1.9310025,-0.5256862
194,-5.803704,-5.2670245,2.4473705,-6.932923,1.3468415,-0.27658075,1.140607,0.027348438,0.5726972,-4.50658,0.40762985,0.656193,-1.3211515,1.6638477,-2.6304288,-3.685489,-5.018658,-1.2387542,-1.7973366,-2.2232196,-1.3320352,-7.305207,-1.9447072,-0.17617157,0.019922761,-5.930948,-10.060987,-5.649912,-7.2015867,-3.7126667,0.8460145,-6.1849027,-6.9739013,-0.21046054,-4.217883,-1.6117198,-6.9775767,-9.75246,-0.15598285,-1.2901444,-10.273083,-0.32199278,-3.140592,-2.7215524,0.6928712,1.5574917,0.052644942,1.2867825,1.2347778,-2.2526665,-2.1208076,-0.7674552,-2.4037118,-6.9886255,-2.3288205,0.11221971,-4.4569087,2.1097052,-5.0631285,-6.4769464,3.624049,4.205592,-5.458544,-7.178962,-6.0880322,-5.221112,-1.0807649,-0.8559284,0.22008187,-10.957273,-10.245549,-10.98292,-1.8934844,-1.6972204,-3.217817,-9.179736,-6.4829736,-6.4148755,-2.386693,-0.4914898,-8.719911,-2.1251905,-0.05370031,-7.275389,-0.730545,-3.8980546,-3.158116,-4.545058,-8.384226,-6.5085826,-7.3244643,-5.89771,1.8725735,-2.3965356,-6.6509733,-2.5092783,-5.9654274,-4.3434153,-0.9761535,-8.814676,-5.7629604,6.117758,0.53047925,-5.2377925,-2.21906,-1.4392564,-5.9967585,-6.0013914,-1.5204225,-3.9187295,-4.67216,1.6711516,-0.62239283,-4.071165,-2.927707,-0.021061813,-3.254582,2.8273199,-0.33210477,-6.202007,-6.1243763,0.6116938,-2.3642669,-7.615724,-3.832228,0.08706126,-4.655559,-1.6430774,-0.6826837,-9.335271,-2.586987,-6.887432,-3.7190454,-1.5354697,-4.760368,-6.3111835,-3.7019515,-10.11963,-8.408894,-3.0539095,-1.3982651,-3.3309886,-3.8853865,-2.390651,-6.281632,-2.8153036,-1.5700173,-6.703064,-4.1851187,-6.696204,2.0888393,2.9108353,1.9035918,-1.8903105,-4.1749125,-4.8347716,-2.730068,0.13271679,-6.504915,-2.35001,-3.200425,-6.5059514,0.53346443,-0.54841644,-2.7212186,-0.25235793,0.39983174,-3.6059155,-2.8900695,-5.932376,-7.2740574,-7.328192,-7.091835,-4.952206,-1.5267448,-6.29958,-2.860887,-7.457109,0.032376565,-2.8019187,-2.389407,-8.190834,-1.6831902,-3.2265394,2.2994118,-6.512061,-2.1299691,-4.07174,-4.9179974,-4.270078,-10.006044,-2.1662579,-6.0206914,-4.4532275,-3.5433652,-2.3667362,0.5946752,5.841543,0.44606233,-0.48687264
195,-4.771957,-3.6954918,1.4783787,-6.250981,0.11621351,1.0237579,1.4619938,-0.2556329,-0.0715286,-2.9015925,0.27908292,-0.7776293,-0.6209007,2.0212145,-2.9915447,-3.5815156,-4.188675,-1.9387141,-2.1586125,-2.8589513,-1.3226649,-4.618045,-0.5885173,-0.19470854,-0.27044165,-4.600436,-8.110294,-4.8501797,-6.057052,-2.9194129,0.95085686,-4.077726,-6.073671,-0.5434925,-3.5027485,-1.2278959,-5.1464767,-7.953623,-0.62309295,-1.6570183,-7.522934,-0.451421,-2.8208685,-2.6680245,2.0248842,1.0627915,0.3538008,2.834611,2.478731,-1.908388,-1.4863892,-1.0131426,-1.4042635,-5.624448,-2.915631,-0.49909657,-3.7517939,2.054657,-2.3486204,-4.99438,4.0144205,4.051155,-3.7373745,-6.0783563,-5.722022,-5.1537595,-0.75173414,-1.3110849,0.26904407,-8.865689,-7.419812,-7.6617355,-2.2407486,-1.9363691,-2.789895,-7.674126,-5.8748584,-5.599951,-1.152274,-1.0373027,-7.426427,-1.9070104,-0.47952268,-6.602385,-0.6192712,-3.0716543,-2.993417,-4.4834337,-5.516972,-4.480318,-6.5561943,-5.048079,0.5135784,-1.7823304,-5.6190023,-2.0161207,-4.80277,-4.3175125,-0.6759191,-6.651542,-4.8471384,5.2941213,1.1880367,-3.155421,-1.9603862,-2.4743497,-4.4247828,-4.487146,-0.06255777,-3.3578231,-3.9758956,0.79875153,-1.7020192,-3.0574534,-1.4793946,0.23285863,-1.1789733,0.8743612,1.8695153,-5.0661683,-4.841533,0.05278111,-1.2818226,-5.869221,-3.2405992,-0.2945457,-4.9741497,-1.2700602,-1.5308194,-6.285453,-1.5666394,-5.7765145,-2.145635,-1.0152364,-4.0437365,-4.7630744,-3.0066166,-7.2854013,-5.8767653,-1.5717658,-0.8592774,-1.7648494,-3.112949,-2.7882879,-4.4900103,-2.3515098,-1.0417918,-6.2478285,-4.109491,-4.4171033,0.9666341,1.5397207,1.5935973,-1.7795043,-3.6773477,-4.5926976,-1.5687643,-1.1883967,-5.901481,-3.1238954,-1.7740932,-5.424535,2.022457,-0.8191812,-2.7352288,1.8983297,2.1259472,-2.6591072,-2.3158138,-4.4485326,-5.267172,-5.867877,-4.463331,-4.755654,-1.7876837,-5.2372627,-0.84811944,-6.6955986,-0.6462007,-2.4721577,-0.67300254,-6.317767,-1.6701022,-2.9491904,0.66385305,-4.698242,-1.362628,-3.4033446,-3.2922013,-3.5411086,-7.884064,-2.3816278,-4.830923,-3.777636,-2.7181325,-0.74641263,-0.30831498,4.9806595,1.8108116,-0.45820567
196,-5.0735555,-5.483836,1.7527144,-6.5730624,0.973059,-1.0222512,0.17777863,-0.3114264,0.35363892,-4.2276545,0.08159245,-0.5590633,-1.1763403,1.7521771,-2.8170125,-3.2732759,-4.8952317,-2.271349,-2.5547342,-2.938056,-1.5194408,-7.0229177,-2.2164006,-1.213402,-0.7864841,-5.6870937,-8.983289,-3.258245,-7.2729254,-4.2024126,0.6792971,-3.7642248,-6.7178235,-1.8008039,-4.0789547,-1.941916,-6.8852024,-9.850026,-0.89585584,-1.9738466,-8.309665,-0.70316887,-3.291913,-2.9252264,0.38087922,1.1228191,-2.223207,-0.20968151,-0.016984755,-1.4114017,-2.1656234,-2.3506186,-2.0647507,-7.168821,-3.016794,-0.20550618,-4.5408287,1.3370819,-5.1211987,-6.1790457,3.1438775,4.199604,-5.90857,-7.261431,-6.421885,-4.7544146,-1.258842,-1.3001385,0.057471856,-9.935072,-9.24093,-9.788558,-2.6554592,-1.5796478,-3.0389051,-9.650824,-5.4083967,-6.375255,-2.7736707,-0.76844376,-7.06409,-1.7167411,0.019973775,-6.956346,-1.5823488,-3.4599743,-3.2970293,-3.5619953,-6.4650345,-5.3976574,-6.479012,-4.6514134,1.6656187,-2.2750254,-6.374721,-3.024053,-5.769333,-3.6828964,-1.4147646,-7.562359,-4.9403615,5.7498813,-0.37725335,-5.1854215,-2.9565587,-2.4514377,-6.737675,-6.738447,-1.5354439,-4.0663233,-4.7056446,1.1032988,0.4818735,-3.6070132,-2.5500627,-0.1524407,-1.2535721,1.6487889,-1.1538612,-5.475661,-5.360614,0.16837524,-1.3301507,-6.339383,-2.6350522,-0.05060419,-5.3031564,-1.2734058,-0.38589996,-7.86771,-2.3312232,-5.8156943,-4.2576265,-2.3678617,-3.5391395,-5.9501925,-4.1467266,-7.849848,-7.241942,-2.5402796,-1.1537987,-2.998979,-4.820279,-2.9675093,-7.08683,-3.2308366,-2.407802,-5.806354,-3.2631938,-5.89204,1.1886668,1.8224598,0.90693814,-1.4937845,-4.6593666,-5.5413113,-1.2186099,-0.30778065,-4.265528,-3.2392814,-2.2497232,-7.002923,-0.70601904,-0.472341,-2.693121,-1.5586358,-0.8884969,-2.1110957,-3.1059585,-5.815244,-6.431712,-7.238032,-7.590162,-4.50204,-1.5929387,-6.4759684,-1.9865456,-6.880525,-1.7723346,-1.9098005,-1.3008236,-7.7861648,-2.0270202,-3.2268734,2.210202,-4.0732923,-2.0822928,-3.4354265,-2.8202894,-5.4478707,-9.240545,-1.8925526,-4.934991,-4.2202697,-3.1789477,-0.50926644,0.32281038,5.10414,-0.026579183,-1.3080786
197,-5.0942073,-3.352735,-2.9274197,-5.2140126,-3.7961855,-0.95931596,-1.2972137,-2.353433,-3.9341846,-4.6380925,-1.7739561,-2.1014361,-1.109664,-2.4978087,-4.998614,-1.840385,-1.7849703,-3.561434,-1.5530727,-5.758402,-4.9888625,-1.6684916,2.6211734,-1.9983407,-0.20656265,-1.9270767,-5.4769206,-9.028857,-3.836646,-4.5376735,0.45548108,-3.472839,-4.277009,-1.6876385,-3.9399052,-0.10083326,-6.2760143,-8.716729,-0.8805927,-3.2884042,-7.380949,-2.0766602,-4.6473947,-4.393778,0.7757511,-4.6839056,-4.100983,0.30681705,0.39768517,-3.5522995,-2.3532517,-1.4029202,-1.2276951,-2.4993472,-5.054804,-2.7357233,-6.733982,-0.46997103,2.2746131,-3.4779718,-2.1605594,-1.9076631,-2.4081821,-6.871525,-5.514046,-2.8161283,-1.9557921,-6.023205,-3.2105772,-3.1645625,-12.560688,-12.367911,0.53209907,-6.7108636,-2.0282483,-10.962765,-1.9664507,-5.53831,-1.9869425,-2.5952723,-4.8719707,-3.419698,-1.7196282,-4.667715,-1.2818663,-4.5929275,-2.5618734,-3.6489978,-4.2662144,-5.340428,-6.116103,-5.3503966,-1.3852019,-3.9002347,-4.0803194,-0.957483,-5.1590276,-1.2317343,-3.0484426,-4.976614,-1.4823921,-1.3091466,5.9484787,-3.2908378,-3.2673602,-2.9392943,-4.962013,-5.123857,-2.3404124,-5.6834016,-1.2229722,-2.5658073,-5.213027,-4.9815583,-2.2275715,1.5363296,-7.0505776,-1.6373826,-1.8665475,-9.276783,-9.806744,-2.9186242,-4.3076973,-4.261908,-5.71785,-1.5108732,-2.7904897,-3.2044194,-2.9850554,-3.3100011,-8.093239,-6.3704,-1.3033701,-0.9815278,-4.7131324,-4.4895024,-0.1268149,-10.103137,-9.8943,-6.338873,-4.8590264,-2.54508,-3.7253423,-7.1124225,2.8579519,-0.41826826,-0.8984513,-6.7129617,-4.396368,-3.2498312,-3.309973,-2.8314154,-0.094096154,-3.0958138,-3.7232099,-3.562243,-5.881713,-2.2034528,-10.737797,-3.2910106,-5.4800506,-3.8354783,-1.0511315,0.8204818,-3.445409,-0.10701855,0.147783,-1.9041905,0.10629038,-3.832959,-3.5505183,-2.9114594,6.011709,-5.1667624,-5.736286,-3.9986937,1.1234049,-7.502466,-3.8379636,-3.1950917,-2.1678538,-9.696792,-6.641143,-4.07669,-1.608385,-10.17892,-0.7982836,-2.9808695,-5.0489626,-2.7137632,-5.0630794,-4.777855,-2.6113696,-7.309487,-3.0725558,-2.1353507,-3.520906,-1.3271303,-1.1181101,-0.42840263
198,-5.6028614,-4.9332356,-2.5052748,-4.432722,-2.9494684,-2.782297,-2.453851,-3.5712461,-4.3403964,-4.8094945,-2.0766716,-2.7493522,-0.30553696,-2.3704624,-5.3728037,-2.5708344,-3.0011039,-4.675704,-4.0316105,-4.3149114,-3.672962,-3.2440732,0.61392885,-4.7131925,-1.9001992,-3.167642,-5.5475407,-6.2424283,-4.284961,-5.513273,1.4139642,-2.0691879,-3.675728,-3.0956063,-4.52697,-1.3132695,-3.2972898,-3.7846136,0.22239886,-2.2652936,-5.4376893,-2.6430645,-4.54858,-4.245532,-1.5244108,-3.8646524,-4.483738,-2.2892003,-2.0057049,-2.2957237,-3.2260146,-3.0552828,-1.6483942,-3.8082883,-5.2839494,-2.492176,-5.486403,-0.113775514,-0.9309768,-4.6117187,-3.980034,-3.0938973,-4.2241397,-6.066713,-3.1839979,-3.5337226,0.28079635,-5.4154925,-3.0068276,-2.7844627,-8.723645,-8.861417,-0.5402711,-4.6874785,-2.3330278,-6.2556124,-3.464461,-4.8519535,-1.4700688,-3.625869,-3.8888097,-4.236804,-2.7601998,-4.329099,-1.5336397,-3.2426662,-2.993596,-4.523079,-2.6586983,-4.56656,-3.8786187,-3.5932689,-0.92060524,-3.7951663,-4.165902,-1.3174541,-4.6664915,-2.8357775,-2.7527127,-5.1651683,-0.47619465,-1.644363,4.3654556,-5.4388347,-4.503143,-3.897776,-5.852146,-6.065688,-4.7486973,-4.7165394,-3.0057192,-1.9853472,-3.5312335,-4.3045464,-3.7616181,1.0903779,-4.8133926,-0.7975771,-4.058031,-5.4137073,-5.6975145,-3.4273381,-3.2909167,-4.489102,-2.66939,-2.8377998,-3.2269962,-3.75309,-0.63786167,-4.2457438,-5.884264,-4.871268,-3.394852,-1.6813792,-4.9279485,-3.4085598,-1.4447893,-6.8788414,-7.762121,-3.483494,-2.0016463,-3.041009,-4.269772,-6.9009266,2.2456357,-1.7032179,-1.604079,-5.0833097,-2.1788847,-3.1891806,-2.6571667,-2.0091166,-1.341748,-4.0123363,-4.0625935,-4.4701843,-3.615457,-0.94828075,-5.170981,-4.995152,-6.445993,-5.2568994,-3.6124613,-0.41296676,-4.8315973,-3.2329016,-2.6510146,-2.1054518,-1.4408607,-4.5093126,-4.122541,-4.516166,1.8866308,-3.6978528,-5.907077,-5.2565928,-1.0590497,-5.2743597,-4.3344574,-4.3003855,-3.2483077,-8.052886,-3.4279585,-5.6992993,-0.2755175,-8.18701,-0.12857617,-3.6716917,-4.203938,-2.5770261,-4.1492543,-4.6638794,-2.635502,-5.923078,-3.0153236,-2.6196415,-3.481202,-1.942581,-3.0949945,-1.9878242
199,-3.6584127,-1.8761473,-1.8608962,-4.7978296,-3.961163,-0.5440753,-0.30723345,-3.8472455,-3.6660554,-4.535806,-1.7221923,-1.5623602,-1.0277056,-1.5071936,-4.8592935,-2.9825509,-3.3357172,-3.61738,-2.2085035,-5.760564,-4.814134,-1.2024632,-0.32772827,-2.3269532,-1.475359,-2.644616,-5.1186805,-5.228536,-4.917198,-2.8016827,-0.9932473,-5.266188,-4.9579787,-1.7094048,-3.223269,-2.9138381,-3.791626,-5.0251813,-1.9485728,-3.2370327,-5.6722875,-1.8011625,-3.739144,-3.3666775,1.0880716,-2.426684,-2.7757647,0.3171233,0.13358052,-2.9106617,-1.8415138,-1.6233408,-1.518292,-3.899215,-4.045113,-4.923213,-4.501681,-1.1622564,2.925221,-3.237555,-1.0012696,-1.2662874,-2.3832307,-6.336713,-4.274546,-3.056143,-1.0827937,-4.6432014,-1.7688639,-4.238085,-6.0685005,-5.4123707,-2.5775461,-5.628036,-1.7224953,-6.692644,-3.2855973,-5.487161,-1.9419259,-1.63072,-5.085163,-2.1140287,-0.61412156,-4.1348495,-4.1320643,-2.3140094,-3.5200765,-2.8726156,-2.265906,-2.700339,-4.0932884,-2.8854368,-1.8051448,-2.0395486,-3.7588358,-2.8697944,-4.7565026,-3.5591962,-1.2236394,-3.7860558,-2.3334801,-1.2538799,4.020683,-3.4185715,-2.9255905,-3.5026426,-4.460451,-4.642291,-1.2648944,-4.5833254,-2.316877,-1.4970133,-5.1393876,-3.450971,-0.9490408,-1.1065505,-2.4374366,-3.7490363,-0.67268455,-6.530406,-6.483306,-2.6073833,-2.8472435,-3.7800193,-2.2158356,-1.076141,-3.107581,-1.3656056,-1.7703899,-2.0640743,-5.39784,-4.2255683,-1.5001268,-3.9894202,-2.453379,-2.8136368,-1.8004386,-6.21724,-5.4671955,-2.0612268,-2.2745862,-1.2448951,-4.1014814,-4.8951297,2.5373962,0.15910502,-3.9647002,-4.6509514,-4.011178,-5.1308227,-2.2877696,-2.099449,-1.5287188,-2.0595927,-4.203128,-4.925191,-3.1822844,-4.0070677,-5.8951473,-3.6952581,-5.650021,-3.1584132,-0.19779308,-2.7846892,-5.2775774,-0.16764556,-0.1462066,-2.6787682,-2.5227096,-3.5548377,-1.9211739,-3.586953,3.6535733,-4.4701843,-2.9077358,-4.8217072,-0.6154047,-6.0305076,-3.658381,-1.6377808,-3.121702,-6.232822,-4.394415,-3.5356507,-2.1439433,-5.6219816,-2.2758193,-2.8676138,-2.7300208,-1.1310377,-4.421524,-3.8442883,-3.903783,-3.7436433,-2.5197904,-1.2746128,-3.6999114,-0.39372075,0.42707846,-0.77261186
