ligand_idx,protein_0,protein_1,protein_2,protein_3,protein_4,protein_5,protein_6,protein_7,protein_8,protein_9,protein_10,protein_11,protein_12,protein_13,protein_14,protein_15,protein_16,protein_17,protein_18,protein_19,protein_20,protein_21,protein_22,protein_23,protein_24,protein_25,protein_26,protein_27,protein_28,protein_29,protein_30,protein_31,protein_32,protein_33,protein_34,protein_35,protein_36,protein_37,protein_38,protein_39,protein_40,protein_41,protein_42,protein_43,protein_44,protein_45,protein_46,protein_47,protein_48,protein_49,protein_50,protein_51,protein_52,protein_53,protein_54,protein_55,protein_56,protein_57,protein_58,protein_59,protein_60,protein_61,protein_62,protein_63,protein_64,protein_65,protein_66,protein_67,protein_68,protein_69,protein_70,protein_71,protein_72,protein_73,protein_74,protein_75,protein_76,protein_77,protein_78,protein_79,protein_80,protein_81,protein_82,protein_83,protein_84,protein_85,protein_86,protein_87,protein_88,protein_89,protein_90,protein_91,protein_92,protein_93,protein_94,protein_95,protein_96,protein_97,protein_98,protein_99,protein_100,protein_101,protein_102,protein_103,protein_104,protein_105,protein_106,protein_107,protein_108,protein_109,protein_110,protein_111,protein_112,protein_113,protein_114,protein_115,protein_116,protein_117,protein_118,protein_119,protein_120,protein_121,protein_122,protein_123,protein_124,protein_125,protein_126,protein_127,protein_128,protein_129,protein_130,protein_131,protein_132,protein_133,protein_134,protein_135,protein_136,protein_137,protein_138,protein_139,protein_140,protein_141,protein_142,protein_143,protein_144,protein_145,protein_146,protein_147,protein_148,protein_149,protein_150,protein_151,protein_152,protein_153,protein_154,protein_155,protein_156,protein_157,protein_158,protein_159,protein_160,protein_161,protein_162,protein_163,protein_164,protein_165,protein_166,protein_167,protein_168,protein_169,protein_170,protein_171,protein_172,protein_173,protein_174,protein_175,protein_176,protein_177,protein_178,protein_179,protein_180,protein_181,protein_182,protein_183,protein_184,protein_185,protein_186,protein_187,protein_188,protein_189,protein_190,protein_191,protein_192,protein_193,protein_194,protein_195,protein_196,protein_197,protein_198,protein_199
0,-0.14024083,1.9196758,2.4087503,3.8152993,7.98112,3.9233835,7.981124,5.655416,9.229686,11.568827,6.8200235,10.9964285,9.229688,14.368529,2.090906,2.0890458,2.0890446,-6.3307514,-4.806961,10.511907,7.8096313,7.809631,5.2021236,5.789301,4.884942,3.2089326,3.7771382,-19.195526,-1.5971699,-1.6428776,-6.3180714,2.1280372,1.9270644,-3.7489278,1.5659938,0.52054346,-1.9819033,1.4253438,4.488719,1.5133904,1.3472953,2.5035439,3.2218144,1.6582468,-0.17485246,4.651591,-1.9218953,7.66689,-3.558715,1.0678384,5.940306,0.7897928,1.5262738,1.52627,6.449872,7.9322824,-3.7904632,-1.2594748,-0.15292837,1.4236448,7.2845697,-3.7904632,-1.2594723,-0.15292624,7.2845697,4.2565336,0.47587973,11.860722,-11.236704,-2.789518,0.113583416,3.447558,12.295442,8.053984,10.49679,11.106671,12.417382,12.196328,14.332374,14.332371,14.373141,3.9672227,11.495172,2.179505,2.179505,8.134265,4.4392376,27.248528,29.325218,2.6060522,25.832577,25.832577,-0.6188694,4.450617,4.450616,1.8880244,-8.840771,11.113599,11.113597,11.113599,11.113599,5.835708,4.7376676,6.315421,6.5121956,13.507766,10.127822,3.2890794,-14.359342,-5.8690653,8.052721,9.004504,-17.724068,-7.5191407,-9.518222,-12.625167,6.900178,8.090994,12.25355,-3.1149602,9.20904,9.565217,6.315421,0.23254493,2.8718636,5.2541766,14.901867,8.883304,5.521638,6.3775835,7.6829734,8.694396,-3.2024863,-2.6016293,6.557967,-0.18098514,1.7623278,0.17300238,5.269443,6.6096277,2.7629354,0.6307971,2.3881524,-1.1388968,8.117849,7.054158,2.7238975,6.5884886,-6.5683885,12.611031,12.61103,12.611031,13.025485,12.830459,9.850727,4.7814646,11.83957,7.3241086,-0.26932907,2.9294755,4.88505,9.211763,5.6554146,7.774131,4.1187434,7.960802,12.481845,12.481843,0.40846807,-17.133915,-35.63601,-16.490025,-13.808088,-13.218669,-12.753425,-12.384793,14.71437,14.71437,-4.5824986,7.7517843,6.8531513,14.413953,-11.864305,-10.016113,14.238667,6.729941,5.1296673,0.46389222,8.016452,6.111679,2.41619,6.790924,6.3428326,9.54358,0.25835836,-4.3754196,-0.9862459,8.581397,15.032894,7.2734814
1,0.7190479,4.3266325,5.287591,8.276137,18.16669,8.572293,18.166695,12.59361,21.133995,26.521866,15.3943,25.285252,21.133999,31.966122,4.818555,4.8151717,4.8151703,-10.376069,-7.1663876,24.13505,17.772537,17.772533,11.4702425,12.863185,10.718918,6.980152,8.16891,-30.45398,-1.5099666,-1.6989434,-10.503456,4.8276134,4.467849,-5.464321,3.756008,1.9106137,-2.196942,3.48222,9.85684,3.6565707,3.365185,5.5125823,7.0067863,3.9025073,0.76441157,10.226336,-2.0817451,17.437231,-4.989379,2.8660252,13.287635,2.4074032,3.7796476,3.779637,14.505092,18.072887,-5.3327026,-0.9131465,0.9686905,3.609073,16.533178,-5.3327036,-0.9131424,0.9686927,16.533176,9.350236,1.9349992,27.165684,-20.630173,-3.769737,1.1727906,7.4599,28.078148,18.340382,24.101938,25.49576,28.30713,27.856144,31.903881,31.903877,32.01714,8.683358,26.434208,4.9099646,4.909968,18.520542,9.750184,49.54367,51.98465,5.726185,47.829536,47.829536,0.05495375,9.746163,9.74616,4.312092,-16.161556,25.50203,25.50203,25.502033,25.502033,13.005684,10.434205,14.1711855,14.646661,30.566067,23.328083,7.147769,-25.083685,-9.480854,18.347008,20.62821,-28.905533,-13.251131,-17.509792,-22.803064,15.558522,18.426975,27.962688,-4.218106,21.04783,21.894234,14.171188,1.5249064,6.293434,11.628433,32.856564,20.310543,12.293485,14.284019,17.432745,19.85395,-4.359295,-3.3462634,14.739425,0.79595566,4.176715,1.3525453,11.664537,14.913164,6.103119,2.0995305,5.265899,-0.79733586,18.500814,15.965368,5.967838,14.840243,-11.089434,28.68523,28.685228,28.68523,29.507317,29.131739,22.664963,10.441493,27.10091,16.557278,0.5209754,6.343546,10.744295,21.082546,12.59361,17.656376,9.077051,18.145166,28.48322,28.483217,1.8356131,-28.26948,-46.920643,-27.555199,-24.412724,-23.640621,-22.996069,-22.46939,32.55345,32.55345,-7.117908,17.604446,15.488539,32.044548,-21.61104,-18.337727,31.801292,15.2018795,11.372152,1.9046153,18.243084,13.692828,5.2984138,15.387179,14.275907,21.935795,1.5605905,-6.4805174,-0.41731545,19.591965,33.15759,16.482452
2,-5.1060624,-1.6012611,-0.6629903,2.3840964,12.1794615,2.6549008,12.179466,6.7598786,14.692313,18.443459,9.551427,17.64597,14.692318,22.536224,-1.1926683,-1.1960764,-1.1960754,-13.806378,-11.923168,16.839785,11.809621,11.809621,5.663331,7.083473,4.8999,1.0400364,2.2899163,-26.780258,-7.2794433,-7.4076195,-13.800555,-1.1488848,-1.5043619,-10.581042,-2.1882782,-3.980542,-7.8932467,-2.442519,3.9923704,-2.2779472,-2.5678592,-0.43933177,1.0767105,-2.029623,-5.0944557,4.3747506,-7.790756,11.518538,-10.262574,-3.0509882,7.472626,-3.5083795,-2.2033165,-2.2033231,8.68978,12.097316,-10.566983,-6.7285376,-4.967102,-2.370543,10.655166,-10.566982,-6.7285337,-4.9671,10.655164,3.4402304,-4.0008407,18.91261,-18.862774,-9.207646,-4.685431,1.5459154,19.560978,12.344863,16.823257,17.749998,19.732452,19.407196,22.48451,22.484509,22.588976,2.7613423,18.450733,-1.0636929,-1.063694,12.506221,3.8610756,38.65251,40.957413,-0.24116018,37.05283,37.052826,-5.7833843,3.86539,3.8653889,-1.639598,-16.491516,17.744915,17.744911,17.744915,17.744911,7.210269,4.5764656,8.358258,8.828109,21.507692,16.370462,1.2094231,-21.919895,-13.259707,12.336541,14.314644,-25.306767,-15.124267,-17.168371,-20.209173,9.755351,12.414818,19.47096,-9.629373,14.60443,15.240205,8.35826,-4.399994,0.32675058,5.781619,23.29515,14.036886,6.458495,8.492291,11.521128,13.659192,-9.753609,-8.882264,8.917681,-5.0868654,-1.8017449,-4.5425487,5.8161573,9.045846,0.11656487,-3.8075259,-0.6966027,-6.60005,12.485507,10.116707,0.0063033365,9.019857,-14.093848,19.996567,19.996565,19.996567,20.609394,20.33506,15.883695,4.6302032,18.840414,10.694242,-5.30173,0.4100091,4.8875427,14.647733,6.759877,11.710778,3.1425836,12.157298,19.879072,19.87907,-4.105334,-24.722721,-43.033165,-24.07406,-21.378624,-20.796753,-20.341585,-19.984756,23.036957,23.036959,-11.710908,11.67891,9.647978,22.601854,-19.475899,-17.666225,22.42052,9.328307,5.5080295,-4.0252585,12.243379,7.871418,-0.64464563,9.487573,8.4199915,15.324602,-4.357172,-11.382917,-6.2741947,13.435104,23.572758,10.616679
3,10.977855,12.628783,13.067322,14.363002,18.616327,14.536846,18.61633,16.268055,19.930847,22.371677,17.460135,21.819809,19.930847,25.431908,12.947846,12.946413,12.946413,4.4263554,6.6026917,21.262352,18.482067,18.482067,15.71605,16.311256,15.393825,13.81652,14.289435,-14.557162,9.916966,9.782559,4.3169384,12.902545,12.744346,7.622154,12.408373,11.561233,9.525186,12.270079,15.055547,12.353628,12.227723,13.1697035,13.81402,12.454463,11.02185,15.210223,9.589181,18.294418,7.9230776,11.998976,16.54809,11.800174,12.464124,12.46412,17.065443,18.571753,7.726966,10.22259,11.180622,12.388121,17.94205,7.726967,10.222592,11.180623,17.942049,14.889262,11.62091,22.70829,-4.4120326,8.621806,11.203892,14.005527,23.176144,18.664059,21.254286,21.882944,23.309242,23.068996,25.392414,25.39241,25.466724,14.59516,22.388355,12.938137,12.938137,18.717777,15.034082,38.716953,40.72007,13.286326,37.31926,37.31926,10.693108,15.027325,15.027325,12.651676,-0.24622679,21.877193,21.877193,21.877193,21.877193,16.399658,15.320436,16.93418,17.136982,24.632557,21.007093,13.897972,-8.869016,5.045829,18.697025,19.777622,-12.872832,2.2157753,-1.455587,-6.56468,17.460728,18.715658,23.112762,8.375068,19.841389,20.21991,16.93418,11.421965,13.546771,15.843701,26.00935,19.55297,16.126545,16.939247,18.261972,19.349283,8.297591,8.871077,17.167858,11.056337,12.631555,11.314401,15.861177,17.300749,13.486501,11.658178,13.068023,10.266735,18.75129,17.688492,13.387043,17.210114,3.8938522,23.503536,23.503534,23.503536,23.962704,23.756563,20.695692,15.26245,22.651577,17.911884,10.888984,13.518811,15.452167,19.906155,16.268055,18.394491,14.793553,18.638767,23.416786,23.416786,11.574506,-12.193451,-32.409695,-11.445804,-8.178842,-7.3883586,-6.7383523,-6.209335,25.813105,25.813105,6.5887394,18.33388,17.484463,25.481817,-5.3696074,-2.2227223,25.336405,17.447592,15.758401,11.589021,18.65023,16.735462,13.061534,17.540348,17.023548,20.347181,11.431117,7.0132036,10.480724,19.22641,26.208797,17.899605
4,-6.352729,-3.977289,-3.3161364,-0.9129191,7.2565193,-0.74836934,7.2565227,2.9115033,8.998099,12.159604,5.3050346,11.4006405,8.998101,15.998502,-3.84996,-3.8525045,-3.8525057,-12.795563,-11.206188,10.733043,6.995955,6.9959555,1.996024,3.2670925,1.3056107,-2.0428662,-0.9576758,-26.477457,-7.905041,-7.933778,-12.77237,-3.7467854,-4.012322,-10.106526,-4.4472017,-5.655654,-8.2872505,-4.604578,0.4403493,-4.5002594,-4.7075377,-3.1705785,-1.9967082,-4.3144946,-6.401146,0.7873627,-8.225167,6.7890263,-9.911281,-5.0373063,3.5491197,-5.361141,-4.5325413,-4.532547,4.596835,7.193098,-10.158818,-7.5471315,-6.408311,-4.6548653,6.1590567,-10.158818,-7.5471287,-6.408309,6.1590557,-0.10635276,-5.733484,12.562858,-18.043932,-9.1115675,-6.092598,-1.6013298,13.165107,7.368122,10.716868,11.533272,13.323794,13.020249,15.949383,15.94938,16.01477,-0.676918,12.085141,-3.6776195,-3.6776195,7.482294,0.29662836,31.953804,34.24027,-3.0423605,30.35918,30.359177,-6.866843,0.31735533,0.3173557,-4.0443544,-15.478307,11.537794,11.537793,11.537794,11.537793,3.3448586,0.942397,4.306924,4.7037106,14.855272,10.251491,-1.9134636,-21.307648,-12.291692,7.36666,8.698653,-24.91307,-14.057272,-16.200535,-19.492805,5.494813,7.42011,13.099429,-9.445964,8.957146,9.444257,4.306926,-5.996095,-2.6358988,2.037743,16.720724,8.524844,2.6401954,4.4618497,6.803949,8.267743,-9.539114,-8.91696,4.7891574,-6.4188433,-4.236457,-6.0437474,2.0658648,4.864278,-2.8342478,-5.5389137,-3.3615801,-7.4190974,7.4606853,5.7512603,-2.8553717,4.8654623,-13.038039,13.586698,13.586699,13.586698,14.162871,13.893535,9.8659935,1.0879616,12.523875,6.213496,-6.4916844,-2.4941502,1.2411585,8.9665785,2.9115007,6.933324,-0.40886068,7.229081,13.426154,13.426152,-5.8095856,-24.287083,-43.258904,-23.593529,-20.730003,-20.114157,-19.629862,-19.247864,16.468576,16.468576,-10.949229,6.9126005,5.3911266,16.060354,-18.716608,-16.749992,15.835638,5.078741,1.742956,-5.736923,7.301708,3.886416,-3.2896128,5.205392,4.3336897,9.450259,-5.962144,-10.753365,-7.260255,8.112424,16.925222,6.1386847
5,8.709307,9.740918,10.047168,10.917621,14.135081,11.1179695,14.135081,12.353766,15.251349,17.40419,13.258315,16.960064,15.251352,20.651573,10.147019,10.146182,10.146183,5.728499,6.7751756,16.387997,14.080566,14.080567,11.840751,12.262053,11.608747,10.5831995,10.821211,-8.497516,8.28162,8.119987,5.573101,10.0315275,9.940287,7.0129375,9.674436,9.134124,8.040198,9.563064,11.438429,9.630546,9.5616255,10.137074,10.557641,9.674519,8.812432,11.5378275,8.0821,13.875961,7.235339,9.417604,12.546634,9.313352,9.807059,9.807055,12.9307375,14.102279,7.2096834,8.455558,9.043311,9.7676325,13.645363,7.209684,8.45556,9.043312,13.645363,11.400282,9.256667,17.771683,0.7177338,7.44931,8.875577,10.664613,18.252888,14.136595,16.392515,16.941877,18.396322,18.143024,20.609232,20.60923,20.729404,11.182395,17.554064,10.044364,10.044364,14.144051,11.463723,35.942745,38.267693,10.238681,34.332138,34.332138,8.632554,11.437936,11.437936,9.804721,3.2352977,16.91737,16.91737,16.917372,16.91737,12.389541,11.65555,12.85103,13.008295,19.988888,16.390972,10.643121,-3.6653693,5.954674,14.215945,15.240668,-7.082691,4.470555,2.6242292,-1.2130468,13.143867,14.201164,18.163189,7.413862,15.074398,15.408314,12.851031,9.130924,10.435536,12.030943,21.284058,14.913653,12.245756,12.77119,13.784469,14.73684,7.3987722,7.6427765,13.006658,8.8604555,9.887246,8.9997835,12.046464,13.216245,10.44329,9.192637,10.075844,8.4175415,14.239099,13.423224,10.302311,13.052569,5.3365707,18.584518,18.584518,18.584518,19.085579,18.87426,16.07697,11.477703,17.662868,13.529227,8.669933,10.323139,11.728457,15.218503,12.353766,13.944163,11.388362,14.211322,18.560856,18.560854,9.241157,-6.5265107,-24.946098,-5.923184,-2.961846,-2.0991066,-1.4067447,-0.8822607,21.074003,21.074005,6.487464,13.842482,13.261555,20.705952,0.003346268,2.2962236,20.615032,13.362023,12.02837,9.225034,14.159461,12.707573,10.032292,13.475543,12.998183,15.74095,9.13054,6.849795,8.620574,14.628745,21.594282,13.57644
6,3.7276747,5.441272,5.8856626,7.1132135,11.120863,7.3302917,11.120866,8.920227,12.392472,14.772655,10.046462,14.269091,12.392474,18.124031,5.8931184,5.8918037,5.8918037,-2.2560441,-0.33751997,13.658505,11.0293455,11.029346,8.334089,8.872834,8.037315,6.632058,7.014826,-13.866441,2.7521183,2.5593216,-2.3695009,5.790017,5.645263,0.4830539,5.275411,4.402367,2.343919,5.1238327,7.778485,5.218155,5.099802,6.003029,6.6143703,5.304131,3.8308885,7.9113817,2.4134285,10.809154,0.8182534,4.869277,9.172106,4.679571,5.3969507,5.396948,9.651233,11.076604,0.67001826,3.064632,4.0856795,5.331115,10.511416,0.6700189,3.0646355,4.0856824,10.5114155,7.6803536,4.516712,15.1549635,-6.622858,1.3853624,3.9900632,6.7747917,15.65597,11.1394415,13.658318,14.273281,15.801658,15.541362,18.080206,18.080202,18.192358,7.400894,14.888114,5.815712,5.815709,11.166654,7.7867856,33.4264,35.729897,6.129877,31.829803,31.829803,3.4819465,7.7650623,7.7650614,5.499026,-4.758422,14.253383,14.253383,14.253385,14.253385,9.0004,8.040596,9.543018,9.736009,17.378468,13.574334,6.715304,-9.286219,-1.7647405,11.20226,12.332656,-12.431075,-3.681512,-5.2689695,-7.7781987,9.964549,11.20543,15.568741,1.2141936,12.233207,12.598236,9.543019,4.302932,6.3946223,8.519378,18.772161,12.020098,8.789781,9.4859,10.732633,11.823485,1.1522088,1.665029,9.743524,3.881688,5.5465503,4.144848,8.536218,9.947383,6.371772,4.4986,5.9086695,3.0644996,11.24717,10.25622,6.2293367,9.801278,-2.6964014,15.998643,15.998643,15.998643,16.505554,16.288368,13.242831,7.887626,15.0546055,10.413955,3.6403215,6.3090677,8.144782,12.359192,8.920226,10.896857,7.634989,11.183921,15.95754,15.957538,4.476517,-11.865207,-30.339146,-11.252242,-8.804488,-8.289042,-7.8876557,-7.578473,18.55566,18.555664,-0.49149466,10.799371,10.051336,18.18009,-7.1297293,-5.631368,18.06667,10.113858,8.487314,4.485276,11.149021,9.361883,5.8751497,10.227245,9.683772,12.8813925,4.3132305,-0.009682905,3.3477526,11.698829,19.06857,10.449597
7,1.1448054,1.6619754,1.7489127,1.9795938,2.6873238,1.9898616,2.6873238,2.2630906,3.0192702,4.063245,2.45588,3.74637,3.0192707,5.9199705,1.682712,1.6823719,1.6823719,-1.4418437,-0.69070995,3.5163505,2.6451142,2.6451142,2.1985452,2.2903883,2.1484296,1.8794974,1.9726002,-6.200797,0.6388768,0.6198446,-1.445176,1.6917197,1.6544809,-0.2239753,1.5881249,1.333365,0.49056888,1.5589207,2.0815997,1.5770913,1.5410049,1.7609185,1.8814378,1.6063802,1.1260073,2.10838,0.51241744,2.6159813,-0.14486662,1.474442,2.3056514,1.4026845,1.5751305,1.5751293,2.3903525,2.6737347,-0.24084437,0.7569427,1.1296232,1.5525305,2.5373971,-0.24084473,0.7569432,1.1296235,2.5373967,2.041299,1.3180089,4.226857,-3.637376,0.1819982,1.2229522,1.9222529,4.4837713,2.7056406,3.5100682,3.8150709,4.5693326,4.430599,5.893483,5.8934813,5.914633,1.9959321,4.008632,1.7019818,1.701982,2.7257364,2.072085,16.81025,18.691317,1.779181,15.5226,15.522601,0.9867933,2.0764735,2.0764735,1.6540599,-2.6984386,3.8202655,3.8202655,3.8202658,3.8202655,2.293965,2.1215847,2.3681037,2.4014413,5.283642,3.3333447,1.893749,-4.59506,-1.2137592,2.7047236,2.9460437,-5.653782,-2.0534806,-3.0010808,-4.0771384,2.4761226,2.7142684,4.4632916,0.046372253,3.0219169,3.1393538,2.368104,1.248651,1.8234713,2.2023752,6.313339,2.9128458,2.2411115,2.3844154,2.6268044,2.86183,0.013451908,0.25646257,2.4113963,1.126686,1.6233637,1.236502,2.2054245,2.4140856,1.8038435,1.3678961,1.7433107,0.80658257,2.7187202,2.4987152,1.8005805,2.4133673,-1.5683761,4.69405,4.69405,4.6940503,4.9696264,4.838128,3.226842,2.1348674,4.2111535,2.5556154,1.1035507,1.8387536,2.145449,3.0142822,2.2630904,2.6422222,2.016495,2.678868,4.6032944,4.6032934,1.2990774,-5.457699,-17.763905,-5.252061,-4.429427,-4.253825,-4.1142397,-4.000724,6.174161,6.174162,-0.59706926,2.6413572,2.4630525,5.9530754,-3.8385057,-3.1995137,5.8159857,2.4336364,2.1789398,1.3149886,2.6966457,2.3325408,1.7483459,2.4410892,2.366957,3.1137958,1.256264,-0.5003886,0.85573345,2.8303514,6.383091,2.5381215
8,4.404184,7.700445,8.5477295,11.122872,17.55838,11.359782,17.558384,14.309159,19.14862,21.991066,16.039013,21.345322,19.148624,25.567627,8.097862,8.094842,8.094844,-6.3565354,-3.2848005,20.702152,17.364887,17.364887,13.524985,14.469414,12.98993,10.031728,11.038948,-24.046824,2.2530622,2.0952547,-6.4372106,8.121237,7.7970934,-1.5394902,7.1727233,5.489854,1.5979964,6.92861,12.359886,7.083025,6.8146944,8.743348,10.057654,7.30893,4.418546,12.63429,1.7050717,17.158226,-1.1047404,6.3607864,14.759546,5.936076,7.166517,7.166511,15.514682,17.50677,-1.4679662,2.8130476,4.567407,7.0107846,16.681574,-1.4679661,2.8130534,4.5674124,16.681572,11.973884,5.4911847,22.38053,-14.64771,0.13019529,4.8171616,10.447427,22.932041,17.6373,20.69064,21.425106,23.08459,22.802475,25.521866,25.521866,25.602982,11.447085,21.9963,8.202491,8.202489,17.717316,12.277798,40.310143,42.490837,8.933494,38.808254,38.808254,3.7564685,12.277314,12.277312,7.675315,-11.301995,21.419676,21.419672,21.419674,21.419674,14.56874,12.7885895,15.315859,15.603404,24.611122,20.378197,10.174575,-18.413984,-5.4770365,17.658638,18.933022,-22.341312,-8.950757,-12.315207,-16.36579,16.095846,17.691853,22.857,-0.33992845,19.065926,19.508114,15.31586,5.1095676,9.432341,13.646142,26.238731,18.705793,14.101734,15.358803,17.13157,18.462847,-0.4787928,0.51064825,15.65146,4.439657,7.533326,4.9643936,13.671432,15.782138,9.252138,5.665062,8.522622,2.9376547,17.735058,16.356514,9.142075,15.709386,-6.973895,23.314968,23.314968,23.314968,23.851551,23.609753,20.014877,12.7924795,22.321766,16.665207,4.2143183,9.486131,13.01128,19.120415,14.309159,17.2804,11.755045,17.564516,23.208036,23.208035,5.39355,-21.657246,-41.17227,-20.90073,-17.770927,-17.074953,-16.523388,-16.083149,26.010414,26.010414,-3.133774,17.226097,16.086613,25.625462,-15.436259,-12.979625,25.450382,15.964062,13.467919,5.4566584,17.601377,15.016908,8.559229,16.078182,15.3940325,19.616415,5.143431,-2.5749228,3.2711308,18.319988,26.461754,16.639791
9,-2.203678,1.4146004,2.376376,5.4037576,14.832156,5.7008486,14.832159,9.731677,17.119307,20.522472,12.416546,19.812883,17.119312,24.411509,1.9110609,1.907694,1.9076952,-12.446912,-9.988547,19.043142,14.527999,14.528001,8.621615,10.002866,7.868553,4.0876274,5.2979703,-25.334242,-4.4861193,-4.671751,-12.49637,1.9168254,1.5591266,-8.398181,0.8509571,-0.99495876,-5.182933,0.5780356,6.9971695,0.75230896,0.460189,2.6057565,4.114068,0.99653924,-2.1554768,7.3710604,-5.065747,14.234378,-7.9620256,-0.036042932,10.421649,-0.49531364,0.8730957,0.87308556,11.585961,14.761461,-8.306153,-3.8713112,-1.9531084,0.70464975,13.4653635,-8.30615,-3.8713076,-1.9531065,13.46536,6.482423,-0.96879077,20.966408,-17.762718,-6.755261,-1.7459106,4.5744505,21.579208,14.961371,19.028637,19.883768,21.741508,21.431282,24.362366,24.362362,24.471134,5.8125877,20.568718,2.0002923,2.0002933,15.091878,6.8832808,40.034912,42.340233,2.8183131,38.436653,38.436653,-2.8799694,6.8825216,6.8825216,1.3989967,-15.452983,19.874067,19.874067,19.87407,19.874067,10.143513,7.577365,11.268005,11.718925,23.469303,18.687815,4.257901,-20.712162,-11.805182,14.977285,16.822922,-23.926907,-14.055854,-16.119724,-19.065224,12.559421,15.034531,21.485455,-7.2141304,17.000664,17.576641,11.268006,-1.3850043,3.3915083,8.769141,25.130466,16.518326,9.437133,11.361173,14.202369,16.171383,-7.354663,-6.3423347,11.797294,-2.1300201,1.2705154,-1.5647161,8.804517,11.968087,3.1986568,-0.807207,2.3499725,-3.7579505,15.102366,12.943534,3.062285,11.899365,-12.859301,21.987139,21.987139,21.987139,22.57163,22.313076,18.24445,7.5913763,20.883936,13.457509,-2.4060645,3.4452553,7.884445,17.076418,9.731676,14.406362,6.2058845,14.836725,21.895863,21.895863,-1.071739,-23.370405,-41.434742,-22.7555,-20.195072,-19.634169,-19.19284,-18.84917,24.888649,24.888649,-9.880698,14.347371,12.503098,24.474144,-18.351192,-16.596361,24.315437,12.25403,8.515569,-1.0047233,14.889703,10.808964,2.3890305,12.423909,11.365285,17.735245,-1.3476093,-9.353292,-3.363419,15.968576,25.417679,13.409877
10,0.66349125,1.8816638,2.2288377,3.245364,6.989913,3.4175618,6.989916,4.877575,8.245675,10.635627,5.931926,10.115154,8.245677,13.989366,2.2118733,2.2108026,2.210804,-2.1298935,-1.3756995,9.514692,6.8882976,6.8882985,4.344559,4.8528886,4.0761538,2.8152583,3.1567187,-12.688495,0.005694911,-0.09555127,-2.1297312,2.1322737,2.013192,-0.9497832,1.7368654,1.1083795,-0.22694343,1.6217258,3.8235,1.6903133,1.6018964,2.307068,2.7985117,1.7583387,0.718898,3.9473073,-0.19277778,6.684166,-0.86859787,1.43013,5.1166344,1.2933744,1.8250058,1.8250027,5.562707,6.948164,-0.95184785,0.19276083,0.8879869,1.7695501,6.3806505,-0.95184755,0.19276269,0.8879879,6.3806505,3.7252328,1.1839178,11.01176,-5.4964485,-0.59982705,0.8435706,2.953335,11.518269,7.014741,9.513243,10.13371,11.66484,11.400607,13.946005,13.946002,14.05638,3.476727,10.732337,2.1560636,2.1560628,7.0481534,3.8280802,29.163559,31.459759,2.4108226,27.573914,27.573914,0.48941958,3.8127701,3.8127701,1.9246001,-3.7289422,10.116847,10.116845,10.116846,10.116846,4.966963,4.0663166,5.4690247,5.649682,13.238671,9.397658,2.8903208,-8.126025,-1.885043,7.071187,8.169382,-11.260196,-2.852921,-4.200625,-6.6230783,5.8749566,7.0736704,11.433465,-0.70110023,8.102186,8.465907,5.469025,1.036849,2.6174915,4.5008736,14.629308,7.878682,4.754899,5.4241676,6.620926,7.683194,-0.7316457,-0.5150902,5.6507034,0.75089836,1.9370418,0.9351099,4.515708,5.8270125,2.5977404,1.1775436,2.2392411,0.21138409,7.118179,6.139037,2.492861,5.703557,-2.2717736,11.867317,11.867317,11.867317,12.377229,12.157008,9.071647,3.9512572,10.920873,6.299993,0.60533977,2.563975,4.1607084,8.212494,4.8775754,6.76825,3.6756537,7.0440197,11.815238,11.815236,1.1541986,-10.696396,-29.143005,-10.08471,-7.6422725,-7.12936,-6.730549,-6.4249425,14.4152155,14.4152155,-1.3007522,6.688493,5.9458947,14.044772,-5.996037,-4.5520663,13.929606,5.9872203,4.467135,1.1690302,7.015726,5.292783,2.216521,6.086772,5.5804224,8.716941,1.0432189,-1.1983379,0.38312414,7.562898,14.917239,6.3258305
11,0.32030532,1.6930782,2.0731652,3.2423084,7.080964,3.3690183,7.080965,4.922433,8.255229,10.497228,6.016025,9.96646,8.255231,13.390677,1.9073498,1.9060724,1.9060721,-3.2440877,-2.1354134,9.460408,6.945262,6.945263,4.4570446,4.996578,4.1704407,2.732836,3.1782146,-14.757613,-0.3565585,-0.39593813,-3.246728,1.8887981,1.7454764,-1.4793051,1.4615824,0.7211355,-0.54474455,1.3466032,3.849982,1.4167027,1.3004596,2.1470537,2.730865,1.5126753,0.3155816,3.9906535,-0.51715434,6.786255,-1.364601,1.0940734,5.1840086,0.90807414,1.4808052,1.4808016,5.6603746,7.03889,-1.4936613,-0.20648059,0.37546593,1.4085615,6.4522243,-1.4936606,-0.2064795,0.3754667,6.4522233,3.680731,0.73418534,10.805516,-7.333683,-0.94280803,0.47249788,2.9200702,11.241885,7.134677,9.451745,10.040549,11.369244,11.143125,13.352798,13.352796,13.414369,3.417477,10.487306,1.9249462,1.9249463,7.1899943,3.8215551,26.88942,29.04525,2.2478921,25.411142,25.411142,0.096407145,3.8227105,3.8227105,1.6979785,-5.3123035,10.038872,10.038871,10.038873,10.038871,5.0622635,4.083596,5.5379686,5.7221193,12.5878725,9.186634,2.8074014,-10.114878,-2.9021363,7.153475,8.100601,-13.315142,-4.214587,-5.8703175,-8.549357,6.041235,7.176873,11.186095,-1.11256,8.192548,8.529544,5.5379696,0.5786258,2.4730532,4.545498,13.944736,7.924029,4.793687,5.559837,6.7705007,7.743166,-1.1592518,-0.8427627,5.75839,0.32780254,1.6405944,0.5247163,4.561531,5.855292,2.409098,0.80279315,2.0626051,-0.15787989,7.2057257,6.2258406,2.3412015,5.78973,-3.4406192,11.557006,11.557004,11.557006,11.990275,11.79438,8.90838,4.06224,10.757815,6.4466968,0.25505868,2.4813426,4.2027044,8.234368,4.9224315,6.881055,3.5826313,7.0865593,11.461501,11.461501,0.6930375,-12.748774,-31.20954,-12.129669,-9.612417,-9.078927,-8.6628685,-8.337253,13.7553,13.7553005,-2.0152466,6.835038,6.0407534,13.438512,-7.878394,-6.28211,13.284677,5.9819202,4.4558983,0.71899897,7.112377,5.348914,2.0670125,6.0574408,5.6007867,8.602523,0.5889554,-1.8654385,-0.06899531,7.6344857,14.120488,6.4234123
12,12.633336,14.596577,15.122881,16.594202,21.188908,16.850931,21.188911,18.718948,22.60931,25.282522,19.992764,24.71916,22.609314,28.882175,15.102715,15.10108,15.101081,6.025275,8.178744,24.052896,21.083488,21.083488,18.049454,18.67666,17.703667,16.01628,16.493887,-15.514778,11.531891,11.322981,5.849562,15.00236,14.826924,9.042358,14.392196,13.380459,11.085151,14.216555,17.392014,14.325783,14.18115,15.271865,16.003271,14.43461,12.746276,17.549952,11.161597,20.852398,9.412274,13.912125,19.013239,13.686931,14.518733,14.518728,19.556896,21.144564,9.253859,11.88638,13.009917,14.439197,20.513212,9.2538595,11.886383,13.009918,20.513212,17.260187,13.499344,25.690277,-2.318443,10.031588,12.920106,16.188286,26.233356,21.214306,24.051807,24.73841,26.390062,26.10875,28.835339,28.835335,28.952696,16.9309,25.389381,15.035443,15.035443,21.24939,17.39381,44.611626,46.934395,15.414268,42.997795,42.997795,12.3537035,17.361961,17.361961,14.649604,1.5924935,24.718462,24.71846,24.718464,24.718462,18.815882,17.690605,19.425865,19.643957,28.076647,23.912163,16.102882,-8.053798,6.5751796,21.282084,22.518589,-13.758873,3.8053648,0.5559017,-4.8866525,19.916721,21.283953,26.140789,9.842599,22.445711,22.868004,19.425865,13.26315,15.729415,18.253075,29.56931,22.18829,18.568882,19.369062,20.768227,21.965973,9.774823,10.335533,19.660652,12.79672,14.703027,13.09282,18.271658,19.87883,15.690419,13.487987,15.144203,11.882539,21.327934,20.226452,15.529567,19.720724,5.4137735,26.602795,26.602795,26.602795,27.148159,26.91445,23.545399,17.525635,25.587473,20.411243,12.534692,15.631805,17.81382,22.574757,18.718948,20.946453,17.196589,21.250507,26.554724,26.554722,13.453783,-12.911006,-32.152725,-11.905925,-7.0881433,-5.993476,-5.1304393,-4.4586954,29.339642,29.339643,7.954522,20.844452,20.006681,28.942045,-3.3245308,-0.04708976,28.816837,20.05294,18.2049,13.4622345,21.221512,19.223719,15.113369,20.186234,19.582928,23.146955,13.27173,8.508742,12.192872,21.829876,29.87762,20.445421
13,-2.7668133,0.1558006,0.9766966,3.3446918,8.003113,3.4990852,8.003115,5.57482,9.302817,11.67628,6.821273,11.131389,9.30282,14.769738,0.40174082,0.3986645,0.39866355,-8.137007,-6.856655,10.589053,7.8502946,7.850295,5.043971,5.683937,4.6851835,2.3748019,3.2920492,-19.45623,-4.2158017,-4.24825,-8.127004,0.48323494,0.15694204,-5.9827924,-0.42563972,-1.9653962,-4.537648,-0.64456016,4.2359934,-0.5033489,-0.7699142,1.1476516,2.4086888,-0.2683782,-2.812423,4.430381,-4.486809,7.682808,-5.829432,-1.1982114,5.885171,-1.5980535,-0.49442887,-0.49443662,6.426523,7.960578,-6.020092,-3.9099846,-2.7917817,-0.65030324,7.31098,-6.020091,-3.9099827,-2.7917793,7.3109784,3.9502747,-2.024695,12.013272,-12.2345,-5.19374,-2.4744842,2.783387,12.48895,8.063189,10.580131,11.19485,12.619055,12.376405,14.729604,14.7296,14.806532,3.5599256,11.688609,0.5697552,0.56975675,8.126417,4.1770797,29.42308,31.702835,1.3136613,27.848486,27.848486,-3.282004,4.1844735,4.184474,0.093035236,-10.276439,11.190448,11.190448,11.190448,11.190448,5.75414,4.536214,6.285455,6.492693,13.960821,10.322932,2.5085595,-14.908286,-7.741522,8.0795965,9.124555,-18.033146,-9.157161,-10.830204,-13.39516,6.864228,8.1060705,12.422028,-5.4610543,9.227949,9.595369,6.2854567,-2.3338494,1.7816774,5.1206746,15.367332,8.936721,5.432768,6.322721,7.6643643,8.73569,-5.5365467,-5.0418158,6.5301704,-2.8175433,-0.11432266,-2.4041636,5.138172,6.6220837,1.5777183,-1.8143313,0.9337642,-3.7951612,8.144061,7.059374,1.528078,6.5771723,-8.34082,12.817499,12.817498,12.817499,13.281324,13.073227,10.020233,4.556114,11.959197,7.297854,-2.9113076,1.9026948,4.69619,9.277449,5.574819,7.7777243,3.7778504,8.01193,12.72791,12.72791,-2.1124477,-17.472122,-35.83716,-16.863873,-14.422202,-13.906271,-13.505343,-13.195095,15.1623335,15.1623335,-6.663864,7.7356043,6.8516636,14.820613,-12.75804,-11.231975,14.673579,6.7597046,5.0000157,-2.0327606,8.033537,6.0742803,0.9976638,6.8451424,6.3411794,9.6877165,-2.2996032,-6.497963,-3.647111,8.616536,15.585173,7.2804127
14,-12.6597,-10.006497,-9.251231,-6.64322,3.0637786,-6.449937,3.0637834,-2.5844622,6.2119246,12.353496,0.19853511,10.834595,6.2119303,18.250633,-9.798719,-9.80156,-9.80156,-19.555424,-17.859161,9.613586,2.5963907,2.5963905,-3.5705671,-2.1851604,-4.3017693,-7.8407907,-6.6983595,-34.026947,-14.330613,-14.376425,-19.535421,-9.7076235,-10.0043745,-16.705334,-10.524182,-11.876231,-14.745639,-10.707772,-5.1968193,-10.58561,-10.818,-9.081426,-7.7945805,-10.378654,-12.69654,-4.8339806,-14.677951,2.3207116,-16.489445,-11.185771,-1.8711767,-11.540593,-10.593478,-10.593484,-0.66017354,2.967199,-16.74862,-13.938397,-12.679414,-10.72977,1.3437474,-16.74862,-13.938394,-12.679412,1.3437446,-5.7598495,-11.941985,13.0328455,-25.047554,-15.651093,-12.366944,-7.3743124,14.064618,3.2925668,9.5637865,11.180718,14.302384,13.804666,18.184582,18.184578,18.249777,-6.369146,12.071214,-9.632735,-9.632737,3.5202634,-5.344583,36.303802,38.793396,-8.936345,34.547615,34.547615,-13.211609,-5.3317404,-5.3317404,-10.0704775,-22.37814,11.214912,11.21491,11.214913,11.214912,-2.0972772,-4.667023,-1.0044379,-0.53607225,16.506866,8.410196,-7.699587,-28.555712,-19.032425,3.2352505,5.53401,-32.345676,-20.883507,-23.129513,-26.589115,0.4864091,3.3544605,13.967512,-15.996659,6.2283397,7.159296,-1.0044372,-12.230938,-8.47746,-3.5231519,19.18697,5.343466,-2.8694222,-0.81826293,2.374417,4.8604336,-16.097813,-15.432674,-0.4291835,-12.7075815,-10.256171,-12.298061,-3.4920676,-0.367046,-8.681787,-11.746106,-9.295611,-13.80902,3.4290645,0.789744,-8.727474,-0.33509737,-19.814405,14.745383,14.745383,14.745383,15.62946,15.206542,7.713098,-4.5395727,13.035361,1.4500294,-12.810529,-8.345273,-4.3639917,6.1611433,-2.5844653,2.5403016,-6.0619183,2.986767,14.425362,14.425359,-12.0227785,-31.687008,-51.182404,-30.960747,-27.933746,-27.265938,-26.738585,-26.3278,18.865473,18.865473,-17.60511,2.5529099,0.31299704,18.332827,-25.765131,-23.696144,17.985744,-0.10823655,-3.8190532,-11.948448,3.1387682,-1.4925848,-9.226703,0.035121407,-0.9923954,6.9417787,-12.194458,-17.379211,-13.6206045,4.589756,19.377186,1.3294761
15,-3.5060062,0.21751499,1.2268625,4.419054,13.932036,4.709833,13.932036,8.891047,15.946795,19.226501,11.6366205,18.510838,15.946799,23.185398,0.7065002,0.7029734,0.7029757,-12.656745,-10.822146,17.758278,13.660735,13.660737,7.774193,9.196073,6.998005,3.0242536,4.312873,-24.822983,-5.7996273,-5.982456,-12.67171,0.72945356,0.35464084,-9.499349,-0.37787062,-2.280041,-6.4887357,-0.65732706,6.083556,-0.4784869,-0.78106236,1.4663309,3.0610366,-0.22290313,-3.465084,6.474274,-6.374317,13.378049,-9.111512,-1.293046,9.60889,-1.7682548,-0.36630332,-0.3663131,10.8016615,13.864829,-9.422104,-5.192822,-3.2720325,-0.5414707,12.6498575,-9.422103,-5.192818,-3.272032,12.649855,5.524206,-2.2665644,19.676937,-17.500015,-8.003586,-3.0437605,3.5498421,20.303473,14.0366535,17.745554,18.581902,20.471691,20.154598,23.135677,23.135674,23.241398,4.822386,19.269882,0.8154064,0.81540704,14.144904,5.954659,38.888077,41.195232,1.6826308,37.290092,37.290092,-4.1976748,5.954334,5.9543347,0.19340315,-15.261281,18.571926,18.571926,18.571926,18.571926,9.3342285,6.68454,10.47994,10.93694,22.220798,17.427294,3.20417,-20.283169,-12.155249,14.061137,15.706871,-23.411818,-13.94801,-15.90187,-18.737448,11.786546,14.108813,20.210114,-8.428951,15.8220825,16.352604,10.479943,-2.6910546,2.2845254,7.90565,23.909807,15.407495,8.590927,10.588221,13.347955,15.100639,-8.557279,-7.6166406,11.0205765,-3.4421875,0.04901251,-2.8677375,7.939517,11.174533,2.0736377,-2.0912812,1.1967318,-5.07583,14.16916,12.151414,1.9436383,11.12083,-12.953187,20.722942,20.72294,20.722942,21.321812,21.057316,17.001293,6.717374,19.595161,12.648066,-3.7116883,2.3575914,6.99545,15.907226,8.891044,13.542056,5.2264156,13.946202,20.626823,20.626822,-2.3710616,-22.852196,-40.98223,-22.244175,-19.795063,-19.270311,-18.8554,-18.532795,23.666756,23.666756,-10.683,13.48054,11.722174,23.248537,-18.064846,-16.362312,23.083515,11.453856,7.638968,-2.2987297,13.983697,10.00528,1.2430257,11.621419,10.565434,16.527515,-2.6523283,-10.3034935,-4.6922092,14.920041,24.187273,12.603162
16,11.79827,13.419451,13.87398,15.12664,19.293577,15.360274,19.293581,16.976124,20.652462,23.11628,18.144188,22.60628,20.652462,26.569105,13.909502,13.908175,13.908176,6.0145435,8.003076,21.97873,19.196915,19.196915,16.355116,16.914524,16.05354,14.640298,15.020851,-12.834145,10.958738,10.744924,5.8290157,13.794671,13.64853,8.727429,13.276515,12.439776,10.557976,13.119621,15.805632,13.213686,13.101967,13.999236,14.623228,13.294627,11.918019,15.938408,10.62563,18.963581,9.082601,12.880444,17.23655,12.703849,13.4170885,13.417085,17.732124,19.247559,8.9614525,11.251885,12.1922,13.3532295,18.642254,8.9614525,11.251887,12.192203,18.642254,15.718127,12.566319,23.506973,-1.669249,9.601003,12.047435,14.781539,24.016142,19.312546,21.978937,22.607956,24.168896,23.900639,26.523613,26.523607,26.639309,15.43442,23.241394,13.815056,13.815056,19.342808,15.818861,42.23757,44.571724,14.130761,40.61063,40.610626,11.5994215,15.791049,15.791049,13.484874,1.9178944,22.586231,22.586231,22.586231,22.586231,17.051231,16.072784,17.615902,17.816103,25.801132,21.896793,14.722408,-6.968644,6.510338,19.381783,20.58454,-11.374496,3.9431198,0.9710781,-4.078722,18.054874,19.383942,23.926857,9.458148,20.484581,20.873611,17.615904,12.367974,14.405709,16.55847,27.239292,20.253769,16.839369,17.54609,18.87688,20.043428,9.402135,9.890453,17.82785,11.96662,13.551504,12.201128,16.576202,18.048626,14.388682,12.522576,13.897478,11.226376,19.427263,18.365168,14.229535,17.883339,5.422341,24.371515,24.371517,24.371517,24.894577,24.671421,21.549412,15.897551,23.400131,18.5364,11.723114,14.300452,16.173985,20.619122,16.976124,19.05722,15.67931,19.358067,24.330715,24.330715,12.533082,-10.748834,-29.209663,-10.031164,-6.110598,-5.1034403,-4.3043118,-3.6769335,27.015587,27.015587,7.7153044,18.94928,18.149834,26.627304,-2.5970776,0.45092356,26.507812,18.220219,16.528473,12.528617,19.324932,17.431622,13.859826,18.348814,17.773037,21.172903,12.370004,8.269643,11.509677,19.91224,27.544432,18.574446
17,7.3516884,8.828465,9.214282,10.2821665,14.039685,10.499042,14.039685,11.953744,15.314673,17.661856,13.002395,17.162268,15.314677,21.036127,9.245852,9.244712,9.244712,1.6667583,3.6012878,16.563992,13.951772,13.951772,11.391246,11.892124,11.120627,9.868312,10.189105,-14.112006,6.4904633,6.313833,1.5220407,9.154501,9.033317,4.364705,8.706639,7.948204,6.122125,8.571932,10.899138,8.656579,8.554387,9.32947,9.852359,8.727714,7.453353,11.021229,6.1857104,13.741591,4.68456,8.357658,12.192591,8.191455,8.825589,8.825585,12.637774,14.000794,4.5495367,6.773619,7.6828337,8.770778,13.452754,4.549539,6.7736216,7.6828346,13.452754,10.820237,8.050599,18.039309,-5.8679175,5.221425,7.5826163,9.981576,18.543392,14.058815,16.561863,17.170815,18.689806,18.42758,20.992361,20.992357,21.10311,10.567857,17.770584,9.171519,9.171519,14.085631,10.909574,36.33989,38.63421,9.435822,34.7485,34.748497,7.1461887,10.882253,10.882253,8.880872,-2.3426332,17.151396,17.151396,17.151398,17.151396,12.021468,11.14229,12.531834,12.711167,20.270527,16.476461,9.934898,-9.469278,2.1734073,14.123269,15.242583,-12.684073,-0.31062132,-3.3156354,-7.689109,12.921405,14.122098,18.456009,5.0575714,15.161881,15.528625,12.531835,7.866772,9.670102,11.579179,21.68575,14.936706,11.834521,12.46499,13.658261,14.737328,5.000454,5.4929276,12.719712,7.4925523,8.945436,7.7207394,11.59502,12.924914,9.658662,8.023634,9.236741,6.7678986,14.16392,13.200047,9.515231,12.774213,1.1378026,18.890163,18.890163,18.890163,19.40724,19.183367,16.151985,10.974951,17.942938,13.351157,7.276004,9.568238,11.232713,15.282327,11.953744,13.822712,10.789955,14.099938,18.84314,18.843138,8.0182295,-12.119107,-30.579256,-11.502299,-8.935706,-8.336284,-7.8369155,-7.4218163,21.467476,21.467476,3.423072,13.726422,13.01423,21.09214,-6.68705,-3.8950284,20.975506,13.074052,11.560124,8.017943,14.068371,12.3675785,9.203982,13.194592,12.678793,15.798293,7.8757577,3.9028041,7.0270376,14.613261,21.975788,13.390277
18,-0.69376975,2.1280625,2.7698052,4.4598827,9.010834,4.5953817,9.010836,6.492729,10.34661,12.844365,7.757682,12.247119,10.346612,15.748084,2.3628225,2.360342,2.3603423,-7.228361,-5.7246165,11.721931,8.829248,8.829247,5.9809623,6.626647,5.6304626,3.7776954,4.4162874,-20.15313,-2.4364054,-2.4913104,-7.2167096,2.4144206,2.1468542,-4.688155,1.6472857,0.18731214,-2.8581617,1.4560962,5.207339,1.5793171,1.3485373,2.9007185,3.7908852,1.7782447,-0.7302329,5.3834095,-2.7922003,8.673657,-4.495174,0.9520055,6.802677,0.565534,1.5972837,1.5972772,7.3542347,8.960469,-4.7284417,-2.0426128,-0.6847974,1.4614644,8.264659,-4.728441,-2.0426092,-0.6847949,8.264659,4.965281,0.14163482,13.153245,-12.228618,-3.7093513,-0.3601338,4.0472536,13.609348,9.086606,11.708456,12.357209,13.735082,13.503499,15.711069,15.711065,15.757848,4.6431417,12.783805,2.4866216,2.4866211,9.16892,5.1605062,28.978058,31.11813,3.0346382,27.51312,27.51312,-1.2753949,5.163758,5.163758,2.0883737,-9.792735,12.362792,12.36279,12.362791,12.362792,6.681,5.4779615,7.201944,7.414955,14.894021,11.326514,3.868992,-15.342305,-6.7612457,9.086316,10.108968,-18.695223,-8.438681,-10.47987,-13.612323,7.8385205,9.127435,13.558104,-4.0380645,10.316455,10.697257,7.2019444,-0.18719214,3.3735864,6.048862,16.290817,9.972446,6.3487945,7.2621484,8.679663,9.771412,-4.1298423,-3.5129814,7.463581,-0.724851,1.9239422,-0.27101415,6.0631332,7.531473,3.238353,0.34690434,2.743614,-1.9060597,9.153905,8.008199,3.1822333,7.503536,-7.469041,13.933415,13.933415,13.933415,14.368251,14.1666565,11.028165,5.509115,13.123563,8.290656,-0.8576751,3.428551,5.6350384,10.325999,6.492729,8.7834635,4.819241,8.989816,13.813592,13.81359,0.04956625,-18.114765,-36.60771,-17.472424,-14.793321,-14.203714,-13.7375345,-13.373154,16.101383,16.101383,-5.503714,8.7564,7.794548,15.794506,-12.858014,-10.9793215,15.621835,7.658166,5.914862,0.12491006,9.045821,6.985448,2.7813323,7.735407,7.243926,10.694493,-0.15264772,-5.3038936,-1.7074593,9.648669,16.428225,8.247829
19,-5.611095,-4.548333,-4.280913,-3.3571339,0.2462161,-3.3224509,0.24621828,-1.9442326,1.4739919,4.0425987,-0.8909419,3.387787,1.4739932,7.2568192,-4.5342174,-4.535267,-4.5352664,-9.109109,-8.149037,2.862275,0.045448102,0.045448985,-2.2541192,-1.7516012,-2.5137053,-3.7941768,-3.3631828,-19.61775,-6.3709173,-6.3748336,-9.088645,-4.4711657,-4.5811033,-7.504091,-4.7633514,-5.3018465,-6.5576763,-4.826448,-2.856776,-4.7829747,-4.876334,-4.2241936,-3.7671072,-4.6990147,-5.643238,-2.7226267,-6.527793,-0.040702287,-7.404792,-5.023439,-1.6735493,-5.171535,-4.816542,-4.8165445,-1.217893,0.20855393,-7.5463705,-6.196846,-5.666176,-4.871134,-0.4419554,-7.54637,-6.1968446,-5.666175,-0.44195625,-3.0906048,-5.3581386,4.3628025,-12.686601,-6.9678755,-5.495163,-3.6128037,4.8636727,0.3471415,2.841766,3.5222993,4.99182,4.7394753,7.213791,7.213788,7.263459,-3.3004181,3.9466543,-4.4478474,-4.447847,0.4471702,-2.9268441,21.991215,24.274666,-4.1887817,20.426474,20.426474,-5.8679523,-2.9163578,-2.916358,-4.5880985,-10.873202,3.5320818,3.5320816,3.5320826,3.532081,-1.7364919,-2.672262,-1.3535892,-1.173255,6.23463,2.378647,-3.7432864,-15.199444,-8.794616,0.31045341,1.1945744,-18.218102,-9.911809,-11.377002,-13.757683,-0.73143184,0.36404848,4.8142004,-7.1534505,1.4873359,1.8561488,-1.3535876,-5.4754133,-4.03316,-2.275396,7.8947372,1.1347669,-2.040252,-1.2497357,0.0062478334,0.94005454,-7.2062488,-6.874508,-1.1286644,-5.6607046,-4.686744,-5.4888515,-2.2659433,-1.146829,-4.119052,-5.2573404,-4.302583,-6.127447,0.39328003,-0.6502485,-4.1076603,-1.0901142,-9.255406,5.2159114,5.215911,5.215912,5.6929665,5.4658284,2.0879567,-2.5866835,4.3500104,-0.3683296,-5.677808,-3.9497821,-2.5641239,1.4558785,-1.9442327,0.044860095,-3.211621,0.20035912,5.062736,5.062736,-5.3924613,-17.673264,-35.82171,-17.080532,-14.738782,-14.247998,-13.866132,-13.573081,7.6668777,7.6668797,-7.982438,0.073956445,-0.84113014,7.3107033,-13.173696,-11.763372,7.1005597,-1.0574455,-2.3936102,-5.350733,0.27512133,-1.5397979,-4.266078,-1.0172658,-1.3802915,1.7661705,-5.456226,-7.8805003,-6.063893,0.83516514,8.043805,-0.42940074
20,8.989255,11.023877,11.563609,13.072272,17.855673,13.32201,17.855675,15.2930155,19.294678,21.890461,16.610142,21.351753,19.294678,25.379307,11.533015,11.531344,11.531345,2.3523757,4.474805,20.694302,17.739464,17.739464,14.595656,15.261258,14.226378,12.469795,12.956679,-15.511672,7.846481,7.634405,2.1787977,11.4331255,11.252659,5.3036385,10.8120575,9.766833,7.3866982,10.630424,13.8897295,10.744222,10.595742,11.709138,12.458026,10.853679,9.10044,14.057145,7.4651127,17.50455,5.671365,10.317645,15.603322,10.085259,10.939744,10.939741,16.164448,17.810879,5.521489,8.213423,9.374055,10.856385,17.14832,5.5214906,8.213427,9.374055,17.14832,13.747112,9.878141,22.290833,-5.735845,6.2968,9.288323,12.656564,22.816978,17.885841,20.691061,21.364164,22.971123,22.696167,25.333817,25.333813,25.447594,13.405156,22.00539,11.458543,11.458544,17.921595,13.888086,40.828182,43.14658,11.851056,39.219967,39.219967,8.692334,13.860068,13.860065,11.078433,-1.9575455,21.343693,21.343693,21.343693,21.343693,15.404929,14.206882,16.031082,16.2548,24.612219,20.561,12.567196,-10.582265,2.8980892,17.952324,19.202116,-14.096974,0.19246858,-2.9783728,-8.089988,16.538864,17.955044,22.725819,6.108526,19.134295,19.53859,16.031082,9.628009,12.175155,14.802479,26.046307,18.87753,15.136598,15.975207,17.419056,18.65258,6.037873,6.6144533,16.270382,9.143851,11.119878,9.45437,14.824275,16.487532,12.140885,9.871301,11.580638,8.210025,18.000685,16.853546,11.97481,16.331114,1.7528064,23.179276,23.179276,23.179276,23.70993,23.482557,20.204172,14.043599,22.188778,17.046335,8.886064,12.086907,14.340171,19.261784,15.293015,17.602913,13.684531,17.915365,23.132095,23.132093,9.830247,-13.527816,-31.784735,-12.904759,-9.880857,-9.018588,-8.298226,-7.7113905,25.82389,25.82389,4.234665,17.499355,16.626392,25.437357,-6.6907406,-3.569977,25.314356,16.667233,14.748491,9.841733,17.891022,15.819093,11.5512705,16.798542,16.183025,19.819536,9.640431,4.7863064,8.527879,18.514027,26.344376,17.077984
21,0.54322314,0.6802022,0.71668065,0.83547163,1.2721573,0.8397008,1.2721575,1.009724,1.443637,2.1108158,1.1346033,1.871563,1.4436376,3.7927725,0.68780506,0.68767476,0.6876748,-0.086949706,0.16327359,1.7252504,1.2487891,1.2487891,0.9681859,1.027226,0.9364694,0.77617633,0.82938105,-7.155465,0.44445387,0.4395367,-0.08533454,0.69006884,0.6749251,0.2781405,0.65127146,0.58220935,0.41361243,0.64097536,0.8945246,0.64686096,0.6359863,0.71865666,0.7767123,0.65685076,0.5368042,0.91079175,0.41761714,1.2331017,0.29132706,0.6164988,1.0371974,0.5983017,0.6484208,0.64842045,1.0916023,1.2632594,0.27214217,0.46474308,0.5391417,0.64070845,1.1847124,0.2721424,0.46474308,0.53914183,1.1847122,0.8712493,0.5801735,2.2434144,-1.5991344,0.35750198,0.560147,0.8020568,2.4625788,1.2818973,1.7228701,1.9214941,2.5401218,2.4187796,3.7673793,3.7673774,3.7829034,0.84330285,2.065544,0.6941545,0.6941545,1.2934468,0.88964516,15.113507,17.105333,0.72773343,13.780041,13.78004,0.5109915,0.89280736,0.89280725,0.6773679,-0.7326927,1.925605,1.925605,1.9256052,1.925605,1.0299679,0.92011875,1.0792992,1.1009513,3.169082,1.6136141,0.78486943,-3.3674018,0.003995519,1.2812011,1.4021745,-5.9350047,-0.37493226,-0.9424626,-2.2861192,1.1474991,1.2869755,2.4490664,0.3297425,1.4496455,1.5162838,1.0792992,0.5643821,0.7475306,0.97131336,4.1763124,1.3886412,0.9942602,1.0893309,1.240539,1.3636041,0.32481712,0.37073582,1.1064613,0.5382415,0.66379523,0.5620089,0.97288567,1.10849,0.73853123,0.5919298,0.7132257,0.47737157,1.2886586,1.1618159,0.7373699,1.1071765,-0.13692954,2.6527717,2.6527717,2.6527727,2.903582,2.783302,1.5542532,0.928986,2.2290823,1.1983778,0.5351054,0.7575113,0.9350196,1.441254,1.0097238,1.2488755,0.8549197,1.266709,2.5662515,2.5662506,0.575424,-5.4613824,-22.676102,-4.9447083,-2.9939308,-2.626425,-2.347534,-2.139713,4.038929,4.0389295,0.19289175,1.2479807,1.1383187,3.824258,-1.886462,-1.1135721,3.6864336,1.120523,0.95559704,0.57916224,1.277289,1.0549786,0.71476376,1.1243804,1.0775766,1.4922757,0.56546235,0.2139883,0.48492134,1.3475986,4.2458963,1.1857381
22,0.5817753,0.725492,0.7605984,0.8779328,1.3301798,0.8800733,1.3301802,1.0506401,1.5391041,2.4149568,1.1806085,2.1056101,1.5391043,4.3504214,0.72868824,0.7285526,0.7285527,-0.27431118,0.08800945,1.9039068,1.3030111,1.3030111,1.0092697,1.0707278,0.97702837,0.82067937,0.872731,-8.229334,0.47189033,0.4681352,-0.2703743,0.73315424,0.7177293,0.26740828,0.6942121,0.6213486,0.43912673,0.68444085,0.93471885,0.6905113,0.678133,0.7627814,0.8212372,0.70123017,0.57407606,0.9509863,0.44369444,1.286717,0.2865557,0.6575548,1.080183,0.63745296,0.68886447,0.6888643,1.1364796,1.3209549,0.25763032,0.49468708,0.5733882,0.68045914,1.2346828,0.2576305,0.49468738,0.5733883,1.2346827,0.90985125,0.6171752,2.5893853,-2.2312796,0.37468427,0.5988325,0.8457197,2.853206,1.3422754,1.8992615,2.1666179,2.9439032,2.8009007,4.323146,4.323145,4.3446116,0.88335,2.3594096,0.7372487,0.7372487,1.3562492,0.9284491,16.05654,18.100492,0.7707647,14.683739,14.683739,0.5458873,0.9324473,0.9324473,0.72146904,-1.0811278,2.1708393,2.1708393,2.1708398,2.17084,1.0734527,0.9596124,1.1237755,1.1461409,3.6852143,1.7593203,0.82868254,-4.2998047,-0.15427801,1.340415,1.4890962,-6.9412947,-0.62726915,-1.3655494,-3.0750668,1.1950841,1.3476956,2.8349679,0.33874753,1.5450506,1.623249,1.1237756,0.6010171,0.7909571,1.010302,4.7598047,1.4730508,1.035207,1.1350952,1.29425,1.4423261,0.3313131,0.3901558,1.1517408,0.57438624,0.70548093,0.59975237,1.0123336,1.1520225,0.78034663,0.63108015,0.75706816,0.5081629,1.3505454,1.2104241,0.7807549,1.152776,-0.33488917,3.0755997,3.0756,3.0755997,3.3646038,3.227207,1.6808891,0.97030777,2.5712485,1.2477697,0.572888,0.8026122,0.97359073,1.5361617,1.0506399,1.3031263,0.8938449,1.3244945,2.9804456,2.9804447,0.6122714,-6.449179,-24.029514,-5.924323,-3.8917978,-3.4714105,-3.1501741,-2.9078944,4.614105,4.6141057,0.13846402,1.303066,1.1850692,4.384412,-2.5995233,-1.5992459,4.241358,1.1653008,0.9943011,0.61651087,1.3358601,1.0985751,0.75910604,1.1689967,1.1202028,1.6003014,0.6024564,0.16796401,0.5153139,1.423129,4.82449,1.2357376
23,10.049462,11.5079975,11.898735,13.095088,17.0743,13.225593,17.074303,14.843141,18.27731,20.550896,15.960721,19.998856,18.277311,23.40673,11.7382765,11.736972,11.736971,5.0563955,6.6351295,19.506847,16.921806,16.921808,14.370109,14.928905,14.06659,12.577144,13.04015,-11.06611,9.142148,9.04478,4.9822598,11.714202,11.568438,7.3924103,11.2825575,10.534638,8.8312845,11.165595,13.719628,11.2366,11.121871,11.975495,12.572541,11.331301,10.066864,13.867479,8.880791,16.768064,7.6047707,10.918025,15.104579,10.735722,11.30803,11.308026,15.594323,17.027607,7.460458,9.384457,10.17348,11.237877,16.410809,7.460458,9.384458,10.173482,16.410809,13.542307,10.570777,20.851088,-1.0624509,8.147271,10.239601,12.765956,21.290262,17.136478,19.49857,20.091412,21.420418,21.193146,23.369854,23.36985,23.41743,13.272103,20.51107,11.757116,11.757116,17.201582,13.693344,35.642826,37.504856,12.08348,34.368683,34.368683,9.794024,13.693933,13.693932,11.515874,1.8329551,20.09348,20.09348,20.09348,20.09348,14.987061,13.963208,15.467767,15.6581545,22.574867,19.186998,12.649957,-5.1085553,5.510894,17.147284,18.087196,-9.264562,3.4864366,1.0149385,-2.85737,16.007248,17.176857,21.241684,7.9507446,18.237444,18.583271,15.467767,10.400581,12.313949,14.458183,23.95147,17.934063,14.712352,15.50332,16.767387,17.754477,7.8919115,8.333696,15.697907,10.0954275,11.468415,10.3234415,14.472129,15.7814455,12.243583,10.62606,11.890873,9.436461,17.201015,16.180622,12.17382,15.727397,4.678697,21.612091,21.612091,21.612091,22.040712,21.844318,18.912258,13.9555645,20.814537,16.426098,9.971011,12.317486,14.095365,18.25903,14.84314,16.8727,13.437722,17.06705,21.50054,21.50054,10.528596,-8.541112,-30.103363,-7.7316914,-4.401292,-3.6276708,-3.0057344,-2.522064,23.762402,23.762402,6.637498,16.837278,15.991609,23.452976,-1.8334075,0.4705881,23.286118,15.903209,14.355793,10.5474615,17.109844,15.274283,11.893502,15.975145,15.521898,18.606697,10.40978,6.9351234,9.597789,17.64233,24.08401,16.38902
24,4.1483126,5.8514004,6.3059425,7.5576534,11.78483,7.7919836,11.784833,9.489857,13.117851,15.644555,10.663274,15.109277,13.117854,19.063166,6.319602,6.3182282,6.3182273,-1.8608603,0.122102484,14.479142,11.687122,11.687121,8.867808,9.451016,8.550518,7.075437,7.4640384,-14.279599,3.2015932,3.0198412,-1.9971104,6.215621,6.070367,0.9290864,5.6886063,4.8053923,2.8046157,5.5330935,8.267765,5.6296134,5.5097065,6.435105,7.058615,5.7181435,4.2476788,8.411444,2.8712122,11.466542,1.2555673,5.2769094,9.763479,5.0821276,5.819065,5.819062,10.25964,11.742272,1.1155293,3.5011575,4.493088,5.7518167,11.15009,1.1155319,3.5011606,4.493089,11.15009,8.157594,4.913398,16.031775,-7.109903,1.8392624,4.400982,7.2133245,16.55016,11.8070345,14.476063,15.127657,16.697174,16.42932,19.018578,19.018576,19.130566,7.865249,15.746189,6.246272,6.246271,11.8373575,8.275352,34.403267,36.702393,6.5628777,32.80948,32.80948,3.9121027,8.245471,8.245471,5.911365,-5.1484203,15.11012,15.11012,15.110121,15.110121,9.58286,8.54417,10.143974,10.343355,18.29131,14.345131,7.1515493,-9.731952,-1.3440858,11.872195,13.028028,-12.855639,-3.684798,-5.722912,-8.245227,10.592011,11.873014,16.460289,1.6576364,12.963509,13.359622,10.143975,4.70603,6.835424,9.057496,19.722769,12.72031,9.34998,10.088239,11.385953,12.5144415,1.596256,2.1240442,10.355106,4.296533,5.9697733,4.5510983,9.074047,10.560989,6.8127675,4.898776,6.3272843,3.5048416,11.912292,10.882296,6.661191,10.411492,-2.371339,16.900967,16.900967,16.900967,17.416687,17.194977,13.997773,8.388175,15.937341,11.054109,4.06439,6.7352757,8.658195,13.084116,9.489857,11.554873,8.10865,11.842664,16.852451,16.852448,4.8762007,-12.293954,-30.67437,-11.68544,-9.25501,-8.748769,-8.356544,-8.053515,19.501966,19.501966,-0.05690478,11.457148,10.675641,19.120201,-7.616238,-6.1056676,18.999805,10.72135,9.015204,4.8840723,11.813109,9.9577265,6.2942276,10.844781,10.289979,13.623492,4.715796,0.44271836,3.7762742,12.385082,20.015154,11.087832
25,3.9562128,6.158319,6.65451,8.10829,12.538842,8.265867,12.538843,10.124213,13.837148,16.214832,11.356705,15.659745,13.83715,19.150135,6.4433613,6.441661,6.441661,-4.8065224,-2.6689544,15.123784,12.390854,12.390855,9.581609,10.210744,9.237804,7.4905033,8.04209,-18.791548,2.1683002,2.0262854,-4.833663,6.4288473,6.242399,-1.2129135,5.8544555,4.7556086,1.5695422,5.697358,8.849428,5.795674,5.633403,6.7633567,7.494361,5.9279265,3.9674103,9.019947,1.6652582,12.21358,-0.85906553,5.3425817,10.422714,5.0661993,5.8800483,5.8800416,10.956004,12.491338,-1.1744621,2.6509697,4.1013694,5.7838798,11.846671,-1.1744609,2.6509717,4.1013722,11.84667,8.639703,4.7720137,16.535217,-10.242059,0.25618544,4.275467,7.7157297,16.98629,12.596201,15.113618,15.735553,17.11673,16.8849,19.112612,19.11261,19.176165,8.323897,16.20106,6.470754,6.4707537,12.65636,8.812375,32.235725,34.30419,6.88034,30.82867,30.82867,3.4427688,8.812125,8.812123,6.1581564,-7.70761,15.733462,15.733462,15.733465,15.733462,10.285487,9.127096,10.819223,11.027082,18.350101,14.8485565,7.5756836,-13.635724,-4.231834,12.616507,13.665366,-17.26824,-6.2630405,-8.426474,-11.740544,11.385592,12.644467,16.9272,-0.18105876,13.76762,14.135278,10.819224,4.4990015,7.166783,9.683908,19.706062,13.46695,9.9797735,10.843225,12.192432,13.267943,-0.30442476,0.592558,11.062693,3.989189,6.0919075,4.386154,9.701291,11.172906,7.0826545,4.8796763,6.6460094,2.7680442,12.675142,11.594029,6.99744,11.104451,-5.14777,17.307495,17.307491,17.307495,17.746803,17.548166,14.553237,9.106024,16.487663,11.836659,3.8100016,7.173833,9.27164,13.8148985,10.124211,12.318927,8.520464,12.546971,17.210564,17.210562,4.7061844,-16.65085,-35.330296,-15.965669,-13.0320215,-12.383727,-11.874703,-11.479337,19.515009,19.51501,-2.505443,12.264765,11.385591,19.197598,-10.904484,-8.928173,19.047073,11.316375,9.574838,4.7471437,12.575221,10.608743,6.651745,11.400701,10.888203,14.219652,4.5229464,-2.0974808,3.043373,13.147767,19.885214,11.814313
26,3.654043,6.010803,6.53076,7.9822693,12.334073,8.15596,12.334075,9.948232,13.630306,16.008493,11.167129,15.474381,13.630306,18.985733,6.3413944,6.339617,6.339617,-5.106141,-3.043584,14.930701,12.199827,12.199827,9.391932,10.005633,9.058401,7.3900537,7.911022,-18.16453,1.7995205,1.6360476,-5.135,6.3105187,6.113822,-1.624828,5.705018,4.5187707,1.1849862,5.53623,8.704433,5.640822,5.4710045,6.6448646,7.3886466,5.7759,3.6740243,8.864578,1.2831391,12.013705,-1.2565827,5.158948,10.237924,4.858909,5.744336,5.7443323,10.767455,12.289455,-1.559577,2.2922637,3.833818,5.643848,11.657718,-1.5595748,2.2922685,3.833821,11.657716,8.523532,4.5489755,16.338017,-10.165381,-0.15231192,3.9971602,7.602121,16.795427,12.383793,14.922259,15.533965,16.92583,16.691093,18.947357,18.947353,19.019108,8.215646,16.027306,6.355188,6.355187,12.438367,8.67935,32.791904,35.001465,6.77238,31.277496,31.277496,3.1228402,8.671871,8.67187,6.018159,-7.8040657,15.527991,15.527991,15.527991,15.527991,10.090586,8.9766655,10.633346,10.839305,18.219423,14.676263,7.4750547,-13.270921,-4.5752635,12.414157,13.475568,-16.697462,-6.4551573,-8.476208,-11.539197,11.174386,12.434735,16.731615,-0.5759099,13.543849,13.91495,10.633346,4.2504215,7.071958,9.512009,19.553352,13.2612505,9.806244,10.6405325,11.980138,13.060016,-0.69803035,0.19485413,10.87224,3.7012532,5.964404,4.1239877,9.530609,11.005672,6.9912467,4.656909,6.5231056,2.4043624,12.468236,11.400955,6.891013,10.915843,-5.427062,17.114864,17.114864,17.114864,17.564362,17.363766,14.373373,8.923217,16.28181,11.62632,3.5009596,7.058817,9.110274,13.60757,9.948232,12.115722,8.421479,12.356265,17.031849,17.031849,4.4760523,-16.109722,-34.598152,-15.460131,-12.715537,-12.125323,-11.662275,-11.301859,19.35937,19.359371,-2.9314518,12.052402,11.192832,19.034393,-10.777646,-8.940946,18.89381,11.152615,9.420426,4.5168843,12.370234,10.4270315,6.524325,11.248087,10.718938,14.0337715,4.2735314,-2.4887357,2.70665,12.9408655,19.755646,11.617692
27,0.7632518,1.6424261,1.914671,2.723478,5.922594,2.88155,5.922596,4.057506,7.081601,9.229559,4.994192,8.790009,7.081605,12.291723,1.953659,1.9528489,1.9528489,-0.21027353,-0.1682175,8.234756,5.844818,5.844819,3.5893805,4.0142674,3.368179,2.4029517,2.6471698,-8.689479,0.39269242,0.29927292,-0.21179858,1.8684468,1.7818289,-0.13251019,1.557693,1.094326,0.22948246,1.4655367,3.1845598,1.5219679,1.4592805,1.9877051,2.3846955,1.5664256,0.8211578,3.2798026,0.25404206,5.6478767,-0.10481028,1.3324208,4.2611485,1.2381749,1.6499084,1.6499058,4.657892,5.8825436,-0.115061104,0.51427996,0.981051,1.6125839,5.3921576,-0.115061104,0.51428103,0.9810514,5.3921566,3.1290581,1.1793311,9.572799,-1.5871282,-0.02901804,0.893588,2.494152,10.020381,5.938819,8.236445,8.787286,10.155533,9.919025,12.2505865,12.250584,12.3579035,2.9347932,9.3556,1.8858362,1.885837,5.961336,3.1970909,27.272156,29.57875,2.0778573,25.673164,25.673164,0.68129516,3.1804993,3.1804993,1.6873307,-0.41971117,8.767192,8.767192,8.767193,8.767192,4.119642,3.380759,4.570316,4.7310867,11.624026,8.164354,2.4595146,-4.1209745,-0.19935378,5.998458,7.0291553,-7.256363,-0.2639908,-0.6040114,-2.650746,4.9180155,5.998068,9.939395,-0.05622371,6.937895,7.2696514,4.5703163,1.073799,2.2547052,3.7419217,12.9009285,6.7401247,3.9519808,4.516963,5.578794,6.55868,-0.06232812,0.03283618,4.739341,0.86014926,1.732445,0.98176306,3.7562656,4.9160776,2.246924,1.1490668,1.9335266,0.5080292,6.0348406,5.1696625,2.139877,4.783598,-0.22081393,10.33081,10.33081,10.330811,10.795737,10.598496,7.8629394,3.2551072,9.473525,5.307596,0.72739273,2.1826675,3.4560637,7.050294,4.0575056,5.7259645,3.1086106,5.982217,10.302663,10.302663,1.1620754,-6.6899166,-25.261784,-6.078002,-3.6434734,-3.1381583,-2.7524447,-2.4589663,12.698403,12.698404,-0.17280224,5.637307,4.9969845,12.344575,-2.0413373,-0.8071842,12.240825,5.060118,3.7218337,1.1619276,5.948897,4.419484,1.9010267,5.157157,4.6920133,7.529352,1.075891,-0.15844655,0.6394348,6.4449987,13.186067,5.3385067
28,2.9870048,5.2959604,5.9041247,7.622883,12.509698,7.8656216,12.5097,9.931492,13.874752,16.475008,11.293513,15.908395,13.874754,19.94255,5.7628937,5.7608776,5.7608776,-4.254993,-2.1252964,15.263399,12.395095,12.395096,9.259448,9.930421,8.888285,6.926964,7.5249634,-16.677374,1.6393057,1.4425102,-4.3713393,5.701664,5.49067,-1.0916593,5.004133,3.823447,1.1458445,4.8116093,8.512979,4.932944,4.7576632,6.0618668,6.9258842,5.070558,3.07594,8.695433,1.2292765,12.176496,-0.72845495,4.4434066,10.25238,4.1708517,5.095134,5.09513,10.841997,12.4654875,-0.92401946,2.0377874,3.312117,4.9979963,11.825418,-0.924017,2.0377898,3.31212,11.825418,8.320123,3.9035583,16.870481,-9.422619,0.013780501,3.3079953,7.157196,17.400604,12.54109,15.258349,15.936568,17.549198,17.276676,19.897774,19.89777,20.005875,7.949015,16.559006,5.7381964,5.7381945,12.580302,8.493411,35.266174,37.569317,6.2040243,33.669838,33.669834,2.6156476,8.472046,8.472045,5.3274093,-7.399813,15.920741,15.92074,15.920741,15.920741,10.06223,8.837706,10.697041,10.930812,19.141861,15.094989,7.03147,-12.113214,-3.6953208,12.600144,13.777177,-15.248317,-6.0262384,-7.9915724,-10.604586,11.24665,12.605874,17.311462,-0.2345205,13.729375,14.12428,10.6970415,3.625872,6.562335,9.439698,20.604029,13.477603,9.776499,10.665619,12.103417,13.266433,-0.3132121,0.3319587,10.951718,3.1079164,5.319662,3.457769,9.458926,11.145698,6.4935274,3.93572,5.913659,2.0598874,12.650023,11.540621,6.347497,11.014861,-4.7471914,17.75946,17.75946,17.75946,18.282993,18.056053,14.744727,8.714377,16.781317,11.74198,2.8654847,6.5109797,8.974327,13.841747,9.931492,12.268101,8.225484,12.561475,17.701164,17.701162,3.8446918,-14.686731,-33.078682,-14.077106,-11.635121,-11.122954,-10.72067,-10.407008,20.381886,20.381886,-2.2383342,12.177155,11.311624,19.999859,-9.951466,-8.38594,19.871187,11.321513,9.372233,3.8726077,12.540526,10.4702835,5.9015584,11.444652,10.829313,14.370345,3.649135,-1.7206634,2.3799605,13.1378565,20.888395,11.764157
29,4.463795,5.7574787,6.13392,7.222624,11.20763,7.4363756,11.207631,8.984074,12.495727,14.944518,10.123105,14.431174,12.495727,18.283913,6.1819286,6.180835,6.180835,-0.09981157,1.574672,13.8019285,11.118111,11.118111,8.383548,8.930562,8.0926695,6.784976,7.1179094,-11.948653,3.8345277,3.6666179,-0.23427886,6.072178,5.951128,2.140035,5.6399927,4.964917,3.5262659,5.5088124,7.8530707,5.5864687,5.4958615,6.232639,6.765744,5.6510305,4.5543895,7.979867,3.578448,10.895107,2.400863,5.314468,9.237878,5.175541,5.7647486,5.7647443,9.724123,11.165635,2.3126965,4.0493584,4.783586,5.7102785,10.59523,2.3126974,4.0493603,4.7835865,10.595229,7.7714586,5.0776415,15.328362,-4.7808495,2.7939208,4.6628785,6.9111466,15.82974,11.223604,13.800998,14.438244,15.975077,15.715131,18.240107,18.240103,18.35759,7.5066915,15.064305,6.090064,6.090065,11.247317,7.8670864,33.61105,35.921806,6.3493996,32.010452,32.010452,4.3142233,7.8431363,7.8431344,5.817073,-3.0268545,14.418284,14.4182825,14.418284,14.418284,9.06059,8.108734,9.612096,9.808213,17.569468,13.710383,6.8627567,-7.374628,0.33374614,11.292716,12.434234,-10.5166445,-1.7373595,-3.5216777,-5.8828793,10.036639,11.29168,15.739193,2.681418,12.329968,12.708295,9.612098,4.9224215,6.58657,8.580813,18.931484,12.111923,8.848826,9.54932,10.808576,11.910808,2.643028,3.0097592,9.82178,4.6022444,5.8768682,4.7904596,8.600302,10.03246,6.580656,5.0399218,6.156883,4.0292277,11.331909,10.333875,6.4363775,9.872967,-0.5684636,16.168646,16.168644,16.168646,16.673897,16.459248,13.367529,7.9430504,15.226928,10.491601,4.4068813,6.493785,8.208919,12.46373,8.984073,10.985322,7.7357554,11.272266,16.135168,16.135166,5.0536156,-9.949557,-28.415545,-9.337308,-6.8939075,-6.385233,-5.9931545,-5.692619,18.716263,18.716267,1.3655759,10.878982,10.130563,18.340061,-5.26163,-3.854421,18.235386,10.196647,8.550023,5.0443263,11.239404,9.42998,6.116111,10.318297,9.761504,13.000723,4.920946,1.7822886,4.248385,11.784792,19.23873,10.52962
30,12.909834,15.155137,15.745454,17.446232,22.565117,17.708359,22.565117,19.857891,24.038057,26.695045,21.270714,26.146433,24.03806,30.241756,15.666782,15.664903,15.664902,5.4828167,7.8300962,25.484024,22.4442,22.4442,19.129757,19.847454,18.728903,16.760462,17.340006,-16.312222,11.619391,11.405873,5.308521,15.58022,15.378404,8.832206,14.898572,13.7428665,11.129708,14.707721,18.346487,14.829371,14.661782,15.907594,16.749718,14.957261,13.020302,18.533762,11.215232,22.208405,9.240254,14.353695,20.19262,14.089604,15.011274,15.01127,20.799845,22.51813,9.055652,12.022853,13.281677,14.91947,21.837513,9.055652,12.022857,13.281678,21.837513,18.168283,13.852704,27.103292,-2.9842584,9.954522,13.22692,16.98024,27.639694,22.597641,25.48131,26.159943,27.79555,27.517035,30.195347,30.195345,30.311655,17.792496,26.810947,15.624036,15.624033,22.638405,18.336609,45.935223,48.267056,16.06262,44.313736,44.313736,12.572488,18.312408,18.312408,15.200902,0.9781583,26.139359,26.139359,26.139359,26.139359,19.990303,18.686733,20.653124,20.89328,29.45954,25.348738,16.863777,-8.855512,6.0850677,22.660412,23.94012,-14.532204,3.2187169,-0.0687868,-5.6254663,21.214052,22.66828,27.546967,9.731317,23.87576,24.295229,20.653124,13.584081,16.413128,19.328957,30.924175,23.612072,19.68937,20.609293,22.125807,23.383484,9.653865,10.295636,20.912786,13.064558,15.228948,13.402565,19.351257,21.126629,16.351734,13.8619585,15.765373,12.030728,22.715908,21.531796,16.192745,20.977886,4.859784,28.005032,28.00503,28.00503,28.543427,28.313484,24.980442,18.544363,26.998281,21.740799,12.794236,16.332556,18.83516,24.004498,19.857891,22.306908,18.078346,22.6232,27.960863,27.960861,13.7981825,-13.693084,-33.046585,-12.706916,-7.878848,-6.756056,-5.8718987,-5.1792336,30.697037,30.697037,7.6304216,22.206108,21.288568,30.301086,-4.0114775,-0.676797,30.176353,21.312363,19.257015,13.81445,22.599403,20.42342,15.74324,21.446495,20.802685,24.57754,13.600055,8.22257,12.366063,23.24244,31.228306,21.769623
31,-0.80551934,1.386081,1.9854021,3.7540536,8.951208,3.9684331,8.95121,6.217578,10.395823,13.041494,7.646171,12.47709,10.3958235,16.458174,1.7892963,1.7872915,1.787292,-6.071662,-4.984445,11.833991,8.806287,8.806287,5.5621996,6.275733,5.1610813,3.011906,3.6649444,-16.873253,-2.084335,-2.2270567,-6.063871,1.7568098,1.5425124,-4.232643,1.0835624,-0.047599796,-2.5019023,0.9026822,4.705208,1.0179422,0.84656703,2.1368337,3.0186949,1.1575283,-0.74877083,4.9152827,-2.4327433,8.594057,-4.014395,0.54477227,6.568306,0.27294058,1.1482881,1.1482826,7.18347,8.9019165,-4.1810493,-1.7297344,-0.56817937,1.04829,8.207375,-4.1810474,-1.7297335,-0.56817734,8.207373,4.4499855,-0.0038304925,13.428239,-9.713595,-3.4098709,-0.51959634,3.2702725,13.94877,9.00142,11.829275,12.51067,14.094279,13.827241,16.41387,16.413868,16.519648,4.0472784,13.120823,1.7908133,1.7908136,9.057999,4.661978,31.759949,34.05986,2.2674417,30.166086,30.166086,-1.1815232,4.6488266,4.648826,1.4030248,-7.8699703,12.4957285,12.4957285,12.4957285,12.495727,6.390075,5.0580187,7.029642,7.2687674,15.665639,11.632346,3.118576,-12.348802,-5.752446,9.039802,10.258427,-15.455516,-6.9054623,-8.375165,-10.849339,7.6416483,9.060189,13.862898,-3.6349428,10.264611,10.673522,7.0296435,-0.2631125,2.6194043,5.7010555,17.112047,9.987853,6.06114,7.023406,8.543582,9.76325,-3.7033741,-3.1702893,7.295767,-0.73284805,1.3684781,-0.3991062,5.7176037,7.459828,2.5315502,0.05297433,1.9879386,-1.6849654,9.104188,7.912145,2.4164214,7.362479,-6.2363977,14.301137,14.301136,14.301137,14.817774,14.593243,11.27595,4.987725,13.3411045,8.14743,-0.9209304,2.6086004,5.2136116,10.363784,6.217579,8.698901,4.3188624,8.984744,14.240176,14.240176,-0.060964357,-14.898662,-33.164352,-14.295667,-11.868324,-11.357502,-10.960805,-10.654244,16.892366,16.892368,-4.9010215,8.624893,7.6712093,16.514744,-10.222299,-8.754966,16.386713,7.633312,5.60819,-0.024437878,8.98636,6.791521,1.9895673,7.7511244,7.1388674,10.888815,-0.2412895,-4.690776,-1.4295799,9.627608,17.392982,8.159432
32,3.9302695,6.8493915,7.6494856,10.070735,16.600044,10.375247,16.600048,13.346951,18.232735,21.104025,15.089911,20.495178,18.232735,24.775019,7.4350767,7.4324803,7.4324837,-4.9863734,-2.382994,19.804132,16.443731,16.443733,12.476218,13.414395,11.926318,9.062714,9.946817,-18.758228,2.226403,1.9836872,-5.155447,7.3601704,7.083392,-1.1490333,6.4762554,4.976182,1.6143031,6.230937,11.333037,6.382949,6.1592045,7.856278,9.064656,6.559436,4.0358152,11.604962,1.7164662,16.196377,-0.69879574,5.756545,13.785909,5.4072695,6.5812426,6.5812387,14.540111,16.547329,-0.93701863,2.7195473,4.329599,6.455034,15.747718,-0.9370169,2.7195513,4.329601,15.747718,11.012031,5.0833063,21.526035,-11.644574,0.21817502,4.329335,9.412132,22.09312,16.651484,19.79775,20.52845,22.252823,21.96212,24.728298,24.728294,24.842758,10.479397,21.191042,7.4223137,7.422312,16.711178,11.283702,40.34738,42.667107,8.058806,38.737526,38.737526,3.4657838,11.268683,11.268682,6.889723,-9.277885,20.512028,20.512026,20.512026,20.512026,13.558312,11.791082,14.349715,14.640472,23.942816,19.598574,9.209452,-14.307513,-4.3124175,16.705242,18.075,-17.3713,-7.326271,-10.04492,-12.831518,15.073864,16.722048,22.000223,-0.087073326,18.089603,18.5492,14.349715,4.7384677,8.541408,12.674439,25.460138,17.764389,13.134635,14.344916,16.127491,17.514366,-0.18470721,0.6109149,14.680674,4.0860634,6.873855,4.532255,12.702653,14.88522,8.424451,5.12794,7.6562834,2.763745,16.770054,15.400639,8.247192,14.746896,-5.632349,22.476295,22.476295,22.476295,23.033466,22.7922,19.207378,11.69736,21.431267,15.676661,3.7791815,8.501349,12.013404,18.19748,13.34695,16.314734,10.832611,16.641567,22.412937,22.412935,5.008729,-16.821537,-34.892174,-16.224995,-13.839824,-13.339171,-12.945877,-12.637298,25.232088,25.23209,-2.5388339,16.218668,15.120448,24.834759,-12.1760435,-10.4824915,24.702946,15.084154,12.5319605,5.033434,16.639877,14.06112,7.650635,15.228339,14.491458,18.780125,4.759104,-1.9016824,3.1566484,17.361786,25.754658,15.683336
33,5.0895023,7.4959335,8.15277,9.993922,15.065713,10.269738,15.065714,12.405073,16.545746,19.216433,13.770207,18.652794,16.54575,22.702038,8.055528,8.053448,8.053447,-2.6251552,-0.23737603,17.994728,14.939892,14.939892,11.694353,12.390193,11.303451,9.267201,9.883275,-16.263449,3.7317653,3.5032666,-2.7954862,7.9609814,7.7341495,0.80650485,7.220808,5.988021,3.2057488,7.0101466,10.92308,7.139181,6.960401,8.3289385,9.256261,7.278077,5.204253,11.109687,3.2930963,14.702007,1.2165987,6.631656,12.727488,6.351829,7.3401623,7.340155,13.31137,15.016631,1.0248203,4.1477947,5.487721,7.240262,14.324938,1.0248227,4.1477966,5.487723,14.324937,10.746209,6.0991993,19.617315,-9.105388,1.9778267,5.432023,9.497394,20.149021,15.102373,17.990194,18.677364,20.300472,20.02642,22.657219,22.657217,22.768185,10.357602,19.31311,8.007901,8.007903,15.146703,10.915067,38.20232,40.514027,8.501185,36.596363,36.596363,4.729008,10.890496,10.890496,7.547525,-6.794042,18.659739,18.659739,18.65974,18.659739,12.528359,11.260919,13.171477,13.402654,21.915592,17.83101,9.374273,-11.766492,-2.0141509,15.161604,16.434784,-14.856658,-4.8528767,-7.5138664,-10.285966,13.712564,15.171777,20.059795,1.7345753,16.392334,16.811094,13.171479,5.812454,8.889576,11.897183,23.364056,16.119564,12.239353,13.127168,14.6274,15.893154,1.651566,2.3312798,13.423535,5.2532444,7.5745897,5.622074,11.918451,13.632094,8.821168,6.1148634,8.169699,4.15703,15.215915,14.024772,8.646381,13.482102,-3.2425888,20.509895,20.509895,20.509895,21.037449,20.810047,17.46627,11.115637,19.520857,14.237649,4.9656763,8.800384,11.409503,16.511993,12.40507,14.806375,10.651097,15.120484,20.45579,20.45579,6.0412965,-14.301526,-32.601135,-13.702197,-11.29732,-10.792314,-10.398963,-10.093184,23.142681,23.142683,-0.43371308,14.708821,13.786859,22.759365,-9.630395,-7.9393826,22.635788,13.812085,11.823033,6.0541296,15.101567,12.950149,8.146767,13.943625,13.317777,17.071058,5.8265605,0.16483456,4.507427,15.7514105,23.657871,14.261485
34,8.256798,9.722176,10.111967,11.213497,14.755664,11.40156,14.755666,12.793067,15.9249,18.139404,13.78036,17.662455,15.924901,21.433338,10.117221,10.11603,10.116031,2.5859344,4.45737,17.093866,14.673275,14.673275,12.276799,12.742703,12.019131,10.775617,11.120629,-14.2490015,7.376921,7.205638,2.4633143,10.035445,9.908841,5.2386823,9.588772,8.841033,6.9998484,9.457102,11.800799,9.538308,9.435852,10.222663,10.766635,9.613486,8.353288,11.91718,7.0645733,14.476924,5.5454235,9.241808,13.01742,9.077121,9.689891,9.689889,13.436395,14.72189,5.4055815,7.6695323,8.564616,9.634592,14.204288,5.4055815,7.6695347,8.564617,14.204288,11.710137,8.928058,18.496948,-4.899822,6.0975647,8.480287,10.911964,18.975716,14.775672,17.093723,17.670835,19.11465,18.863453,21.388851,21.388847,21.495987,11.465892,18.245718,10.051427,10.051425,14.801393,11.802815,36.759163,39.052765,10.324996,35.16904,35.16904,8.038288,11.78173,11.781728,9.76896,-1.2871271,17.652828,17.652828,17.652828,17.652828,12.862053,12.033147,13.343083,13.512122,20.66187,17.013412,10.852839,-9.285172,3.0835025,14.83311,15.872806,-12.796413,0.7015697,-2.2630842,-7.043279,13.706269,14.833168,18.893223,5.921991,15.7795925,16.11417,13.343083,8.746685,10.55876,12.441867,22.090353,15.587821,12.684749,13.284434,14.398474,15.404063,5.8609395,6.3609753,13.514488,8.382863,9.815067,8.607783,12.45803,13.698589,10.54227,8.91107,10.13294,7.665791,14.874566,13.970288,10.413658,13.5677395,2.0883594,19.309525,19.309525,19.309525,19.81482,19.596004,16.704174,11.887252,18.407772,14.104985,8.181763,10.487664,12.112909,15.895784,12.793068,14.549573,11.679615,14.817225,19.259968,19.259964,8.896544,-12.211026,-30.81971,-11.570434,-8.659652,-7.8968244,-7.241771,-6.70527,21.869444,21.869446,4.308655,14.463365,13.789796,21.49016,-5.7970653,-2.8607566,21.364588,13.847882,12.423579,8.90202,14.782508,13.183362,10.103063,13.956813,13.468406,16.374596,8.7568655,4.7634997,7.9164577,15.293966,22.376171,14.146258
35,13.504461,14.36629,14.637171,15.354922,18.041252,15.5368,18.041252,16.550697,18.9857,20.788422,17.31649,20.441078,18.985703,23.6326,14.758258,14.757543,14.757543,10.995351,11.890256,19.926186,18.009598,18.009598,16.085209,16.442871,15.892657,15.091834,15.261153,-5.577668,13.18531,13.034425,10.848205,14.645606,14.567695,12.079709,14.32778,13.875088,12.976871,14.227036,15.779718,14.286629,14.229994,14.721644,15.071504,14.321711,13.608533,15.856497,13.013999,17.825508,12.2874,14.11176,16.715717,14.030667,14.459941,14.459939,17.03843,18.017126,12.269846,13.3304205,13.824095,14.427449,17.64615,12.269846,13.330421,13.824095,17.646149,15.769353,13.988734,21.117119,6.9469805,12.458486,13.647931,15.150311,21.521385,18.03402,19.933851,20.399103,21.646105,21.430655,23.59437,23.594368,23.717026,15.595066,20.96632,14.647878,14.647878,18.03181,15.807064,39.03591,41.41725,14.809197,37.36409,37.36409,13.456203,15.776862,15.776862,14.432234,8.90693,20.371416,20.371418,20.371418,20.371416,16.5671,15.962295,16.973328,17.105387,23.113163,19.996475,15.1463175,2.8527532,11.177241,18.109041,19.009302,-3.0678349,9.914444,8.432078,5.2826853,17.197254,18.092503,21.433697,12.44176,18.811544,19.086912,16.973328,13.88136,14.979495,16.270933,24.20541,18.700787,16.459763,16.881554,17.723656,18.549614,12.428235,12.630109,17.095886,13.647669,14.521098,13.759916,16.284332,17.299644,15.001344,13.917619,14.663194,13.282651,18.127403,17.452507,14.864984,17.14211,10.644564,21.795105,21.795105,21.795107,22.233074,22.054605,19.722988,15.774077,21.001072,17.51896,13.473835,14.868733,16.01355,18.955597,16.550697,17.874985,15.780137,18.119427,21.809265,21.809265,13.977578,-1.979759,-23.728226,-0.8266869,3.6365826,4.483489,5.1092,5.57584,24.018394,24.018396,11.610342,17.77312,17.31681,23.682156,6.3696404,8.215571,23.624477,17.43081,16.286541,13.961507,18.060688,16.854424,14.619702,17.537643,17.115444,19.4287,13.879596,11.944894,13.469005,18.456799,24.524712,17.577919
36,-0.37091506,2.3957007,3.0992987,4.9258137,9.443583,5.1341734,9.443584,7.0150747,10.815061,13.3708105,8.254448,12.822257,10.8150625,16.736734,2.8177967,2.8153994,2.8154027,-6.054099,-4.894554,12.203294,9.317769,9.317769,6.415269,7.0280685,6.080322,4.2147427,4.8345184,-17.06897,-1.9906917,-2.1383474,-6.053941,2.7930362,2.5301802,-4.1383324,1.9867126,0.57630193,-2.470989,1.7721624,5.735278,1.9067388,1.6884897,3.258259,4.2221975,2.085164,-0.31877145,5.899638,-2.3958204,9.11386,-3.963041,1.3094432,7.304797,0.96640325,2.0334163,2.033411,7.840697,9.400529,-4.1318245,-1.5767542,-0.12947102,1.909402,8.761641,-4.1318235,-1.5767505,-0.12946492,8.76164,5.5525303,0.6171061,13.747752,-9.926383,-3.36699,-0.010273028,4.4783187,14.261584,9.485323,12.196414,12.855596,14.405524,14.14016,16.692883,16.692879,16.796387,5.207403,13.444934,2.8420005,2.8420002,9.531298,5.7135835,31.941523,34.235325,3.4098432,30.351864,30.351864,-0.8665238,5.6986403,5.6986384,2.3971105,-8.020816,12.84181,12.84181,12.841811,12.84181,7.1387057,6.0272846,7.7084637,7.9202294,15.943439,12.013889,4.326598,-12.564317,-5.70256,9.530313,10.691963,-15.657069,-6.9932914,-8.54995,-11.071832,8.228627,9.541587,14.177962,-3.6064053,10.686728,11.085443,7.708465,0.29004675,3.8059273,6.567894,17.38348,10.415934,6.8735194,7.6862354,9.056569,10.200709,-3.6766334,-3.1585162,7.9402094,-0.30165967,2.3114026,0.1343368,6.58675,8.110457,3.6983974,0.7165769,3.0891366,-1.5049138,9.5842085,8.4906845,3.576023,7.9978857,-6.252816,14.612133,14.612134,14.612133,15.119426,14.898418,11.6705065,5.9315557,13.666035,8.69715,-0.52014434,3.8100297,6.1541085,10.782676,7.0150733,9.206664,5.456549,9.482728,14.54802,14.54802,0.5386413,-15.101827,-33.41098,-14.499003,-12.08468,-11.577118,-11.182566,-10.8762865,17.165619,17.16562,-4.7724323,9.131682,8.278072,16.792793,-10.441375,-8.935075,16.662582,8.271939,6.500815,0.5841185,9.474708,7.505187,3.0930493,8.382026,7.82242,11.295495,0.31460738,-4.592659,-1.212082,10.074773,17.657846,8.711107
37,2.2486765,5.54858,6.4433594,9.23943,17.628605,9.55388,17.628609,13.224224,19.590397,22.679773,15.596581,22.04329,19.5904,26.375778,6.0993905,6.096348,6.0963483,-7.8308883,-4.92027,21.317308,17.39356,17.39356,12.161027,13.402457,11.476682,8.043668,9.118413,-22.376331,0.28799522,0.06919366,-7.9810066,6.06627,5.742167,-3.4470246,5.0712085,3.3795412,-0.36697513,4.807316,10.713063,4.97194,4.7096367,6.6672034,8.05819,5.1887074,2.326989,11.049455,-0.25733787,17.11164,-2.9764426,4.256157,13.825824,3.8485632,5.136915,5.1369066,14.858871,17.564865,-3.2719605,0.83507484,2.5743253,4.987685,16.486464,-3.2719595,0.8350783,2.5743277,16.486462,10.288397,3.4452457,23.105461,-15.003411,-1.8864982,2.6788402,8.470952,23.679825,17.719677,21.307512,22.088531,23.837116,23.543833,26.328924,26.328922,26.44065,9.665336,22.758846,6.1419134,6.1419163,17.813095,10.635226,42.02339,44.34893,6.8816786,40.412964,40.412964,1.6831319,10.622283,10.622283,5.56077,-12.422408,22.073257,22.073257,22.07326,22.073257,13.555334,11.256998,14.589631,14.987263,25.529247,21.051336,8.20585,-17.851332,-7.0515957,17.75787,19.382442,-20.9748,-10.344865,-13.228623,-16.297068,15.661649,17.794312,23.586365,-2.274236,19.44833,19.95807,14.589633,3.0613632,7.423018,12.347285,27.065044,19.062925,12.947919,14.63318,17.058979,18.768856,-2.4004014,-1.4687284,15.0465975,2.3670664,5.4890876,2.871883,12.380283,15.247942,7.264114,3.5528889,6.43511,0.903517,17.85508,16.036936,7.100028,15.138752,-8.507275,24.063446,24.063446,24.063446,24.622873,24.379238,20.635439,11.210373,23.015076,16.44152,2.0719378,7.4211063,11.532966,19.551765,13.224224,17.261948,10.056851,17.657368,23.996115,23.996115,3.3534393,-20.420101,-38.44339,-19.82019,-17.364573,-16.837416,-16.42057,-16.08906,26.83371,26.83371,-4.9831705,17.181995,15.65685,26.435608,-15.59019,-13.722438,26.29989,15.511817,12.139849,3.4038002,17.678911,14.185136,6.447868,15.674283,14.713639,20.172688,3.0900247,-4.338757,1.2966769,18.590109,27.36219,16.422565
38,-7.0811806,-3.8994634,-2.9880464,0.009827759,9.393618,0.2421506,9.3936205,4.3027925,11.484603,14.69821,7.0183773,13.980928,11.484607,18.523499,-3.5727894,-3.5761516,-3.5761502,-13.16969,-11.840491,13.270152,9.067775,9.067774,3.2671618,4.669173,2.508053,-1.3240536,-0.066078424,-24.673252,-8.799579,-8.843003,-13.150361,-3.4989207,-3.8515112,-10.876391,-4.497893,-6.151702,-9.182736,-4.734377,1.5829978,-4.579878,-4.8620353,-2.7760088,-1.2784141,-4.334166,-7.1022997,1.9655247,-9.120126,8.822713,-10.693636,-5.318627,5.0144606,-5.7419806,-4.5443974,-4.544403,6.2073746,9.320308,-10.913676,-8.411908,-7.051468,-4.7093134,8.038246,-10.913674,-8.411906,-7.0514655,8.038244,1.0005312,-6.2013674,15.121167,-17.431679,-9.966689,-6.7457533,-0.8089225,15.729945,9.540978,13.25166,14.074188,15.888827,15.581452,18.475426,18.475422,18.56931,0.33536878,14.69588,-3.4123552,-3.412358,9.683246,1.4366772,33.859547,36.1315,-2.5910082,32.289738,32.289738,-7.658623,1.4478569,1.447856,-3.9566448,-15.362042,14.071229,14.071227,14.071227,14.071227,4.7746873,2.1524,5.878802,6.3341846,17.537209,12.8672285,-1.1590974,-20.156246,-12.759269,9.528497,11.171546,-23.259981,-14.202308,-15.948822,-18.62218,7.2381563,9.599876,15.645557,-10.268724,11.411185,11.928861,5.8788037,-6.5458155,-2.0439365,3.344515,19.229927,10.948583,4.008457,6.035861,8.8363085,10.636733,-10.355614,-9.781199,6.428005,-7.107519,-4.1460004,-6.645116,3.3782327,6.5188065,-2.2649229,-5.9972496,-3.0292468,-8.291485,9.656796,7.5465765,-2.3438857,6.5200768,-13.368276,16.141304,16.141304,16.141304,16.716366,16.456402,12.456158,2.2555244,15.060512,8.0963545,-7.243277,-1.9218401,2.4666157,11.447573,4.3027935,8.99149,0.68476295,9.365481,16.025135,16.025133,-6.2948165,-22.7056,-40.953327,-22.102629,-19.666752,-19.146587,-18.739622,-18.422565,18.98801,18.98801,-11.621886,8.972924,7.119532,18.58448,-17.976778,-16.386435,18.408905,6.7733254,3.0490215,-6.2150393,9.4493,5.3982873,-2.9628222,6.9180098,5.9115953,12.002513,-6.505273,-11.444019,-8.082311,10.45572,19.481838,8.014196
39,3.3964548,5.7596884,6.3922787,8.2409525,13.489837,8.511626,13.4898405,10.739572,14.978289,17.66835,12.174302,17.09726,14.978292,21.20181,6.291171,6.289114,6.289114,-4.0540175,-1.7725658,16.434978,13.36031,13.360311,10.007426,10.737876,9.597079,7.4939737,8.129455,-16.646421,2.0510406,1.831328,-4.204024,6.2087784,5.988574,-0.7857782,5.4810143,4.2625103,1.5375991,5.2732415,9.192619,5.399973,5.220326,6.565135,7.4916124,5.542642,3.5077817,9.38959,1.6234002,13.124541,-0.39808533,4.898334,11.081869,4.62018,5.5915766,5.59157,11.6955805,13.439634,-0.58141327,2.4598417,3.7739186,5.488883,12.746969,-0.58141154,2.459845,3.7739196,12.746968,8.994971,4.3644066,18.070787,-9.538306,0.3452904,3.7241228,7.738303,18.611517,13.527874,16.43046,17.124462,18.764744,18.48566,21.15652,21.156519,21.267357,8.600099,17.762135,6.248333,6.248333,13.57265,9.175085,36.626785,38.931396,6.727679,35.025826,35.025826,3.0378406,9.15117,9.151172,5.807722,-7.5700088,17.107742,17.107742,17.107742,17.107742,10.878957,9.546287,11.549792,11.791646,20.401175,16.268085,7.60485,-12.152915,-3.457062,13.586068,14.862225,-15.242801,-6.0710325,-8.155938,-10.672532,12.124518,13.597024,18.521503,0.10179858,14.824494,15.247746,11.549794,4.084742,7.116926,10.206438,21.86815,14.546513,10.568858,11.507922,13.047669,14.317117,0.018088799,0.6845871,11.813378,3.5502887,5.823157,3.9054353,10.227538,12.023903,7.048064,4.3843317,6.407117,2.4769313,13.642804,12.438685,6.874264,11.876447,-4.6360645,18.978968,18.978968,18.97897,19.515575,19.283905,15.903093,9.406249,17.977116,12.658074,3.2755692,7.0368047,9.69929,14.943709,10.739571,13.229007,8.897343,13.541345,18.921165,18.921165,4.307595,-14.687629,-32.90164,-14.085923,-11.68001,-11.175279,-10.784404,-10.481556,21.64516,21.645164,-1.957847,13.129886,12.195167,21.259682,-10.04517,-8.543214,21.132427,12.208436,10.128581,4.322069,13.525758,11.312287,6.3854113,12.342367,11.692282,15.50665,4.1016235,-1.3933221,2.816049,14.175832,22.15824,12.681615
40,12.638445,13.499717,13.762898,14.464957,17.117575,14.647786,17.117579,15.63948,18.016933,19.641312,16.400679,19.348307,18.016933,22.232338,13.873902,13.873206,13.873206,10.281746,11.106119,18.882933,17.091648,17.091648,15.190759,15.532566,15.0056925,14.203862,14.37511,-2.5972629,12.314126,12.168393,10.136428,13.765368,13.689853,11.264874,13.457707,13.002083,12.111572,13.359091,14.892333,13.417665,13.3617,13.841672,14.183353,13.452161,12.7338085,14.968594,12.146958,16.907383,11.46083,13.241554,15.799719,13.15779,13.58597,13.585969,16.118877,17.091812,11.447787,12.453941,12.948886,13.553774,16.72925,11.447787,12.453941,12.948888,16.72925,14.88239,13.116076,19.942814,6.9789248,11.619936,12.78033,14.262219,20.311499,17.106285,18.891804,19.296387,20.423735,20.22765,22.196863,22.196861,22.313793,14.705865,19.832674,13.768734,13.768733,17.101643,14.921622,36.73642,39.03328,13.926177,35.136887,35.136887,12.587735,14.89357,14.893569,13.564811,8.453189,19.268059,19.268059,19.268059,19.268059,15.654063,15.072299,16.05607,16.188549,21.79179,18.966227,14.258065,4.154322,10.438946,17.182392,18.047173,-0.3704708,9.306468,8.087072,5.78765,16.279774,17.165066,20.22821,11.603306,17.847214,18.104612,16.05607,13.009332,14.091931,15.371556,22.764584,17.744034,15.550499,15.967122,16.81149,17.599483,11.591931,11.782317,16.17906,12.777434,13.644788,12.890351,15.383737,16.381233,14.110045,13.049119,13.789224,12.4147,17.200123,16.53764,13.98179,16.224583,9.9521475,20.558102,20.558102,20.558102,20.955145,20.79607,18.709455,14.889561,19.82906,16.607569,12.608031,13.986091,15.123057,17.987602,15.639478,16.95966,14.88978,17.198338,20.579094,20.579094,13.104764,0.551552,-20.198462,1.4895,4.667507,5.246336,5.6740236,5.993884,22.590042,22.590042,10.821305,16.8577,16.39803,22.278345,6.5842476,7.9543705,22.230892,16.515308,15.386521,13.093049,17.136879,15.937133,13.745149,16.618496,16.197697,18.436806,13.007297,11.14613,12.593491,17.508999,23.07584,16.663815
41,4.550313,6.7477903,7.3283215,8.975425,13.789466,9.228629,13.789468,11.208756,15.262393,17.94066,12.532754,17.367384,15.262395,21.458096,7.265078,7.263258,7.263258,-2.7263167,-0.46630764,16.706123,13.664262,13.664262,10.53411,11.18603,10.174205,8.317957,8.865532,-15.860173,3.2831461,3.0664663,-2.8840067,7.170975,6.974847,0.5085703,6.5123286,5.3796844,2.7828724,6.3219137,9.823657,6.4400363,6.279338,7.4814744,8.312896,6.5590477,4.657535,9.997369,2.8658836,13.433949,0.89311326,5.979649,11.516327,5.7203703,6.6331034,6.6330976,12.085048,13.740916,0.7112433,3.6697338,4.9279203,6.5430694,13.0727625,0.71124446,3.6697361,4.9279227,13.072762,9.666326,5.4817457,18.34256,-8.802916,1.6150117,4.8693943,8.531163,18.882286,13.825574,16.702955,17.39369,19.034227,18.757158,21.412964,21.412964,21.52691,9.3117485,18.03152,7.1998873,7.199888,13.867599,9.81475,36.93255,39.239925,7.6282005,35.33385,35.333855,4.208267,9.786683,9.786683,6.798967,-6.6034937,17.377254,17.377254,17.377254,17.377254,11.321396,10.1432295,11.948622,12.174785,20.662916,16.546215,8.422843,-11.391898,-2.1375778,13.8833475,15.145175,-14.456389,-4.8434324,-7.303865,-9.931731,12.477832,13.892812,18.791819,1.380514,15.110328,15.528268,11.948623,5.212347,7.9818673,10.730859,22.122799,14.831702,11.055028,11.900748,13.36075,14.602162,1.3035104,1.9505267,12.192891,4.6937857,6.8284097,5.0331364,10.749074,12.399158,7.930293,5.485587,7.3417835,3.6798747,13.938153,12.78095,7.764354,12.253697,-3.316308,19.246666,19.246666,19.246666,19.778023,19.548487,16.184017,9.993833,18.249313,12.985357,4.437648,7.9038877,10.275331,15.227824,11.208756,13.535064,9.590141,13.842458,19.190472,19.190472,5.4283934,-13.904356,-32.207302,-13.309234,-10.924847,-10.427936,-10.041526,-9.74305,21.901096,21.9011,-0.65666366,13.439849,12.549721,21.51584,-9.307515,-7.728168,21.394041,12.572252,10.673146,5.4452505,13.823705,11.730495,7.317776,12.701395,12.091351,15.785499,5.2315006,-0.09182991,4.005037,14.461438,22.423256,13.009135
42,-2.4901211,1.0279975,1.9676485,4.9633126,12.926276,5.2262287,12.92628,9.06694,14.643568,17.713362,11.233869,17.028507,14.643571,21.388153,1.4387648,1.4354141,1.4354144,-11.012968,-9.324531,16.32489,12.722707,12.722707,8.094218,9.329286,7.389204,3.64886,4.8723006,-23.133795,-4.6760244,-4.8302827,-11.014041,1.4756924,1.1187582,-8.071723,0.43627495,-1.3624399,-5.311839,0.17508498,6.5227375,0.34311566,0.052545276,2.1833546,3.6809855,0.59052145,-2.468045,6.8891034,-5.2075377,12.489192,-7.7473435,-0.43383333,9.66426,-0.88840353,0.4254468,0.4254396,10.608579,12.867797,-8.041137,-4.105215,-2.3159845,0.25838968,11.9632845,-8.041135,-4.105209,-2.3159819,11.963283,5.987279,-1.3653443,18.134302,-15.707445,-6.6939487,-2.0649369,4.14663,18.714987,13.005202,16.31295,17.105219,18.869595,18.576693,21.341705,21.341703,21.441496,5.3267612,17.74349,1.566774,1.5667708,13.089654,6.3990426,36.72449,39.00879,2.3879344,35.145702,35.145702,-3.1530344,6.405564,6.405563,0.9920657,-13.495112,17.098003,17.098003,17.098003,17.098003,9.439031,7.077572,10.361632,10.712083,20.492582,15.994445,3.8143458,-18.58387,-10.538054,13.032441,14.43077,-21.729836,-12.218685,-14.11885,-16.977146,11.313889,13.068141,18.628551,-7.111314,14.53865,15.016281,10.361634,-1.7598004,2.9468048,8.204021,22.071833,14.166202,8.8027315,10.44144,12.456851,13.907292,-7.2369823,-6.3473063,10.776794,-2.4501226,0.83110934,-1.9106498,8.236396,10.910335,2.7372024,-1.1809082,1.9342446,-3.9830492,13.115787,11.596353,2.6305606,10.847434,-11.271962,19.103762,19.103762,19.103762,19.655659,19.411446,15.600532,7.1401978,18.062387,11.945645,-2.6851315,3.031802,7.377452,14.609496,9.066942,12.62105,5.6908994,12.942887,19.01144,19.011436,-1.4668963,-21.17457,-39.314087,-20.565468,-18.07602,-17.529934,-17.098629,-16.761944,21.840174,21.840176,-9.144927,12.557023,11.290832,21.44728,-16.283756,-14.571093,21.293566,11.12366,7.9453263,-1.3983018,12.969243,9.991536,1.9869423,11.255862,10.437628,15.164992,-1.7219748,-8.830138,-3.6357093,13.749761,22.340717,11.919834
43,-0.80877584,2.7552345,3.7123263,6.746168,16.778751,7.0608916,16.778755,11.163247,19.828041,25.044926,13.974555,23.922722,19.828045,29.988192,3.2662494,3.262879,3.262879,-11.832635,-8.710275,22.812218,16.379156,16.379158,10.020747,11.43613,9.253617,5.4378414,6.648491,-29.727808,-3.0287392,-3.2168837,-11.948367,3.271033,2.9164495,-7.011986,2.2087088,0.38566166,-3.708455,1.938099,8.370795,2.11327,1.8238779,3.956005,5.462059,2.353473,-0.7535641,8.74838,-3.5927532,16.034616,-6.5200424,1.3331661,11.868663,0.88080233,2.23328,2.2332706,13.086848,16.6842,-6.8745475,-2.4250817,-0.55694675,2.0696204,15.119692,-6.8745418,-2.4250782,-0.55694455,15.119691,7.8518467,0.41411644,25.647152,-20.87737,-5.3020067,-0.36162376,5.910725,26.50181,16.957064,22.781355,24.10103,26.708494,26.294794,29.932083,29.93208,30.043617,7.1729,24.989483,3.3614395,3.3614414,17.1416,8.262423,46.932137,49.28891,4.1729546,45.290115,45.290115,-1.4644003,8.25575,8.255748,2.744837,-17.18553,24.104305,24.104303,24.104305,24.104305,11.57854,8.957354,12.7498045,13.2235775,28.813076,22.022573,5.6019573,-24.592735,-10.96184,16.95574,19.31716,-28.195393,-14.554467,-18.316856,-22.620876,14.133819,17.04255,26.390528,-5.746034,19.727894,20.585941,12.749806,0.0047678314,4.7446375,10.179889,30.805378,18.990639,10.861159,12.85489,16.019724,18.524443,-5.890108,-4.871992,13.318208,-0.7240066,2.6350386,-0.17139375,10.214795,13.497088,4.5528,0.57289827,3.6989987,-2.3221788,17.122179,14.540378,4.410983,13.423574,-12.506168,27.04559,27.045586,27.04559,27.800594,27.458652,21.367176,8.967854,25.58276,15.131428,-1.0081352,4.776292,9.277628,19.770557,11.163247,16.253006,7.569537,16.758945,26.876154,26.876154,0.31457472,-27.581036,-46.225407,-26.90109,-23.998163,-23.331585,-22.791256,-22.352535,30.527502,30.5275,-8.658396,16.19574,14.063451,30.059162,-21.676575,-19.034359,29.859394,13.786229,9.916318,0.37387288,16.851555,12.276191,3.7333746,13.974032,12.862924,20.638184,0.040636774,-8.024925,-1.9370898,18.253647,31.100014,15.06762
44,-0.94199955,0.065172344,0.3897065,1.4438123,5.0855885,1.5802882,5.08559,3.0493586,6.238939,8.451807,4.081371,7.9564238,6.2389402,11.316301,0.30045557,0.29938713,0.29938745,-1.9257364,-1.8003237,7.445322,4.9699664,4.969968,2.5728226,3.0835822,2.296984,0.9885279,1.3765019,-5.2921267,-1.3219292,-1.3610291,-1.9256243,0.26071355,0.1443585,-1.705019,-0.09667978,-0.64039296,-1.4245162,-0.19425699,2.009569,-0.13591328,-0.22102362,0.46195656,0.9822694,-0.06549232,-0.92240536,2.1382236,-1.4097002,4.8032684,-1.6806339,-0.37239486,3.286001,-0.49853206,-0.05103479,-0.05103733,3.7340138,5.044039,-1.700764,-1.2347112,-0.8380107,-0.10434121,4.497151,-1.7007635,-1.2347101,-0.8380098,4.4971504,1.8763716,-0.6021389,8.768867,-2.4849596,-1.5913478,-0.83049595,1.1496887,9.190261,5.126559,7.443166,8.007152,9.324688,9.102746,11.278684,11.278682,11.356055,1.6308389,8.485997,0.28806835,0.28806838,5.171486,1.996659,24.930258,27.129116,0.5534694,23.420708,23.420708,-1.0636928,1.992297,1.992297,0.08081655,-2.1641262,7.998824,7.998824,7.998825,7.9988246,3.1585102,2.2377632,3.6270308,3.803635,10.594922,7.230964,1.0563198,-3.0873024,-1.8897878,5.159166,6.1044016,-4.354164,-2.0333188,-2.244385,-2.7227883,4.0753245,5.1734548,9.131043,-1.6267396,6.1639185,6.5019503,3.6270316,-0.71316665,0.7589288,2.6853695,11.868963,5.9000144,2.924651,3.6265461,4.776183,5.722316,-1.6352739,-1.5533099,3.8261526,-0.9031389,0.06612241,-0.7725848,2.7001007,3.9497418,0.7142027,-0.5828974,0.3876211,-1.2198524,5.1998487,4.279363,0.6371771,3.860278,-1.9475025,9.499811,9.499809,9.49981,9.930045,9.740174,6.940075,2.1872299,8.698678,4.4737577,-0.9814613,0.74636334,2.348888,6.2148504,3.0493581,4.894675,1.7991531,5.1053724,9.432027,9.432025,-0.62594163,-4.030056,-20.372192,-3.7351189,-2.9571476,-2.832948,-2.7427092,-2.6751988,11.683402,11.683402,-1.791993,4.8403172,4.105076,11.364117,-2.5841918,-2.3061717,11.240176,4.0786695,2.610568,-0.619716,5.116018,3.449907,0.38121524,4.162816,3.707836,6.619216,-0.7071279,-1.7644479,-1.1415892,5.6140804,12.082282,4.4613247
45,2.6822655,5.176936,5.841067,7.780775,13.222788,8.055356,13.222791,10.383247,14.721549,17.378265,11.865614,16.811092,14.721552,20.857597,5.7063704,5.7041698,5.7041683,-5.1406593,-2.8164432,16.161575,13.085099,13.085099,9.6403265,10.400702,9.214113,6.9953346,7.675949,-17.22831,1.2265446,1.005926,-5.2748117,5.632469,5.399683,-1.7442728,4.873274,3.5950203,0.68722737,4.6659174,8.774724,4.7957897,4.6086717,6.0211134,6.9909086,4.942807,2.785991,8.98341,0.7777345,12.847628,-1.3440149,4.270061,10.739228,3.9724717,4.980937,4.980931,11.379188,13.171748,-1.548934,1.6563747,3.0512545,4.8735123,12.44868,-1.5489312,1.656377,3.0512557,12.448679,8.564283,3.685771,17.77409,-10.111331,-0.5564679,3.031349,7.2530446,18.304676,13.263873,16.156483,16.838495,18.45457,18.180878,20.812508,20.812508,20.919798,8.145688,17.464474,5.674609,5.67461,13.313067,8.75873,36.222195,38.5298,6.1866894,34.622513,34.622513,2.2746313,8.735169,8.735169,5.217929,-8.2004,16.82246,16.82246,16.82246,16.82246,10.53602,9.140097,11.220801,11.4713125,20.056618,15.992293,7.1069345,-12.727807,-4.538036,13.31932,14.597001,-15.817713,-6.9602966,-8.741437,-11.249743,11.826275,13.331763,18.21574,-0.8174796,14.575543,14.992502,11.220801,3.3887284,6.58772,9.83469,21.522213,14.292451,10.205352,11.194993,12.779822,14.060644,-0.90309125,-0.20355164,11.499121,2.8227909,5.21738,3.2054703,9.857233,11.702008,6.5053797,3.7173219,5.8528333,1.6811036,13.377156,12.135734,6.3414335,11.56179,-5.6812487,18.665112,18.665112,18.665112,19.191914,18.963596,15.630738,9.019296,17.68322,12.372561,2.5498726,6.519954,9.311286,14.687895,10.383245,12.958526,8.450385,13.268228,18.606764,18.606762,3.623306,-15.262323,-33.56266,-14.6603,-12.258252,-11.755153,-11.362561,-11.058213,21.299147,21.299149,-2.9743426,12.863828,11.88778,20.915215,-10.6154,-9.117658,20.784096,11.884835,9.741901,3.6505911,13.25976,10.976914,5.8407745,12.017358,11.360423,15.238263,3.4096677,-2.4038627,2.025888,13.9186945,21.805014,12.386331
46,2.193406,3.3396013,3.6681716,4.6291137,7.978451,4.7949905,7.978452,6.1150136,9.068135,11.108424,7.069578,10.69012,9.068137,14.017663,3.672168,3.6711872,3.671188,-0.9632578,-0.1160164,10.1673975,7.9007835,7.9007835,5.6282105,6.0848026,5.380406,4.237103,4.547432,-3.9623296,1.6081808,1.4734812,-1.0227112,3.5909894,3.4835746,0.25362104,3.221897,2.6256785,1.348357,3.1115263,5.1589046,3.1779237,3.0965028,3.7510366,4.2203684,3.2379692,2.261555,5.2695036,1.3914626,7.718502,0.45189565,2.9356465,6.3299637,2.8066018,3.313516,3.3135138,6.739319,7.942977,0.38847274,1.7985935,2.4393928,3.26321,7.462317,0.38847345,1.7985951,2.4393935,7.4623156,5.078711,2.7121696,11.431898,-1.4123073,0.7629894,2.3627818,4.358332,11.863173,7.9964657,10.175665,10.69074,11.989818,11.763293,13.978894,13.978891,14.089885,4.852309,11.224625,3.6135633,3.6135619,8.017874,5.16525,28.15912,30.421635,3.8508613,26.609264,26.60926,2.0544865,5.150035,5.150034,3.380285,-1.2906687,10.672488,10.672486,10.672488,10.672486,6.1863966,5.3770475,6.650477,6.8134823,13.398885,10.094846,4.3013277,-1.7124997,-0.7960278,8.050234,9.013837,-2.9476597,-1.232392,-1.3220532,-1.5113647,7.0095043,8.0501585,11.7854805,0.67395985,8.935479,9.251277,6.6504774,2.5726407,4.053256,5.7776327,14.590674,8.742865,6.0020366,6.6062613,7.6563272,8.573665,0.6448381,0.9361298,6.818658,2.2992308,3.41654,2.4644907,5.790781,6.9838643,4.033838,2.6919014,3.6786778,1.7899827,8.083794,7.2490425,3.9250805,6.860586,-1.1022787,12.158664,12.158664,12.158663,12.601115,12.41371,9.8089285,5.2603254,11.338772,7.3856,2.140954,3.990074,5.463629,9.037634,6.115012,7.7914,5.036001,8.032061,12.130218,12.130216,2.6857615,-2.6068063,-19.925215,-2.3001802,-1.6274819,-1.5613186,-1.5204974,-1.4925419,14.401024,14.401025,-0.27122852,7.7146807,7.08183,14.067311,-1.4529098,-1.3428868,13.982065,7.1252136,5.742941,2.68106,8.002497,6.491555,3.657077,7.216696,6.759953,9.493051,2.5746872,0.013726968,1.9732529,8.468062,14.877884,7.4089713
47,7.31434,10.472561,11.241368,13.420182,18.950462,13.62526,18.950464,16.070875,20.449091,23.220718,17.564774,22.59039,20.449095,26.634937,10.839,10.836226,10.836226,-3.388717,-0.27154619,21.961483,18.779524,18.779526,15.400659,16.184843,14.960471,12.516667,13.347865,-22.839,5.1903725,5.0374327,-3.4768248,10.857745,10.5609255,1.4622718,9.979587,8.36896,4.5433273,9.753048,14.444871,9.896323,9.644201,11.414018,12.534799,10.108058,7.32416,14.671012,4.6478515,18.57366,1.8833435,9.21194,16.445013,8.80238,9.973933,9.973926,17.095314,18.898722,1.5265186,5.736912,7.4664245,9.829378,18.146759,1.5265195,5.7369146,7.466428,18.146757,14.137366,8.368069,23.598312,-12.979596,3.1061928,7.718671,12.861226,24.135685,19.017277,21.951382,22.665607,24.280624,24.008518,26.591927,26.591923,26.66946,13.700768,23.23106,10.930711,10.930711,19.087505,14.384793,40.683907,42.789494,11.5790415,39.232597,39.232597,6.6689615,14.382782,14.382781,10.450101,-8.944826,22.66153,22.66153,22.661531,22.66153,16.27416,14.8038645,16.929253,17.177626,25.743345,21.651865,12.638335,-17.093157,-2.485494,19.040005,20.262394,-21.108688,-6.1454544,-10.213353,-14.94205,17.599995,19.072878,24.061821,2.6383018,20.354301,20.783497,16.929256,7.9979,12.010236,15.517088,27.267244,20.023472,15.893648,16.954245,18.54155,19.796051,2.4970274,3.4771528,17.219692,7.3468084,10.317216,7.860833,15.538089,17.350368,11.855221,8.542165,11.219352,5.867859,19.111786,17.846428,11.757521,17.268185,-4.031561,24.502829,24.502827,24.502829,25.017757,24.786934,21.302338,14.791944,23.54454,18.123846,7.127925,12.050782,14.99065,20.422955,16.070875,18.69196,13.963065,18.966738,24.398235,24.398235,8.275267,-20.408438,-40.351295,-19.642872,-16.430721,-15.702013,-15.110823,-14.6260805,27.051403,27.051405,-0.111085,18.626831,17.598537,26.689342,-13.872155,-10.997273,26.525805,17.521614,15.374965,8.337705,18.991331,16.672447,11.248103,17.624907,17.011272,20.910076,8.029196,0.42966637,6.1867895,19.657784,27.482632,18.104725
48,5.050809,8.468921,9.374869,12.199845,20.781105,12.491082,20.78111,16.23509,22.883816,26.343233,18.638845,25.622215,22.88382,30.312618,8.959799,8.956656,8.956656,-5.706966,-2.57652,24.84296,20.519236,20.519238,15.197761,16.447159,14.499769,10.97582,12.092012,-25.43639,2.9239624,2.7276886,-5.842789,8.956372,8.619535,-0.9398189,7.943451,6.1982303,2.2488215,7.681328,13.6986885,7.84716,7.5740805,9.591727,10.999222,8.076031,5.100017,14.045347,2.3609898,20.237713,-0.4764861,7.104884,16.850916,6.675732,7.9783063,7.9782987,17.895844,20.715002,-0.8066144,3.4954174,5.3091316,7.8216333,19.556509,-0.80661106,3.4954221,5.3091354,19.556509,13.232549,6.2320957,26.800749,-15.952574,0.7100006,5.486985,11.423296,27.434505,20.88972,24.829947,25.692183,27.601288,27.282242,30.263409,30.263407,30.37574,12.600181,26.39151,9.033791,9.03379,21.000717,13.601757,46.321087,48.656357,9.795384,44.697487,44.697487,4.419662,13.596683,13.596683,8.460215,-11.404163,25.68125,25.68125,25.681252,25.681252,16.587887,14.246627,17.616335,18.019316,29.381416,24.471203,11.136432,-20.23391,-4.8326063,20.91439,22.619387,-23.91922,-8.552316,-12.75376,-18.082806,18.731003,20.962217,27.33661,0.27460456,22.762863,23.335962,17.616337,5.838727,10.33673,15.3585005,31.035288,22.313742,15.962285,17.6788,20.19726,21.9937,0.13973922,1.1240816,18.088951,5.1335154,8.351129,5.662549,15.3922205,18.26787,10.164689,6.3759527,9.35578,3.5983121,21.024569,19.09187,10.021461,18.178074,-6.420779,27.85379,27.85379,27.853792,28.455532,28.191124,24.015001,14.235561,26.719688,19.534618,4.86199,10.367568,14.531932,22.84393,16.235088,20.396877,12.983413,20.796082,27.76151,27.761507,6.137989,-23.30133,-41.833416,-22.623787,-19.595074,-18.870094,-18.261257,-17.75898,30.791592,30.791592,-2.551655,20.326477,18.70685,30.375225,-16.916874,-13.593192,30.223433,18.52689,15.133685,6.1973267,20.834908,17.205662,9.381923,18.689117,17.727547,23.49932,5.870941,-1.9195671,3.9734561,21.805094,31.329996,19.500168
49,-0.35769162,2.7664075,3.5972,6.020442,11.473517,6.266426,11.473519,8.743536,12.9432955,15.600096,10.164662,15.020238,12.943296,18.994202,3.2307158,3.2278593,3.2278583,-7.5971065,-6.1630716,14.389077,11.327909,11.327909,8.05559,8.801287,7.627306,5.020261,5.9202414,-19.166744,-2.239642,-2.4139793,-7.6088066,3.2097864,2.899086,-5.161383,2.2861953,0.68731797,-2.8300111,2.0406554,7.125407,2.192168,1.9454598,3.7803411,5.027976,2.3994873,-0.31078586,7.3579264,-2.733866,11.111342,-4.888374,1.5150104,9.091922,1.1234697,2.3262236,2.326215,9.703221,11.425222,-5.109471,-1.7444713,-0.11473593,2.1780407,10.718816,-5.1094685,-1.7444685,-0.11473507,10.718815,6.828086,0.7223369,15.980175,-11.853486,-4.052417,0.039427187,5.3985114,16.502083,11.524245,14.384255,15.066855,16.648682,16.380444,18.950771,18.950768,19.047235,6.3557105,15.649445,3.2841895,3.28419,11.581279,7.0799236,33.973206,36.265175,3.9801033,32.390064,32.390064,-0.9233633,7.071359,7.071357,2.761628,-9.79005,15.055694,15.055692,15.055694,15.055693,8.911988,7.511348,9.550864,9.787879,18.17897,14.157925,5.1651077,-14.614709,-7.2013235,11.564709,12.795583,-17.746433,-8.654234,-10.367197,-13.068077,10.155784,11.584115,16.423418,-4.3787136,12.818486,13.235043,9.550864,0.35861772,4.4665775,8.21264,19.633348,12.525029,8.574849,9.5458145,11.060059,12.297243,-4.477298,-3.7486012,9.822279,-0.28434628,2.6660736,0.19720845,8.234919,9.98593,4.320161,0.8514446,3.5774667,-1.6590197,11.628148,10.424972,4.184508,9.876203,-7.8297567,16.860828,16.860828,16.860828,17.375309,17.14865,13.809831,7.4471564,15.905755,10.665462,-0.52658176,4.487384,7.694606,12.91278,8.743534,11.218759,6.6610355,11.507422,16.78405,16.78405,0.63337886,-17.18651,-35.47386,-16.581156,-14.12106,-13.595012,-13.182357,-12.858663,19.418213,19.418217,-6.0639086,11.141657,10.190905,19.049522,-12.396227,-10.780036,18.91241,10.156013,8.102847,0.6886544,11.511079,9.317369,3.597572,10.274573,9.661836,13.42666,0.38713306,-5.7778387,-1.3161643,12.16146,19.892584,10.67025
50,2.4145827,5.0641756,5.784441,7.9019833,13.802458,8.200846,13.802462,10.798263,15.340843,18.060297,12.388959,17.494587,15.340846,21.582962,5.639736,5.6373963,5.637398,-5.6284447,-3.295709,16.827179,13.65964,13.659642,9.990454,10.829585,9.516316,7.0490932,7.7871337,-17.646397,0.9022356,0.68232214,-5.75758,5.553748,5.305999,-2.182008,4.7413883,3.3756418,0.34694725,4.5166693,9.013843,4.658109,4.456038,5.978532,7.0419602,4.816851,2.5300987,9.249251,0.44097018,13.419336,-1.7661973,4.0941463,11.190764,3.7771146,4.858227,4.858221,11.87629,13.752007,-1.9797053,1.3571599,2.8072417,4.74564,13.002228,-1.9797037,1.357163,2.8072457,13.002226,8.760556,3.4754283,18.464577,-10.551387,-0.937643,2.7761137,7.32849,19.003384,13.847136,16.822752,17.51728,19.154362,18.87717,21.537548,21.537546,21.650616,8.298522,18.161058,5.611702,5.611701,13.898047,8.9848385,37.029854,39.34126,6.1635528,35.426804,35.4268,2.0037973,8.959675,8.959673,5.1075516,-8.640235,17.499523,17.499523,17.499523,17.499523,10.971987,9.4217825,11.709571,11.975324,20.792353,16.653973,7.169139,-13.178203,-5.0262003,13.904,15.213939,-16.248875,-7.383947,-9.176036,-11.69113,12.355739,13.915868,18.911678,-1.2155036,15.189149,15.623893,11.709571,3.1607316,6.597998,10.190013,22.250494,14.897737,10.608638,11.686042,13.348122,14.6609125,-1.3060203,-0.57653385,12.003537,2.5688121,5.1215076,2.9641535,10.2135315,12.210891,6.5057573,3.506175,5.797469,1.386289,13.962918,12.67873,6.330079,12.07031,-6.163995,19.365253,19.365253,19.365253,19.898754,19.668808,16.280737,9.300662,18.368244,12.922502,2.2807722,6.5248213,9.610383,15.305267,10.798263,13.5275545,8.627225,13.851031,19.313274,19.313274,3.4084451,-15.698147,-33.87531,-15.102564,-12.70552,-12.19913,-11.805825,-11.500947,22.027302,22.027302,-3.4444773,13.436099,12.4176855,21.641014,-11.059803,-9.557036,21.516258,12.405131,10.085292,3.4328675,13.838544,11.448616,5.7833805,12.544308,11.853463,15.873712,3.1830678,-2.861197,1.742882,14.516779,22.545025,12.939078
51,-0.68064356,-0.64353544,-0.61873347,-0.40656352,1.8722315,-0.3668862,1.8722323,0.40528393,2.7974246,4.5978193,1.1203172,4.2017255,2.797426,7.176939,-0.63801646,-0.6381091,-0.6381091,-0.73045003,-0.72073555,3.7588139,1.794625,1.7946249,0.10427326,0.41887626,-0.050498758,-0.5307715,-0.431045,-4.126003,-0.69967127,-0.6974226,-0.7284095,-0.638258,-0.64720714,-0.7099923,-0.6575565,-0.6760732,-0.7024977,-0.66049516,-0.19296388,-0.6589482,-0.66275585,-0.6159474,-0.53170997,-0.65476996,-0.68486404,-0.13188392,-0.70253545,1.6500449,-0.7117841,-0.6681491,0.560993,-0.6734118,-0.66007686,-0.66007704,0.8634245,1.8349323,-0.7137634,-0.6992445,-0.68832463,-0.66312265,1.4272659,-0.71376336,-0.6992445,-0.68832463,1.4272649,-0.249717,-0.6789789,4.877553,-0.82428133,-0.7029519,-0.67827475,-0.48943245,5.2509675,1.893258,3.7623813,4.2259197,5.3736286,5.1727805,7.1425467,7.1425443,7.2212315,-0.3481866,4.655563,-0.6357323,-0.6357323,1.921363,-0.19645162,20.430405,22.666777,-0.60696715,18.902931,18.902931,-0.6896424,-0.2002866,-0.2002873,-0.64549494,-0.7510666,4.215069,4.2150693,4.21507,4.215069,0.47509483,-0.075625196,0.7958972,0.9225132,6.569083,3.6420047,-0.51282084,-1.1484497,-0.7259192,1.9292705,2.7273166,-2.9654489,-0.7363864,-0.7667156,-0.89985085,1.1018162,1.9387941,5.1962934,-0.707785,2.7069244,2.9788513,0.79589796,-0.68208826,-0.5767652,0.17615229,7.6857243,2.5222142,0.32656124,0.7824343,1.6177456,2.3812912,-0.7083875,-0.7032324,0.9318097,-0.68595207,-0.6532942,-0.6808375,0.18299723,1.029839,-0.5852283,-0.67437136,-0.6230931,-0.69518673,1.9599582,1.2649016,-0.59324265,0.95935804,-0.73038816,5.531039,5.531039,5.5310397,5.9251976,5.754757,3.4052188,-0.110799074,4.807097,1.3974965,-0.6823089,-0.57210886,-0.019640442,2.7770824,0.40528286,1.7189325,-0.27799278,1.9048082,5.4766717,5.476671,-0.6803494,-2.546192,-20.057518,-2.1144388,-1.0337001,-0.95166695,-0.9062552,-0.8794285,7.5146227,7.5146236,-0.7136533,1.6648917,1.127187,7.220663,-0.8536681,-0.78283745,7.1201725,1.1381768,0.14007951,-0.6789495,1.8949285,0.6719382,-0.6203965,1.1988927,0.8572563,3.1345975,-0.6810483,-0.71591103,-0.6954451,2.2897809,7.896655,1.3990867
52,5.752206,7.301328,7.7340946,8.939618,13.135758,9.162259,13.135759,10.820245,14.495706,17.034294,11.999734,16.507084,14.4957075,20.537144,7.762528,7.7612615,7.7612624,-0.24340191,1.8631817,15.852223,13.03729,13.03729,10.196582,10.767598,9.885185,8.4630165,8.831927,-13.293193,4.909526,4.713549,-0.40371752,7.655961,7.5161333,2.678214,7.1613636,6.360507,4.5196576,7.011798,9.617083,7.101151,6.99323,7.851093,8.447442,7.1801467,5.863006,9.755389,4.585022,12.807237,3.0213885,6.7822866,11.090011,6.6118145,7.2912235,7.291221,11.593475,13.091716,2.8848035,5.2007494,6.118701,7.228774,12.492063,2.884803,5.2007523,6.1187034,12.492062,9.52436,6.479697,17.436325,-6.202029,3.5860772,5.987952,8.605063,17.964785,13.158163,15.853604,16.51044,18.116005,17.841682,20.49192,20.491919,20.608017,9.237819,17.162802,7.6715508,7.6715484,13.1865835,9.630199,35.97166,38.285564,7.9715114,34.367966,34.367966,5.55583,9.601817,9.601817,7.363242,-4.1074743,16.488651,16.488651,16.488651,16.488651,10.903961,9.890856,11.47913,11.680648,19.771795,15.756272,8.545624,-8.782273,0.30250928,13.224561,14.4213505,-11.878688,-2.311721,-4.772044,-7.320136,11.916711,13.226062,17.87087,3.4172113,14.327281,14.719018,11.479131,6.2924333,8.235791,10.395788,21.203846,14.092652,10.680766,11.413135,12.720149,13.8818245,3.3586605,3.865206,11.688336,5.9103417,7.421496,6.13787,10.413302,11.90315,8.223765,6.4439187,7.7523947,5.185797,13.267047,12.220769,8.071773,11.745515,-0.8198253,18.324707,18.324707,18.324709,18.860302,18.630844,15.401616,9.723954,17.330746,12.384694,5.679695,8.143093,10.000154,14.459685,10.820243,12.898122,9.483308,13.197572,18.2799,18.279896,6.4486275,-11.318889,-29.74688,-10.712466,-8.31392,-7.814871,-7.428076,-7.1289554,20.981834,20.981836,1.6427528,12.794302,12.010753,20.595049,-6.6925635,-5.1613293,20.477398,12.071624,10.36004,6.445657,13.164907,11.287966,7.71737,12.198383,11.628344,15.018922,6.294557,2.1752214,5.4563303,13.750294,21.503555,12.422787
53,-1.3817254,1.2421348,1.9743989,4.233223,9.7421465,4.495016,9.742151,7.056081,11.161004,13.780058,8.4708605,13.220059,11.161006,17.210659,1.6974428,1.6949104,1.6949089,-6.68252,-5.644681,12.5834,9.612396,9.612398,6.3215637,7.099334,5.863009,3.285304,4.129264,-17.554047,-2.857951,-3.0159068,-6.6812887,1.6683859,1.4020443,-4.957488,0.84999883,-0.50560546,-3.31987,0.63585997,5.340349,0.773607,0.5602591,2.1610467,3.2925365,0.9481896,-1.3218062,5.579857,-3.244448,9.393323,-4.7800894,0.19501498,7.411786,-0.13202138,0.9078486,0.90784097,8.016004,9.693547,-4.9313602,-2.463932,-1.1229594,0.7877208,9.019829,-4.931359,-2.463929,-1.1229584,9.019828,5.0559783,-0.44909778,14.167371,-10.400367,-4.2285414,-1.0470387,3.6224434,14.690545,9.780656,12.576861,13.250263,14.838434,14.568585,17.166235,17.166233,17.271591,4.588278,13.857297,1.7262073,1.7262052,9.827612,5.2934327,32.48254,34.782135,2.3333976,30.889715,30.889715,-1.822987,5.2805204,5.2805195,1.2465686,-8.53264,13.235252,13.23525,13.235253,13.235252,7.2237935,5.7442303,7.872821,8.106525,16.414537,12.395732,3.4168377,-13.038438,-6.3676662,9.831633,11.035493,-16.137764,-7.5451384,-9.043,-11.542769,8.439937,9.843534,14.604474,-4.4442935,11.0230055,11.431977,7.8728228,-0.74673605,2.7821143,6.4883833,17.865627,10.750513,6.879193,7.850914,9.3310795,10.529919,-4.507967,-4.0086217,8.130529,-1.295224,1.1919003,-0.9049728,6.511334,8.315146,2.6563752,-0.37599123,1.9699762,-2.4099896,9.88882,8.729176,2.5181267,8.190445,-6.856886,15.047852,15.047852,15.047852,15.567615,15.34175,12.042304,5.6633463,14.080924,8.950758,-1.5205915,2.7726083,5.9319315,11.127934,7.05608,9.494958,4.906725,9.786,14.985116,14.985114,-0.5167233,-15.580944,-33.84841,-14.976732,-12.559646,-12.050311,-11.654352,-11.347717,17.645702,17.645702,-5.542574,9.408814,8.493632,17.26741,-10.911373,-9.422981,17.13726,8.487378,6.3768454,-0.4783969,9.776159,7.641489,1.9799342,8.609342,7.997188,11.6578665,-0.7194259,-5.3705697,-2.1163988,10.395856,18.144281,8.965272
54,-2.0159793,1.3234103,2.2049096,4.8751526,10.443027,5.066435,10.44303,7.688143,11.869161,14.56762,9.120298,13.945773,11.869163,17.900517,1.6360795,1.632879,1.6328766,-9.134716,-7.610311,13.340314,10.271161,10.271161,7.050821,7.8172693,6.5990753,3.7388518,4.801857,-21.89952,-4.0099564,-4.1036754,-9.130149,1.7039517,1.3591915,-6.570424,0.73463,-0.9768404,-4.5263023,0.49065444,6.018688,0.6446671,0.3651713,2.392345,3.775658,0.8882234,-2.027751,6.270237,-4.4458323,10.086036,-6.3583174,-0.09941211,8.048331,-0.53905547,0.68736887,0.68736345,8.669753,10.391896,-6.5930963,-3.5458226,-1.9322892,0.5230567,9.670461,-6.593095,-3.5458176,-1.9322873,9.670459,5.6490307,-1.0097971,14.93258,-14.08076,-5.5442705,-1.6244476,4.195786,15.449321,10.509717,13.326643,14.03003,15.592093,15.328069,17.857773,17.857769,17.930607,5.1455417,14.559459,1.7859983,1.7859991,10.58333,5.9389577,32.23717,34.42459,2.5735438,30.73594,30.735939,-2.6683362,5.949415,5.949414,1.2725128,-11.69835,14.027048,14.027047,14.027049,14.027049,7.896141,6.406684,8.507204,8.747454,17.00428,13.007919,3.8897035,-17.1466,-8.676215,10.532673,11.662459,-20.441326,-10.350268,-12.372851,-15.447372,9.167307,10.56037,15.379851,-5.8836546,11.798603,12.209159,8.507205,-1.3860855,3.0876067,7.1451616,18.527306,11.462541,7.514818,8.547212,10.070525,11.245133,-5.979309,-5.315305,8.791364,-2.0224454,1.071356,-1.5057365,7.1674776,8.903016,2.8766534,-0.80556166,2.158837,-3.412397,10.592967,9.3882265,2.8025587,8.835698,-9.380839,15.80972,15.809721,15.809721,16.311287,16.08398,12.668023,6.4362893,14.877223,9.667536,-2.2009723,3.2035644,6.611461,11.84315,7.688142,10.198118,5.4226294,10.442971,15.703355,15.703353,-1.1113681,-19.858986,-38.274353,-19.224548,-16.61354,-16.034904,-15.575686,-15.215435,18.311918,18.311918,-7.421261,10.15302,9.160125,17.954536,-14.700613,-12.864367,17.786884,9.054244,6.990279,-1.0370221,10.479941,8.262265,2.2185743,9.149488,8.576806,12.298142,-1.3494946,-7.1959195,-3.1483028,11.114507,18.73119,9.6367855
55,11.321716,13.799134,14.43427,16.26885,21.541199,16.502638,21.541199,18.749493,23.042545,25.720547,20.179434,25.143335,23.042545,29.116993,14.248392,14.246287,14.246288,2.3483262,5.1556873,24.50518,21.393103,21.393105,18.054037,18.789368,17.642584,15.510226,16.169079,-18.23943,9.730993,9.538282,2.2032335,14.18842,13.957173,6.509638,13.461891,12.194577,9.171333,13.260329,17.20004,13.383807,13.1964445,14.580735,15.503934,13.535088,11.380708,17.403074,9.262982,21.16027,6.9216084,12.855832,19.087889,12.55391,13.536249,13.5362425,19.70766,21.486042,6.6613836,10.175363,11.600773,13.425547,20.753332,6.6613865,10.1753645,11.600776,20.75333,16.97842,12.269138,26.104359,-7.7332873,7.8877773,11.661507,15.775839,26.624615,21.590712,24.500889,25.183502,26.773209,26.505077,29.073147,29.073143,29.167269,16.583027,25.781775,14.244696,14.244695,21.645632,17.176527,43.64846,45.852787,14.747003,42.122852,42.122852,10.874757,17.161669,17.161669,13.824216,-3.075918,25.171072,25.17107,25.171072,25.17107,18.903164,17.552486,19.554821,19.796543,28.299929,24.288643,15.6227255,-12.736356,3.1184947,21.634708,22.899607,-16.603947,-0.33276173,-4.3996735,-10.235692,20.164516,21.65596,26.54393,7.543891,22.914614,23.336662,19.554821,11.975417,15.120673,18.223576,29.762295,22.610828,18.576511,19.544418,21.108923,22.38292,7.4362493,8.239149,19.830338,11.427413,13.792059,11.821045,18.246332,20.005383,15.032439,12.340243,14.432528,10.243888,21.694447,20.447557,14.895631,19.88187,1.6797969,26.982536,26.982533,26.982536,27.494854,27.270588,23.935024,17.467945,26.02554,20.702135,11.186053,15.085367,17.722162,23.012684,18.749493,21.281532,16.858475,21.573105,26.90987,26.90987,12.2024355,-15.939676,-35.6135,-15.213143,-12.011235,-11.159792,-10.436624,-9.831454,29.545782,29.545782,5.098392,21.194017,20.205921,29.172874,-8.814734,-5.2105775,29.032032,20.183584,18.11985,12.2290325,21.582787,19.31564,14.425605,20.30088,19.672585,23.538261,11.989106,5.688907,10.557895,22.242132,30.020939,20.70053
56,3.3383272,5.190093,5.671466,7.0323124,11.524596,7.2715893,11.524598,9.0126095,12.959241,15.627702,10.287869,15.066451,12.959243,19.15253,5.668363,5.666889,5.666891,-2.9775918,-1.0001256,14.40254,11.4096365,11.409638,8.377864,8.975393,8.053893,6.504217,6.929664,-14.248375,2.3017917,2.1016276,-3.1056256,5.5644627,5.4052463,-0.12653048,5.0125356,4.0663366,1.8736529,4.8470907,7.764132,4.9493628,4.816087,5.807099,6.4886804,5.0468626,3.4519107,7.9107194,1.9460375,11.173648,0.23544277,4.5674024,9.293675,4.355935,5.1318808,5.131876,9.840323,11.47479,0.07899216,2.6385381,3.7080133,5.059241,10.822989,0.07899323,2.638541,3.7080142,10.822989,7.6516323,4.1808376,16.03551,-7.2437954,0.8499193,3.6144707,6.66172,16.574427,11.55511,14.401197,15.083899,16.728203,16.449932,19.107224,19.10722,19.221916,7.3442345,15.731406,5.60236,5.602359,11.595284,7.773659,34.58431,36.890106,5.9488926,32.98347,32.98347,3.078719,7.747589,7.747589,5.247197,-5.5036726,15.065078,15.065076,15.065078,15.065078,9.102977,8.044085,9.708898,9.928612,18.374561,14.249764,6.5888624,-9.780866,-2.4840524,11.617244,12.854697,-12.844571,-4.483135,-5.976748,-8.332925,10.22115,11.624639,16.481882,0.6615083,12.802918,13.216594,9.708898,3.9511454,6.243125,8.575024,19.819181,12.535259,8.866605,9.660211,11.096071,12.317376,0.5957589,1.1519159,9.949449,3.5012462,5.300602,3.784759,8.593165,10.165404,6.207773,4.1671333,5.69417,2.6335745,11.664707,10.529075,6.052055,10.007361,-3.4468338,16.939896,16.939896,16.939896,17.475386,17.246124,13.882499,7.894797,15.935919,10.730092,3.2430146,6.143615,8.167219,12.923913,9.012609,11.276622,7.5908184,11.580523,16.888567,16.888565,4.1352863,-12.293149,-30.67301,-11.696162,-9.312896,-8.820754,-8.440709,-8.14677,19.596682,19.596682,-1.1856165,11.173491,10.301571,19.21045,-7.7235184,-6.3177233,19.090748,10.336946,8.523841,4.1358514,11.55915,9.504535,5.662244,10.470056,9.86494,13.48733,3.9574735,-0.65775454,2.9243426,12.1790495,20.121017,10.756606
57,-5.955038,-2.4398053,-1.5041896,1.5423408,11.337804,1.7985216,11.337808,5.9563165,13.67914,17.09243,8.786359,16.363316,13.679142,21.08783,-2.0676262,-2.071028,-2.071028,-13.688096,-12.107127,15.608348,10.9904995,10.9905,4.8615904,6.312088,4.082268,0.19050309,1.4590868,-25.960625,-8.086625,-8.190232,-13.680174,-2.0062752,-2.3631399,-10.948452,-3.0437896,-4.840467,-8.629115,-3.2973485,3.1464703,-3.1313694,-3.4245539,-1.2836332,0.22738227,-2.8780563,-5.9534597,3.5342598,-8.540846,10.710375,-10.685633,-3.9096224,6.689513,-4.3693676,-3.072329,-3.0723374,7.9242506,11.260658,-10.954616,-7.5688615,-5.840609,-3.2428463,9.8761215,-10.954616,-7.5688586,-5.8406057,9.876121,2.57358,-4.869824,17.536892,-18.349056,-9.764607,-5.5354776,0.7042502,18.16396,11.494847,15.591222,16.449154,18.328693,18.010853,21.0382,21.038197,21.140858,1.8988924,17.118334,-1.9144874,-1.9144855,11.650403,3.011957,36.892906,39.18756,-1.0868144,35.305344,35.305344,-6.639819,3.018778,3.0187778,-2.4856424,-16.145235,16.442358,16.442358,16.44236,16.442358,6.432044,3.7320797,7.5879717,8.06275,20.085869,15.208165,0.3576048,-21.259537,-13.213986,11.486941,13.350568,-24.51068,-14.880343,-16.762304,-19.627995,9.003927,11.563398,18.069569,-10.137816,13.578094,14.145568,7.5879745,-5.2645297,-0.53102565,4.9646034,21.812891,13.082985,5.6545258,7.7358046,10.708886,12.731715,-10.249301,-9.4869795,8.1592245,-5.942328,-2.6584198,-5.3975315,5.0005007,8.272482,-0.7473155,-4.659569,-1.5370011,-7.4378557,11.628949,9.346688,-0.84229183,8.255548,-13.934127,18.586864,18.586864,18.586864,19.197712,18.924349,14.762198,3.8185837,17.462193,9.918271,-6.153462,-0.4313657,4.0562735,13.637433,5.956314,10.895432,2.2641375,11.319951,18.479923,18.47992,-4.972027,-23.936222,-42.252655,-23.310516,-20.744148,-20.190727,-19.754604,-19.414639,21.56658,21.566582,-11.89325,10.859857,8.886793,21.150873,-18.93634,-17.220314,20.979147,8.548854,4.6729918,-4.8885884,11.401526,7.089105,-1.479962,8.708623,7.6381125,14.266922,-5.222974,-11.64147,-7.133752,12.524898,22.086887,9.843066
58,-6.686104,-3.582503,-2.7022564,0.18555409,9.354613,0.41463345,9.354613,4.3791885,11.436926,14.730185,7.022686,13.991078,11.436931,18.51408,-3.269735,-3.2729876,-3.2729883,-13.387655,-11.856191,13.285598,9.024872,9.024871,3.3745959,4.74292,2.6314232,-1.0972283,0.12543947,-26.210789,-8.472743,-8.539327,-13.37646,-3.1968386,-3.5366604,-10.80383,-4.159052,-5.765906,-8.910282,-4.38601,1.7183444,-4.237321,-4.509621,-2.4956105,-1.0553209,-3.9987228,-6.7024612,2.0922427,-8.838361,8.789861,-10.591142,-4.9530916,5.06324,-5.3661437,-4.2085958,-4.2086034,6.2191706,9.281762,-10.825187,-8.056544,-6.6468964,-4.3677273,8.016134,-10.825185,-8.0565405,-6.6468916,8.016135,1.1499391,-5.81057,15.145368,-18.276669,-9.814225,-6.346531,-0.60522646,15.754977,9.498942,13.267847,14.102862,15.90796,15.603554,18.466154,18.466152,18.549435,0.5040881,14.702258,-3.1043353,-3.1043384,9.644844,1.5790405,34.021446,36.269623,-2.3151672,32.47026,32.47026,-7.2732363,1.5863222,1.5863209,-3.6359706,-15.898141,14.103208,14.103206,14.103208,14.103207,4.8365107,2.270375,5.8968244,6.3408957,17.484175,12.82817,-0.9451192,-21.377903,-12.919806,9.482161,11.096325,-24.750166,-14.573868,-16.564224,-19.641941,7.2566175,9.553004,15.675382,-10.132281,11.379036,11.913278,5.8968244,-6.1475706,-1.7921125,3.4434605,19.218239,10.891637,4.0918818,6.0633383,8.815751,10.581334,-10.227754,-9.598817,6.4400797,-6.7028003,-3.8132749,-6.2413716,3.4748404,6.5133495,-2.0109887,-5.60928,-2.7420237,-7.9326653,9.608792,7.545326,-2.0812738,6.527461,-13.630347,16.15936,16.15936,16.15936,16.72818,16.468933,12.414897,2.3887923,15.09633,8.088052,-6.8519816,-1.6793554,2.5870874,11.399119,4.379188,8.960887,0.83788997,9.316174,16.032497,16.032495,-5.9034634,-24.165407,-42.584446,-23.524166,-20.829952,-20.239277,-19.775715,-19.412075,18.974981,18.974983,-11.644305,8.951241,7.121109,18.57465,-18.898245,-17.0577,18.383156,6.7582173,3.1495457,-5.82437,9.408393,5.4339786,-2.674422,6.897688,5.9248524,11.953679,-6.1073337,-11.42158,-7.7008877,10.397728,19.450455,7.9995556
59,-2.4884045,1.101939,2.0626311,5.0635686,13.718387,5.3677893,13.718392,9.283681,15.494742,18.503054,11.745753,17.86195,15.494746,22.189081,1.5930469,1.5896795,1.5896771,-11.191832,-9.488152,17.153915,13.491031,13.491031,8.206183,9.527429,7.4848366,3.766747,4.965194,-22.59416,-4.700285,-4.877518,-11.202903,1.6028061,1.2439702,-8.241878,0.5343632,-1.3016927,-5.349514,0.26327464,6.6401114,0.43749505,0.14402401,2.2955062,3.793444,0.6830063,-2.4454896,7.005386,-5.24186,13.234204,-7.862643,-0.34997255,9.930287,-0.8083503,0.55047524,0.55046594,11.00155,13.659737,-8.165582,-4.113279,-2.259961,0.38316426,12.629531,-8.165579,-4.113277,-2.259957,12.629529,6.140662,-1.2813718,18.92634,-15.415233,-6.7994385,-2.0412295,4.2449217,19.506254,13.804121,17.144714,17.910816,19.663921,19.367992,22.142582,22.142578,22.250954,5.4806085,18.574928,1.6913518,1.6913514,13.889565,6.53325,37.66565,39.9803,2.5076373,36.062767,36.062767,-3.1546834,6.527009,6.5270066,1.0828781,-13.421155,17.898043,17.898043,17.898045,17.898043,9.663142,7.2075233,10.716648,11.123391,21.329899,16.884647,3.9322515,-18.120182,-10.741139,13.836595,15.307389,-21.197905,-12.304843,-13.976557,-16.600618,11.845368,13.870418,19.412508,-7.198111,15.36376,15.841008,10.716649,-1.6915356,3.0789058,8.359693,22.87268,15.012579,9.000525,10.7935095,13.189059,14.74629,-7.325675,-6.42062,11.195867,-2.417032,0.9591633,-1.8631226,8.392998,11.365338,2.887316,-1.1148702,2.0425775,-4.0076275,13.925519,12.190244,2.749097,11.287164,-11.445372,19.89337,19.89337,19.89337,20.452965,20.208832,16.48232,7.20903,18.838932,12.60146,-2.689092,3.1226165,7.505852,15.45901,9.283679,13.372631,5.870645,13.738252,19.819374,19.819374,-1.3831019,-20.648418,-38.740517,-20.050766,-17.640583,-17.124508,-16.717783,-16.401478,22.643478,22.643478,-9.368442,13.303726,11.814325,22.248478,-15.946067,-14.38222,22.107904,11.616701,8.118582,-1.3168952,13.764446,10.297854,2.077037,11.777553,10.820306,16.04423,-1.6542459,-9.006508,-3.6288428,14.586149,23.155779,12.576068
60,-4.3731956,-0.68749446,0.28552732,3.3977988,13.016084,3.6613386,13.0160885,7.806958,15.172103,18.51339,10.59476,17.78173,15.172105,22.410833,-0.27907386,-0.28258783,-0.28258747,-13.592513,-11.661783,17.048214,12.695442,12.695443,6.721716,8.150496,5.949044,2.026015,3.3116038,-26.415024,-6.7392883,-6.8808646,-13.589739,-0.23000658,-0.6048331,-10.26113,-1.3080397,-3.1859643,-7.401998,-1.5752087,5.0176134,-1.4041481,-1.7072378,0.51049906,2.0640829,-1.1441246,-4.364488,5.406605,-7.2931743,12.424859,-9.933074,-2.2140212,8.525459,-2.6936638,-1.3327837,-1.3327912,9.74932,12.9421015,-10.25089,-6.1358995,-4.231021,-1.510289,11.634613,-10.250888,-6.1358943,-4.2310185,11.634612,4.4499846,-3.204704,18.951044,-18.697163,-8.830981,-3.9243605,2.550821,19.5741,13.154397,17.032421,17.87088,19.736498,19.422585,22.361622,22.361618,22.458996,3.7634928,18.519436,-0.13518524,-0.1351845,13.292139,4.8856573,37.81479,40.085556,0.7184248,36.240353,36.240353,-5.102974,4.8938537,4.893854,-0.73078465,-16.339008,17.866575,17.866575,17.866577,17.866575,8.267487,5.6057334,9.411609,9.880446,21.417013,16.638882,2.198333,-21.730766,-13.050558,13.155664,14.873925,-24.99189,-14.939888,-17.015411,-20.044167,10.786881,13.220902,19.486319,-9.268823,15.082298,15.633168,9.411611,-3.6261308,1.2950803,6.830923,23.131222,14.619826,7.504768,9.555624,12.422898,14.30195,-9.398581,-8.478879,9.978721,-4.351781,-0.906955,-3.7731717,6.8657193,10.10251,1.0730579,-2.9960282,0.2487536,-5.994056,13.282996,11.127572,0.96955097,10.073558,-13.877281,19.989347,19.989347,19.989347,20.573774,20.311045,16.210903,5.6824265,18.88783,11.670971,-4.583817,1.3921913,5.931367,15.135798,7.8069544,12.603686,4.139984,12.999689,19.875656,19.875656,-3.3153255,-24.428638,-42.573296,-23.809013,-21.199337,-20.625385,-20.175781,-19.823185,22.886572,22.886574,-11.446739,12.563144,10.68747,22.473368,-19.310696,-17.501747,22.297058,10.373457,6.5434666,-3.2349226,13.07648,8.924108,0.30543947,10.535024,9.473716,15.7324095,-3.5841827,-11.099771,-5.639782,14.109111,23.393925,11.600375
61,-0.5376791,2.3167486,3.0693953,5.2624497,10.327668,5.5140414,10.32767,7.6891575,11.775317,14.411867,9.041436,13.843383,11.77532,17.874882,2.780388,2.7778199,2.777819,-6.2754726,-5.18592,13.201834,10.196944,10.196944,7.016776,7.7071342,6.631114,4.3870416,5.1706686,-17.131107,-2.198838,-2.3738973,-6.275974,2.7560556,2.4779968,-4.4845486,1.9031589,0.44540727,-2.719229,1.6795545,6.223501,1.8215154,1.5971947,3.2609816,4.3931694,2.0071795,-0.4658016,6.4157925,-2.635218,9.97004,-4.304343,1.2054591,8.007665,0.8511178,1.961552,1.961544,8.589461,10.278962,-4.4626107,-1.7523673,-0.25157025,1.8318548,9.59172,-4.4626093,-1.7523646,-0.2515674,9.59172,6.003642,0.50360435,14.804606,-10.03193,-3.726653,-0.16412887,4.7069664,15.33285,10.367171,13.197255,13.875919,15.481985,15.209731,17.830132,17.830128,17.935242,5.5962067,14.490327,2.8198752,2.819874,10.415591,6.198966,33.17316,35.475235,3.4399927,31.577578,31.577578,-1.0230622,6.181507,6.1815066,2.3259232,-8.170876,13.860795,13.860795,13.860796,13.860796,7.8257627,6.553933,8.444215,8.674403,17.066515,13.019748,4.5116076,-12.639758,-5.9481134,10.420314,11.65204,-15.716117,-7.1733665,-8.684339,-11.159689,9.006156,10.432711,15.247478,-3.9560425,11.634156,12.047144,8.444216,0.17035106,3.890742,7.189514,18.53411,11.358225,7.5261846,8.422364,9.904372,11.133219,-4.024234,-3.484752,8.699922,-0.43313637,2.2571971,0.003893476,7.209154,8.886965,3.7594154,0.59207594,3.0616844,-1.6944187,10.476064,9.295335,3.6197412,8.7565975,-6.4626284,15.693513,15.693513,15.693514,16.21737,15.989205,12.665425,6.4616833,14.716702,9.519439,-0.6911609,3.8777535,6.712292,11.742323,7.6891565,10.073843,5.872851,10.37188,15.629489,15.629488,0.4232779,-15.161384,-33.406124,-14.560149,-12.1631565,-11.66023,-11.2680235,-10.96355,18.312763,18.312763,-5.0866013,9.984424,9.062188,17.932032,-10.536382,-9.064625,17.799816,9.062127,7.0992365,0.46093616,10.3623295,8.222198,3.0743625,9.184426,8.572932,12.279653,0.19872934,-4.9033546,-1.3595059,10.99745,18.81047,9.53323
62,-4.2341394,-0.6758109,0.25784975,3.2799637,12.468556,3.5110147,12.468558,7.587835,14.455281,17.655312,10.221734,16.930609,14.455285,21.38519,-0.34686023,-0.3502745,-0.3502705,-13.395302,-11.401758,16.239178,12.158208,12.158208,6.5590177,7.946046,5.80273,1.9283406,3.203427,-27.162407,-6.536579,-6.6516695,-13.397957,-0.27073845,-0.6348745,-9.978736,-1.300336,-3.1158025,-7.169812,-1.5522791,4.862755,-1.3896595,-1.6873964,0.46557146,1.9718623,-1.1326493,-4.249897,5.2503424,-7.0664177,11.924518,-9.657279,-2.1788647,8.279082,-2.6473596,-1.3506749,-1.3506801,9.434945,12.401868,-9.98465,-5.972934,-4.1525807,-1.5228784,11.183373,-9.984647,-5.972928,-4.152579,11.183372,4.2765036,-3.1584094,18.06345,-18.901226,-8.524073,-3.81001,2.4529672,18.660543,12.60245,16.220306,17.039978,18.810085,18.514072,21.33819,21.338188,21.42007,3.6054642,17.626816,-0.18279167,-0.18279308,12.733283,4.715062,36.327522,38.54114,0.65246385,34.808434,34.80843,-4.960092,4.73014,4.7301397,-0.73216915,-16.317076,17.041264,17.041264,17.041267,17.041267,8.04337,5.435516,9.11853,9.557761,20.382246,15.794618,2.097532,-22.196377,-12.818253,12.593837,14.136693,-25.677734,-14.82248,-17.0513,-20.380098,10.42784,12.656188,18.5811,-8.980693,14.4000845,14.910499,9.118532,-3.5624402,1.2057998,6.6370745,22.07626,13.931293,7.2966294,9.267457,11.937369,13.632018,-9.113077,-8.191963,9.648318,-4.24682,-0.93881524,-3.6860583,6.6697497,9.7383,0.97627896,-2.9336505,0.21367806,-5.8162313,12.710893,10.720138,0.9030359,9.735778,-13.702249,19.05807,19.05807,19.058067,19.619236,19.36322,15.394787,5.5527067,18.017496,11.236326,-4.438654,1.3323164,5.7562556,14.42307,7.5878315,12.089064,3.9569254,12.439169,18.93117,18.931168,-3.2656314,-25.075356,-43.508163,-24.4141,-21.62473,-21.00983,-20.521753,-20.133976,21.838514,21.838516,-11.159643,12.067972,10.314026,21.44469,-19.576647,-17.586746,21.257622,9.986817,6.3371058,-3.177688,12.521422,8.653576,0.27930823,10.120663,9.15403,14.95044,-3.5161898,-10.8302965,-5.503788,13.457393,22.29831,11.157785
63,2.7724352,6.1180363,6.9984045,9.615258,15.658806,9.859093,15.65881,12.662862,17.16895,19.92141,14.25378,19.314888,17.16895,23.359417,6.569585,6.5665116,6.56651,-7.550625,-4.704892,18.672169,15.498504,15.498506,11.913445,12.755853,11.422737,8.516639,9.5130005,-21.923641,0.68621147,0.50207967,-7.6332593,6.5693808,6.238795,-3.0721688,5.5895867,3.881489,0.025028314,5.334324,10.838156,5.494051,5.2254143,7.197435,8.535456,5.719678,2.803085,11.101823,0.1323489,15.278199,-2.6332762,4.766162,13.054478,4.3415685,5.6107883,5.610778,13.74867,15.607411,-2.9688408,1.2275589,2.9972584,5.4540677,14.851175,-2.968839,1.2275636,2.9972594,14.851174,10.4803705,3.907811,20.3065,-13.738065,-1.4469314,3.1993587,8.932763,20.839287,15.716544,18.664959,19.372643,20.990437,20.716644,23.315863,23.31586,23.411983,9.952211,19.962952,6.648981,6.648981,15.777837,10.773244,38.14261,40.395836,7.398095,36.588203,36.588203,2.1417377,10.767634,10.7676325,6.103335,-11.164565,19.362623,19.362623,19.362623,19.362623,12.863351,11.262046,13.573101,13.840062,22.532845,18.419981,8.667999,-16.950035,-6.793476,15.752782,17.00462,-20.42489,-9.530837,-11.908697,-15.172933,14.270208,15.777185,20.761223,-1.8904934,17.051758,17.48159,13.573101,3.521491,7.9145155,12.059745,24.000381,16.73616,12.472807,13.587876,15.236693,16.505585,-2.023617,-1.0586613,13.8814535,2.8343832,5.9751997,3.3588555,12.083747,14.038606,7.744673,4.058366,6.9717665,1.3406271,15.815822,14.541762,7.616226,13.9398985,-8.076726,21.207075,21.207075,21.207077,21.727322,21.4981,18.05819,11.22485,20.2331,14.810529,2.5867379,7.9599156,11.46986,17.138243,12.662858,15.395503,10.27423,15.683735,21.123995,21.123993,3.8121903,-19.82093,-38.265614,-19.150047,-16.385075,-15.776702,-15.302352,-14.930576,23.784721,23.784721,-4.6266828,15.322507,14.286862,23.414898,-14.388997,-12.420087,23.277348,14.223461,11.915901,3.8714855,15.697795,13.300673,7.002342,14.337836,13.676181,17.660807,3.553633,-4.053941,1.6914274,16.364248,24.257458,14.803673
64,5.6591797,6.8387566,7.157279,8.064253,11.37927,8.259611,11.379271,9.537629,12.535187,14.89129,10.469495,14.386806,12.535187,18.261246,7.2107754,7.2098484,7.209849,0.6665369,2.5359108,13.776481,11.311045,11.311046,9.017483,9.4662,8.778844,7.7091894,7.971698,-12.963235,5.0171967,4.8561597,0.530585,7.120577,7.020654,3.2193134,6.7446632,6.1343136,4.708844,6.6294794,8.59526,6.7003927,6.6180797,7.25016,7.6916265,6.7563343,5.7486305,8.6981945,4.761366,11.112,3.5009243,6.456825,9.74654,6.3287024,6.8557034,6.8557005,10.139383,11.343982,3.392761,5.239136,5.9551845,6.8096647,10.866683,3.3927624,5.2391376,5.9551864,10.866683,8.545474,6.2273083,15.271516,-5.637913,3.9520478,5.8461742,7.803171,15.783204,11.389293,13.776511,14.392313,15.92924,15.66373,18.216911,18.216911,18.3241,8.323646,15.004096,7.1269083,7.126908,11.405968,8.6147785,33.550148,35.84828,7.341337,31.953588,31.953588,5.510241,8.589013,8.589012,6.8911033,-3.1238909,14.372546,14.372546,14.372546,14.372546,9.591447,8.81323,10.056663,10.214628,17.499874,13.687329,7.770419,-8.361706,1.1712992,11.454177,12.4968815,-11.522636,-1.2754505,-3.9048913,-6.8465147,10.373828,11.448968,15.694949,3.8238573,12.378644,12.725058,10.056663,6.0828757,7.54352,9.197751,18.914608,12.191697,9.426023,9.985348,11.030051,12.006609,3.7819216,4.1882143,10.216177,5.7799225,6.948349,5.9563284,9.213969,10.408648,7.5427113,6.187942,7.178352,5.223664,11.488715,10.642224,7.411832,10.264467,0.14659962,16.131897,16.131895,16.131897,16.64477,16.424042,13.35804,8.6488905,15.176427,10.762122,5.6036134,7.44914,8.888652,12.502288,9.537627,11.181967,8.527059,11.444257,16.079784,16.07978,6.2048388,-10.95308,-29.474148,-10.336934,-7.881232,-7.3660383,-6.962103,-6.6479588,18.695036,18.695036,2.370713,11.089538,10.472523,18.317928,-6.178321,-4.3712826,18.193014,10.554816,9.187209,6.203825,11.401858,9.908589,7.1444664,10.661788,10.189179,13.00172,6.088964,2.8107395,5.4399605,11.894646,19.199963,10.804798
65,2.8895128,5.2302904,5.7396803,7.194703,11.409791,7.3270445,11.409791,9.083795,12.671329,15.056412,10.252751,14.471255,12.67133,17.932133,5.4516487,5.449794,5.449794,-5.678363,-3.657849,13.966435,11.24328,11.24328,8.60439,9.195747,8.282069,6.5916276,7.1483746,-19.84142,0.9860896,0.88005483,-5.682437,5.472148,5.2720766,-2.206446,4.877781,3.7092903,0.43253404,4.7238092,7.8956356,4.8229265,4.646806,5.848156,6.6025934,4.9714403,2.8756304,8.059785,0.5214837,11.097453,-1.8858609,4.338681,9.36867,4.033592,4.8636656,4.86366,9.878716,11.365706,-2.2030396,1.4655128,2.9589577,4.7604246,10.721703,-2.2030375,1.4655175,2.9589589,10.721702,7.674969,3.6944518,15.36205,-11.115598,-0.7922798,3.2085223,6.8219633,15.812483,11.480784,13.94979,14.577357,15.938418,15.70972,17.895454,17.89545,17.93976,7.3744392,14.988677,5.524913,5.524914,11.554791,7.852043,30.568184,32.61176,5.961585,29.190548,29.190548,2.3235667,7.858146,7.8581467,5.212232,-8.537576,14.582737,14.582738,14.582738,14.582736,9.251137,8.149436,9.739423,9.936458,17.068338,13.597363,6.672454,-14.541249,-5.1115603,11.484351,12.449779,-18.269194,-7.090884,-9.268792,-12.626628,10.320074,11.518413,15.766345,-1.2280335,12.640639,13.00212,9.739424,3.4020274,6.251298,8.673043,18.473312,12.316397,8.948545,9.789864,11.099625,12.123625,-1.3520368,-0.48450434,9.980627,2.8911827,5.1060476,3.308686,8.687454,10.0478525,6.140124,3.8486216,5.7231264,1.6061165,11.5471325,10.482942,6.0836563,10.016526,-5.980136,16.135227,16.135227,16.135227,16.560692,16.36107,13.314496,8.16776,15.336501,10.741309,2.7330937,6.2903295,8.291936,12.65062,9.083794,11.195682,7.543678,11.396623,16.007763,16.007763,3.616392,-17.625654,-36.520027,-16.915936,-13.934072,-13.282248,-12.769814,-12.367858,18.283585,18.283585,-3.43911,11.170547,10.284823,17.978176,-11.794246,-9.795012,17.803497,10.168748,8.557264,3.6711428,11.441657,9.538947,5.7454495,10.240063,9.781957,12.999866,3.430048,-3.0756686,1.8606648,12.007611,18.604498,10.702739
66,-0.32077765,0.11846359,0.18077508,0.38364777,1.9502232,0.39211738,1.9502251,0.7189726,2.930463,5.057205,1.1838164,4.5172906,2.9304645,7.9478626,0.12111169,0.12083608,0.120836034,-3.6477158,-2.606874,4.0523434,1.8262873,1.8262873,0.6240313,0.77007717,0.5609927,0.28798363,0.37929586,-14.771062,-0.8538163,-0.8608271,-3.6260345,0.13505895,0.10559262,-1.9252412,0.0561413,-0.15459925,-1.0203824,0.033820104,0.48636293,0.048059788,0.016891252,0.18927515,0.29227358,0.07345253,-0.34377748,0.51495486,-0.99483395,1.7278707,-1.8305987,-0.037880313,0.8023237,-0.09885423,0.03846878,0.038467847,0.997169,1.9129887,-1.9703851,-0.72498417,-0.3603992,0.019425515,1.4640263,-1.9703846,-0.724983,-0.36039853,1.4640257,0.4412007,-0.18101276,5.3488517,-7.5167017,-1.4021611,-0.25329232,0.33014688,5.786212,2.0035434,4.042474,4.6113267,5.906305,5.683424,7.908933,7.908931,7.9648056,0.39712223,4.9993873,0.14164367,0.14164357,2.064997,0.47407007,21.819832,24.03176,0.19978857,20.301031,20.301031,-0.48554516,0.47764337,0.47764316,0.108541384,-5.544506,4.614201,4.614201,4.614202,4.614202,0.7755455,0.5272034,0.9377553,1.0238616,7.0739064,3.7305517,0.30074194,-10.21706,-3.310384,2.0026517,2.7432384,-13.351796,-4.518304,-6.087219,-8.693209,1.2418799,2.031592,5.7395115,-1.5859802,2.9141304,3.2137249,0.9377553,-0.24651945,0.23388147,0.62578166,8.524949,2.6447525,0.68600917,0.97292304,1.747251,2.4969013,-1.6340648,-1.3134354,1.046782,-0.35458305,0.077923685,-0.25054157,0.62874484,1.0641997,0.21518734,-0.13136017,0.17426223,-0.66793597,2.0469136,1.3192987,0.21675232,1.0612243,-3.8047063,6.0999618,6.0999613,6.0999613,6.527743,6.3284087,3.478061,0.54473794,5.320428,1.5030854,-0.3606996,0.2530066,0.55333114,2.9123497,0.7189724,1.8042195,0.4160787,1.9337379,5.9800773,5.980075,-0.20107234,-12.79355,-31.08229,-12.187806,-9.725642,-9.203451,-8.80134,-8.488837,8.322858,8.322859,-2.430004,1.7951005,1.2048353,7.9967813,-8.04979,-6.5038323,7.8243103,1.1198626,0.5943626,-0.18242092,1.9742706,0.85664576,0.18143956,1.1519438,0.94171906,3.1998239,-0.23721594,-2.3210847,-0.62940556,2.4028623,8.682856,1.4610465
67,21.823805,22.731571,23.007902,23.765282,26.50552,23.950083,26.50552,24.99355,27.449184,29.148245,25.768665,28.83672,27.449188,31.797302,23.118774,23.118029,23.118029,19.200493,20.128422,28.34761,26.475288,26.475288,24.532545,24.89376,24.336533,23.485758,23.676903,5.059548,21.46471,21.311077,19.048567,23.00877,22.92936,20.318085,22.68797,22.211092,21.247648,22.585041,24.211086,22.646809,22.586452,23.09489,23.464151,22.683537,21.926575,24.291302,21.286648,26.286705,20.529959,22.459888,25.1609,22.372177,22.816368,22.816368,25.487934,26.479137,20.511274,21.621078,22.14603,22.782482,26.105236,20.511272,21.621078,22.146032,26.105234,24.192284,22.325462,29.466831,15.415023,20.713474,21.974895,23.549873,29.85601,26.496956,28.355679,28.783997,29.97033,29.7665,31.762316,31.762314,31.89157,24.008139,29.343075,23.016499,23.016499,26.492489,24.236992,45.9123,48.25389,23.186172,44.343002,44.343002,21.767326,24.209158,24.209158,22.796215,17.118559,28.75436,28.754358,28.75436,28.75436,25.013958,24.394787,25.420807,25.554684,31.377209,28.433975,23.53973,12.2696085,19.387695,26.573397,27.471281,7.4622684,18.10373,16.692305,14.0574465,25.65203,26.55635,29.76627,20.691122,27.273869,27.544085,25.420809,22.214218,23.362513,24.71149,32.324017,27.161089,24.901943,25.3359,26.188622,27.01035,20.676151,20.888594,25.546614,21.969702,22.882816,22.090021,24.724346,25.74751,23.377617,22.257774,23.03519,21.575262,26.589489,25.907011,23.242672,25.592676,18.839596,30.105875,30.105875,30.105875,30.509933,30.349174,28.169489,24.217766,29.35028,25.981117,21.789703,23.25356,24.44994,27.417864,24.99355,26.339981,24.193981,26.584135,30.134098,30.134098,22.312744,8.42518,-21.587868,9.408513,12.819927,13.4512,13.923802,14.282402,32.153465,32.153465,19.83264,26.238125,25.76922,31.842844,14.959904,16.528276,31.81368,25.878326,24.720936,22.2981,26.524143,25.300657,22.992607,25.984388,25.560612,27.886189,22.213947,20.18201,21.770248,26.916004,32.656357,26.037409
68,-7.6651115,-4.0452795,-3.078776,0.0382975,10.564848,0.31805924,10.5648575,4.5951996,13.729581,19.034262,7.5852585,17.866009,13.729583,23.823063,-3.6339736,-3.6374838,-3.637485,-16.940071,-14.9123745,16.768808,10.116132,10.116132,3.4569721,4.9492226,2.6556764,-1.3326014,-0.048311476,-30.041798,-9.977843,-10.116588,-16.941168,-3.585449,-3.956515,-13.485219,-4.655986,-6.501215,-10.622671,-4.92029,1.7019775,-4.7487435,-5.049086,-2.8474038,-1.2956514,-4.4917154,-7.654957,2.1008396,-10.515733,9.79261,-13.137983,-5.547633,5.3533645,-6.0179133,-4.6794286,-4.679435,6.6536913,10.468175,-13.462964,-9.388934,-7.5237255,-4.85474,8.802249,-13.462966,-9.38893,-7.523723,8.802248,1.1239762,-6.5212793,19.613125,-22.109009,-12.028646,-7.2248983,-0.81863683,20.43895,10.775423,16.73513,18.082825,20.641577,20.23789,23.766869,23.766865,23.870777,0.42624828,18.954735,-3.4936082,-3.4936106,10.986899,1.5654882,40.59043,42.911156,-2.6419616,38.96873,38.96873,-8.377208,1.5710132,1.5710126,-4.088752,-19.72787,18.092892,18.092888,18.09289,18.092892,5.073907,2.3042173,6.292759,6.798087,22.631258,15.924394,-1.1642305,-25.20419,-16.371979,10.749679,13.147238,-28.579185,-18.303652,-20.408192,-23.473423,7.81872,10.853795,20.3345,-12.465102,13.678664,14.564036,6.2927594,-6.93051,-2.0634472,3.5685465,24.642012,12.872405,4.281293,6.4417696,9.8091,12.386374,-12.59735,-11.677448,6.9017215,-7.6422834,-4.2590995,-7.076579,3.604758,7.035505,-2.2811856,-6.317836,-3.1121404,-9.249161,10.934135,8.202873,-2.389588,7.0066347,-17.236877,20.96927,20.969269,20.96927,21.678213,21.360718,15.2668085,2.3764908,19.553219,8.860474,-7.871449,-1.97772,2.6364424,13.676632,4.5951967,10.018376,0.8110946,10.521565,20.802282,20.802279,-6.626864,-27.994759,-46.26207,-27.352648,-24.662241,-24.074425,-23.611452,-23.250282,24.364138,24.364138,-14.706557,9.995232,7.6974945,23.894308,-22.734255,-20.904602,23.680416,7.331544,3.2739215,-6.548542,10.642993,5.7747126,-3.0559895,7.508834,6.3637714,14.519185,-6.8892446,-14.33081,-8.899511,12.110393,24.920734,8.767978
69,15.736844,17.232826,17.652456,18.808105,22.743637,19.03263,22.743639,20.566494,24.03706,26.387833,21.669277,25.909914,24.037064,29.64558,17.6941,17.692867,17.692867,10.888005,12.555348,25.297037,22.658527,22.65853,19.977695,20.503048,19.688904,18.358395,18.7109,-10.713424,14.994761,14.813814,10.727942,17.59228,17.461548,13.131934,17.106787,16.331268,14.658975,16.964745,19.459915,17.05382,16.946442,17.778297,18.344505,17.129421,15.850811,19.586945,14.717456,22.436504,13.432879,16.74158,20.819746,16.578169,17.237682,17.237679,21.284122,22.703304,13.339471,15.247932,16.095959,17.181564,22.143742,13.339473,15.247934,16.095959,22.143742,19.372593,16.44307,26.76699,3.8701072,13.84937,15.961842,18.483395,27.257156,22.757917,25.298424,25.900429,27.399357,27.144714,29.603216,29.603214,29.725601,19.10436,26.52758,17.609406,17.609406,22.781591,19.466547,45.276127,47.628983,17.892351,43.632374,43.63237,15.555106,19.437447,19.437443,17.291248,7.2876916,25.876974,25.876974,25.876974,25.876974,20.638657,19.713356,21.174187,21.363142,28.990423,25.245155,18.430773,-1.523207,11.301705,22.830486,23.979958,-8.03168,9.096606,6.4009686,1.5022883,21.576813,22.82657,27.16483,13.736172,23.86404,24.235561,21.174189,16.259558,18.145336,20.171741,30.274187,23.653406,20.441242,21.100517,22.344202,23.452759,13.69126,14.0939665,21.367617,15.886688,17.36515,16.10413,20.188412,21.58416,18.13087,16.399822,17.677753,15.218661,22.865885,21.8778,17.980099,21.425503,10.381911,27.585083,27.585081,27.585083,28.083937,27.87439,24.910826,19.53426,26.657845,22.027966,15.667734,18.03953,19.803244,24.001236,20.566494,22.517134,19.341175,22.810196,27.564777,27.564777,16.412085,-6.877823,-29.628672,-5.637149,-0.58738244,0.4624879,1.2722268,1.8975973,30.065264,30.065264,12.306714,22.413849,21.676659,29.700045,2.9637573,5.9007807,29.611898,21.748554,20.151329,16.410543,22.769794,20.999928,17.640629,21.87561,21.325874,24.547096,16.26809,12.774324,15.477597,23.32727,30.591204,22.073776
70,17.92122,19.08472,19.422806,20.35159,23.77239,20.554953,23.772392,21.849669,24.94194,27.113482,22.830902,26.685375,24.941942,30.305752,19.502033,19.501085,19.501085,14.193364,15.49787,26.096577,23.714638,23.71464,21.310175,21.761467,21.068274,19.998035,20.258041,-5.4407296,17.394024,17.223787,14.037686,19.394218,19.290976,15.876136,19.00046,18.391354,17.116446,18.880245,20.89238,18.954262,18.873123,19.524574,19.981134,19.008217,18.027472,20.996143,17.165136,23.497477,16.13374,18.712254,22.062048,18.590256,19.130402,19.130398,22.476292,23.736568,16.076729,17.594334,18.258982,19.085762,23.248947,16.076729,17.594334,18.258986,23.248945,20.84667,18.50754,27.480408,8.384334,16.432568,18.102005,20.089718,27.943974,23.773586,26.100374,26.65846,28.08228,27.83791,30.263079,30.263077,30.388004,20.62104,27.279995,19.40298,19.40298,23.78307,20.914043,45.963013,48.36315,19.623512,44.2919,44.2919,17.81067,20.881426,20.881426,19.14664,11.213918,26.631645,26.631643,26.631645,26.631645,21.892273,21.11458,22.38288,22.553198,29.683922,26.093569,20.062317,3.5394576,14.506953,23.849373,24.923231,-2.7295804,12.691213,10.496066,6.327508,22.719862,23.840351,27.848991,16.368145,24.759151,25.097477,22.38288,18.365501,19.834177,21.50544,30.933807,24.59082,21.737347,22.29969,23.39563,24.405392,16.336678,16.645035,22.554548,18.070513,19.224041,18.228928,21.520933,22.772388,19.838194,18.45174,19.449036,17.557972,23.88008,23.00968,19.697819,22.607641,13.746105,28.259048,28.259048,28.259048,28.75019,28.546589,25.776905,20.927345,27.361551,23.123856,17.873255,19.729214,21.188887,24.90841,21.849667,23.570436,20.838682,23.850403,28.254885,28.254883,18.487736,-1.5915384,-26.76704,-0.37495187,4.3994813,5.373159,6.116909,6.6787686,30.727829,30.727829,15.222597,23.457386,22.832058,30.360565,7.628602,10.1153755,30.276894,22.931036,21.504463,18.476852,23.797153,22.23055,19.408651,23.050491,22.537594,25.43724,18.365797,15.628686,17.77944,24.289696,31.260017,23.178364
71,17.458967,19.236881,19.722605,21.078615,25.48781,21.325598,25.487812,23.080051,26.871119,29.385796,24.323826,28.872417,26.871122,32.83781,19.732306,19.730825,19.730825,11.624028,13.559035,28.229134,25.390276,25.390276,22.428154,23.03382,22.097689,20.551798,20.975647,-10.477477,16.510838,16.310417,11.44674,19.631195,19.47126,14.268643,19.065018,18.15073,16.110931,18.901405,21.816288,19.00394,18.87428,19.867468,20.540768,19.099236,17.584263,21.96373,16.181973,25.15815,14.617066,18.633366,23.368614,18.43557,19.19426,19.194256,23.900097,25.4464,14.49034,16.835323,17.84388,19.124626,24.836319,14.490339,16.835325,17.843884,24.836319,21.706924,18.267258,29.780487,4.218733,15.13541,17.720734,20.705912,30.290047,25.510248,28.229864,28.871952,30.438726,30.173813,32.791946,32.791946,32.911976,21.40542,29.518906,19.652983,19.652983,25.540546,21.821465,48.982994,51.382675,19.992373,47.307358,47.307358,17.23176,21.789772,21.789772,19.292583,7.674411,28.849375,28.849373,28.849377,28.849373,23.17396,22.103214,23.771828,23.984085,32.08829,28.144037,20.635239,-1.2015781,12.112409,25.5785,26.800186,-7.738515,9.610335,6.7543483,1.8488185,24.242771,25.579132,30.197502,14.990203,26.695255,27.090761,23.771832,18.05355,20.28798,22.62963,33.513412,26.466099,22.939938,23.710346,25.066374,26.249008,14.929201,15.424777,23.994947,17.625542,19.354263,17.884472,22.645245,24.212719,20.261492,18.237429,19.743446,16.81294,25.623194,24.553318,20.100882,24.059174,11.049951,30.635004,30.635002,30.635004,31.153532,30.934067,27.790472,21.926254,29.669834,24.723154,17.373627,20.187992,22.210163,26.835163,23.080051,25.245808,21.664936,25.555817,30.607046,30.607046,18.229134,-6.5669117,-30.802664,-5.318537,-0.2696855,0.7908992,1.6119239,2.2418256,33.28837,33.288376,13.3001175,25.142035,24.336407,32.8965,3.3202012,6.2598085,32.78126,24.386864,22.593658,18.230259,25.517113,23.57352,19.71138,24.519514,23.926867,27.403893,18.062508,13.826186,17.110321,26.11686,33.828575,24.766254
72,15.98071,17.063038,17.379253,18.263908,21.461216,18.471043,21.461218,19.688507,22.57258,24.704567,20.59634,24.274923,22.572582,27.91085,17.479929,17.479044,17.479044,12.628087,13.832011,23.698368,21.406513,21.406513,19.17724,19.601685,18.946352,17.931171,18.175278,-6.84758,15.498641,15.330749,12.464762,17.367065,17.272846,14.129053,16.996754,16.432072,15.237185,16.88457,18.783281,16.953737,16.880493,17.479893,17.911129,17.00061,16.088829,18.878677,15.282884,21.204252,14.364131,16.73181,19.88982,16.62199,17.130955,17.13095,20.274166,21.427912,14.329483,15.690125,16.321388,17.090292,20.981092,14.329484,15.690127,16.321388,20.981092,18.748617,16.549805,25.076271,6.985441,14.613468,16.155254,18.011084,25.552221,21.461681,23.702309,24.248865,25.697216,25.444548,27.868696,27.868694,27.992405,18.534843,24.864677,17.377762,17.377766,21.470795,18.808826,43.37143,45.747826,17.578836,41.71799,41.71799,15.887404,18.776705,18.776705,17.127476,9.804059,24.22218,24.222178,24.22218,24.22218,19.72679,18.990887,20.189005,20.344297,27.286243,23.704182,17.98956,2.0268483,12.90651,21.537376,22.560467,-4.199709,11.224127,9.104499,4.8738103,20.488338,21.52599,25.46057,14.567384,22.395311,22.72168,20.189005,16.41634,17.780796,19.363384,28.537395,22.236038,19.5815,20.106197,21.10843,22.058052,14.546054,14.812039,20.34367,16.132816,17.214767,16.281225,19.377577,20.550972,17.787987,16.489618,17.406792,15.652152,21.562737,20.758846,17.644615,20.393814,12.198806,25.877699,25.877697,25.877697,26.36641,26.16369,23.391153,18.81062,24.958647,20.86136,15.9368,17.666117,19.061653,22.540777,19.688507,21.271082,18.74209,21.533932,25.865768,25.865768,16.533175,-3.073207,-26.003824,-1.8821182,2.9078786,3.9022923,4.6606617,5.2372723,28.330261,28.330263,13.5423565,21.165934,20.599253,27.965012,6.207176,8.739561,27.881739,20.693722,19.360975,16.522614,21.4852,20.047136,17.364382,20.808708,20.336803,23.058683,16.41667,13.932885,15.870774,21.948656,28.85823,20.913628
73,18.29901,19.293835,19.592941,20.408945,23.363182,20.586998,23.363184,21.716036,24.35198,26.110838,22.556501,25.792482,24.35198,28.742252,19.667154,19.666325,19.66632,15.16872,16.279778,25.301203,23.318466,23.318466,21.242308,21.63636,21.0326,20.09428,20.323204,-2.7537148,17.853228,17.70419,15.023315,19.57005,19.47889,16.57406,19.2234,18.705395,17.619236,19.118969,20.883455,19.183184,19.115593,19.681107,20.078327,19.228115,18.393898,20.972263,17.660488,23.133266,16.799517,18.977842,21.902645,18.876678,19.342295,19.342293,22.256405,23.337135,16.759247,18.02592,18.602354,19.305332,22.923769,16.759249,18.02592,18.602354,22.923769,20.843422,18.811571,26.419168,10.312009,17.042032,18.457008,20.176464,26.802654,23.364046,25.309002,25.748299,26.91733,26.714592,28.70721,28.707209,28.826942,20.645668,26.2909,19.577929,19.577929,23.366583,20.901466,42.73039,45.02664,19.77053,41.146008,41.146004,18.213305,20.87728,20.87728,19.350964,12.647866,25.721489,25.721489,25.721489,25.721489,21.7554,21.076597,22.177895,22.323215,28.302341,25.346622,20.152592,6.0382204,15.420207,23.43306,24.356993,-0.02252936,13.897871,12.066274,8.512989,22.45486,23.420322,26.71809,16.995968,24.185307,24.467625,22.177895,18.691936,19.953331,21.413235,29.26,24.057497,21.620285,22.10285,23.042751,23.89835,16.97208,17.227253,22.319769,18.436966,19.42251,18.572933,21.42844,22.515854,19.960344,18.76075,19.617987,17.9957,23.459015,22.714354,19.835403,22.369034,14.779521,27.057848,27.057846,27.057848,27.466545,27.300692,25.07468,20.912361,26.310017,22.807125,18.258327,19.861557,21.138018,24.322153,21.716036,23.188757,20.834259,23.438519,27.074015,27.074015,18.796387,1.1243632,-24.668793,2.323949,6.8163586,7.6787014,8.331826,8.823352,29.092201,29.092201,16.01586,23.09474,22.561543,28.787642,9.665079,11.772461,28.745876,22.651287,21.41417,18.787758,23.38365,22.049212,19.57991,22.757973,22.314182,24.786076,18.691446,16.380367,18.187588,23.80231,29.567837,22.858444
74,0.6889945,1.6130915,1.8994832,2.8343337,6.265127,2.9548035,6.2651296,4.3013744,7.421687,9.63638,5.275726,9.141736,7.421688,12.7314005,1.7995133,1.7985376,1.7985386,-2.7268703,-1.668624,8.609506,6.149686,6.149686,3.8690035,4.3304195,3.6183555,2.4314196,2.7798853,-14.121345,0.118460506,0.08223301,-2.7268655,1.7767228,1.670708,-1.0168799,1.4606256,0.9648613,-0.07707539,1.3773876,3.3474138,1.4276993,1.3484254,1.9646213,2.4255936,1.4934045,0.68457055,3.4697754,-0.046368618,5.9866524,-0.9050191,1.2087843,4.520177,1.0875924,1.4868884,1.4868861,4.9444675,6.226448,-1.0369056,0.27103835,0.7312764,1.436514,5.6880245,-1.0369053,0.2710399,0.73127764,5.6880245,3.218763,0.978917,9.970725,-6.7044177,-0.48110557,0.795672,2.5707645,10.433197,6.305803,8.602956,9.179732,10.565733,10.325762,12.690134,12.690131,12.782977,2.9967148,9.688516,1.7996542,1.7996544,6.3522806,3.3316016,27.37387,29.652685,2.0457318,25.812943,25.812943,0.52307713,3.3311307,3.3311293,1.6222116,-4.7234526,9.169559,9.169559,9.169559,9.169559,4.401404,3.5578835,4.8364277,5.0045395,11.976719,8.422612,2.4901338,-9.470056,-2.3957498,6.337831,7.2941704,-12.678732,-3.6587534,-5.2729077,-7.902688,5.2708073,6.35099,10.360982,-0.6544437,7.3305473,7.6641927,4.8364277,0.8721541,2.228906,3.969097,13.339814,7.0857816,4.1902037,4.8355494,5.95751,6.906088,-0.6986508,-0.38166243,5.024473,0.6936542,1.5956643,0.8326125,3.982715,5.1468067,2.1797965,1.018931,1.8982582,0.31531084,6.381195,5.471785,2.1195028,5.065807,-2.9179573,10.754371,10.754371,10.754372,11.220262,11.016481,8.12897,3.523733,9.900148,5.657223,0.64182544,2.221161,3.663223,7.395646,4.301374,6.067748,3.1443217,6.2845545,10.690642,10.690641,0.9512408,-12.107581,-30.574594,-11.484424,-8.96569,-8.431195,-8.014311,-7.6929674,13.133895,13.133897,-1.5446513,6.020493,5.2975283,12.784022,-7.239037,-5.672961,12.65545,5.2694883,3.9020965,0.9680543,6.291602,4.676468,1.897296,5.3496094,4.919462,7.8111935,0.87920856,-1.4043341,0.39166498,6.7977858,13.586993,5.6510653
75,1.9405352,5.330598,6.237483,9.049499,18.079296,9.377236,18.0793,13.167716,20.345823,23.756203,15.726674,23.066137,20.345827,27.602932,5.8783607,5.8751965,5.8751955,-8.213044,-5.3510623,22.288956,17.790741,17.790741,12.06312,13.3667555,11.355162,7.8544364,8.935205,-23.449245,-0.12284288,-0.327586,-8.352672,5.8536263,5.5207977,-3.8716724,4.832875,3.0981336,-0.7822886,4.568183,10.568405,4.738791,4.467354,6.470607,7.867679,4.9605274,2.0133917,10.9142065,-0.670815,17.478401,-3.4075663,4.001083,13.808564,3.5794911,4.8883557,4.888345,14.921078,18.003876,-3.712445,0.44838113,2.2448773,4.7350464,16.733995,-3.7124429,0.44838607,2.2448807,16.733994,10.126152,3.1534488,24.20699,-16.010635,-2.309065,2.3792474,8.273586,24.813461,18.19786,22.27673,23.123066,24.976974,24.669203,27.55476,27.554758,27.668558,9.491606,23.828953,5.9382396,5.9382396,18.321537,10.487826,43.343235,45.662994,6.6877074,41.737236,41.737236,1.3377342,10.4721775,10.4721775,5.3360405,-13.098628,23.108646,23.108644,23.108646,23.108644,13.522922,11.124492,14.627662,15.058028,26.721153,21.962036,8.006738,-18.940105,-7.434247,18.226665,20.076057,-22.049824,-10.775186,-14.032806,-17.358284,15.820003,18.280113,24.713688,-2.7035222,20.206734,20.787868,14.627662,2.761151,7.2312813,12.254464,28.312681,19.746368,12.885044,14.687615,17.43263,19.407257,-2.8294857,-1.8914433,15.130021,2.0507934,5.261864,2.5743587,12.288039,15.334767,7.0701113,3.2729115,6.231762,0.53136414,18.346523,16.221748,6.904662,15.229083,-8.873798,25.215023,25.215021,25.215021,25.793957,25.541878,21.502794,11.074414,24.11399,16.70361,1.7545718,7.218627,11.412377,20.301893,13.167712,17.65421,9.889057,18.095428,25.141617,25.141613,3.0613983,-21.495842,-39.558563,-20.896156,-18.452042,-17.915878,-17.486462,-17.146011,28.074615,28.07462,-5.3841887,17.576302,15.795402,27.664497,-16.617136,-14.569104,27.522377,15.609876,12.03725,3.1132467,18.13833,14.193722,6.249012,15.792333,14.75995,20.986523,2.796889,-4.7605457,0.9252873,19.20437,28.608341,16.67295
76,-3.1403697,0.56777585,1.5524211,4.705685,13.773351,4.976699,13.773355,9.153132,15.633931,18.793997,11.728169,18.095518,15.633934,22.582157,0.98984915,0.9863211,0.9863231,-12.464181,-10.556432,17.376408,13.524708,13.524707,8.070186,9.470379,7.2923675,3.3223069,4.6129866,-25.331545,-5.4789476,-5.6368055,-12.469529,1.033109,0.65744317,-9.132089,-0.05542207,-1.9471956,-6.1551495,-0.32644305,6.3503895,-0.15250185,-0.45814496,1.779387,3.3584526,0.10930234,-3.128212,6.743929,-6.043295,13.277572,-8.776208,-0.9698634,9.840555,-1.4498695,-0.076046884,-0.076054364,10.967057,13.707484,-9.095399,-4.8827252,-2.9799032,-0.25214428,12.632772,-9.095397,-4.88272,-2.9799,12.6327715,5.7783537,-1.9608958,19.221413,-17.606003,-7.6292987,-2.6880584,3.846227,19.818838,13.875961,17.36332,18.174309,19.975521,19.675165,22.534428,22.534428,22.630981,5.082972,18.813189,1.1265709,1.1265676,13.980155,6.2178907,37.9603,40.241486,1.9907722,36.383972,36.383972,-3.859185,6.2253356,6.225333,0.52526504,-15.214132,18.16735,18.16735,18.167353,18.16735,9.588068,6.948513,10.667704,11.090246,21.626917,17.025517,3.495811,-20.670443,-11.937749,13.888854,15.391896,-23.916088,-13.809179,-15.894667,-18.975042,11.877915,13.940685,19.731354,-8.081977,15.534572,16.034803,10.667704,-2.3802483,2.5809848,8.184635,23.285671,15.130036,8.855138,10.784427,13.259913,14.848666,-8.2168045,-7.2580233,11.173905,-3.1097853,0.35293037,-2.5333064,8.21907,11.296308,2.357753,-1.7562311,1.5158973,-4.744491,13.991903,12.194534,2.24836,11.257976,-12.755631,20.217888,20.217888,20.217888,20.790646,20.534307,16.620289,7.0215607,19.15261,12.649134,-3.3505025,2.6738813,7.2753096,15.601241,9.153128,13.430362,5.4690847,13.775023,20.11668,20.116676,-2.0688949,-23.349678,-41.503242,-22.728825,-20.140518,-19.563602,-19.107838,-18.74829,23.04713,23.04713,-10.366052,13.372826,11.803955,22.642838,-18.226858,-16.381287,22.475569,11.547896,7.899068,-1.9894369,13.825616,10.217433,1.5696156,11.6910925,10.729289,16.16959,-2.3393595,-9.989473,-4.386282,14.682797,23.548275,12.596547
77,5.6579733,8.658729,9.467481,11.894298,19.084078,12.219621,19.08408,15.412683,20.812473,23.747639,17.388079,23.134459,20.812473,27.420866,9.239039,9.23635,9.236349,-3.355069,-0.69945616,22.42609,18.900284,18.900284,14.444982,15.50143,13.849492,10.88896,11.772284,-19.939064,3.9459076,3.7141285,-3.5287788,9.173448,8.887235,0.5403495,8.25936,6.715024,3.3380065,8.010626,13.21725,8.165569,7.9334,9.680469,10.890061,8.353082,5.7626476,13.504884,3.4410722,18.6358,0.9962292,7.5211463,15.909224,7.157416,8.357945,8.357938,16.766367,19.02706,0.7499904,4.4474497,6.0444384,8.225965,18.130363,0.7499881,4.447454,6.0444403,18.13036,12.881542,6.810727,24.17072,-12.012738,1.9312935,6.0574737,11.229079,24.737095,19.148518,22.41969,23.168495,24.895971,24.604952,27.3741,27.374096,27.48996,12.329544,23.83519,9.233347,9.233348,19.215,13.166563,43.108864,45.432083,9.880525,41.499035,41.499035,5.1825166,13.144713,13.1447115,8.691129,-8.332566,23.151794,23.151794,23.151794,23.151794,15.65755,13.702079,16.550676,16.881851,26.591675,22.208687,11.030097,-15.405551,-2.6598046,19.200336,20.657463,-18.54232,-5.8838663,-9.438038,-13.695989,17.390896,19.222036,24.64331,1.6187487,20.66227,21.133564,16.550678,6.458881,10.368293,14.655639,28.109625,20.33323,15.178278,16.553009,18.566532,20.071032,1.5127689,2.3287234,16.922573,5.8066044,8.663804,6.2561502,14.68509,17.137203,10.252481,6.8692565,9.473966,4.484679,19.274544,17.747494,10.071999,17.002052,-4.0359855,25.120035,25.120033,25.120035,25.677195,25.436218,21.814892,13.594225,24.074936,18.060253,5.50386,10.316291,13.936841,20.77598,15.412681,18.76214,12.702832,19.127218,25.057594,25.057594,6.7322936,-17.989025,-36.173607,-17.392561,-14.907594,-14.324395,-13.839359,-13.447995,27.879345,27.879345,-0.8583077,18.67055,17.431648,27.480686,-12.770541,-10.070276,27.351578,17.363947,14.500524,6.7661247,19.127434,16.216969,9.466653,17.519547,16.694065,21.37799,6.48511,-0.22005242,4.8718653,19.91101,28.409636,18.065298
78,6.120577,7.937833,8.424289,9.729617,14.032578,9.95789,14.03258,11.637988,15.389548,17.887102,12.860453,17.358805,15.38955,21.322649,8.416148,8.414696,8.414696,-0.4504911,1.6737685,16.72472,13.92641,13.92641,11.01272,11.603167,10.695047,9.226951,9.626784,-13.662412,5.0442724,4.8337426,-0.6193964,8.310283,8.14755,2.5281465,7.7520227,6.8239493,4.587764,7.587534,10.420821,7.6870794,7.5597715,8.550291,9.209439,7.7828097,6.221232,10.560592,4.662709,13.697546,2.8824155,7.312648,11.911884,7.108884,7.879083,7.8790793,12.438239,13.985185,2.7290123,5.388209,6.485445,7.8044653,13.364089,2.729014,5.3882113,6.485445,13.364089,10.320455,6.944788,18.27932,-6.498152,3.5402963,6.3983145,9.377185,18.797104,14.056496,16.722961,17.36862,18.945961,18.67738,21.277878,21.277874,21.394138,10.031368,18.000599,8.337146,8.337144,14.088872,10.429799,36.709488,39.022514,8.689425,35.105003,35.105003,5.851817,10.406834,10.406833,7.99673,-4.28758,17.348715,17.348713,17.348715,17.348715,11.730161,10.693007,12.311598,12.5206785,20.574337,16.6171,9.310707,-9.151718,0.0843911,14.120452,15.306078,-12.247594,-2.513502,-4.991126,-7.6554003,12.790509,14.124055,18.70522,3.3317225,15.229254,15.616874,12.311598,6.7241287,8.976827,11.208419,21.983936,14.990603,11.492344,12.262055,13.618812,14.781325,3.262989,3.8488057,12.540735,6.276911,8.039029,6.5596237,11.228129,12.747149,8.947963,6.930308,8.443481,5.394652,14.164645,13.085653,8.797895,12.593862,-1.0267472,19.148592,19.148592,19.14859,19.670507,19.448048,16.271076,10.540521,18.179108,13.272115,6.0280066,8.887053,10.809205,15.35765,11.637988,13.796338,10.271264,14.086966,19.10761,19.107609,6.9045634,-11.689698,-30.126228,-11.085933,-8.6782465,-8.166778,-7.7666345,-7.457412,21.76327,21.76327,1.454901,13.692874,12.8715515,21.379938,-7.0032864,-5.411295,21.265476,12.912274,11.162124,6.906989,14.066436,12.115701,8.409226,13.038067,12.459649,15.898114,6.7263775,1.9876252,5.6868305,14.648714,22.286728,13.299338
79,-3.2349157,0.28934535,1.2116386,4.18999,12.912111,4.4191446,12.912115,8.36383,14.763691,17.917038,10.825864,17.181538,14.763694,21.62136,0.6163536,0.61298007,0.61297905,-12.803168,-10.658343,16.509893,12.620385,12.620387,7.3740387,8.706856,6.6442676,2.8624995,4.116973,-26.941305,-5.550459,-5.6683664,-12.804385,0.6891341,0.3321833,-9.133065,-0.32689703,-2.117499,-6.187895,-0.57235086,5.7343893,-0.4132198,-0.70570517,1.4158354,2.903417,-0.15914607,-3.24893,6.10967,-6.082226,12.39274,-8.773057,-1.1882527,9.02396,-1.6513046,-0.37474817,-0.37475997,10.101691,12.839988,-9.124996,-4.9702563,-3.1546552,-0.5447415,11.706247,-9.124995,-4.9702535,-3.154654,11.706246,5.167391,-2.1580377,18.31559,-18.585394,-7.580206,-2.8122332,3.3773563,18.902607,13.035967,16.490093,17.301966,19.055496,18.760597,21.57409,21.574087,21.647755,4.510227,17.862377,0.7821915,0.7821896,13.162197,5.5986843,36.723,38.955666,1.6071237,35.18716,35.18716,-3.960202,5.612109,5.6121073,0.2336798,-15.971854,17.306202,17.3062,17.306202,17.306202,8.80272,6.2946787,9.816371,10.218078,20.594368,16.04661,3.0254076,-21.87035,-12.18907,13.027703,14.472686,-25.43237,-14.370139,-16.727463,-20.04736,11.007944,13.090056,18.831326,-8.052763,14.709922,15.201159,9.816373,-2.5604732,2.150625,7.4510393,22.314398,14.2832155,8.081382,9.956126,12.41257,14.009356,-8.196048,-7.2347794,10.301228,-3.2452693,0.035926726,-2.682938,7.4826593,10.385205,1.9236357,-1.934222,1.166819,-4.817774,13.140616,11.285042,1.8480256,10.379535,-13.136141,19.304268,19.304268,19.304268,19.85939,19.602806,15.655228,6.405184,18.275776,11.762785,-3.4397197,2.2715595,6.6075754,14.735507,8.3638315,12.555271,4.8507605,12.883597,19.164974,19.164974,-2.266238,-24.818975,-43.352505,-24.143528,-21.29234,-20.674154,-20.18938,-19.806633,22.074629,22.074627,-10.41517,12.534843,10.908168,21.681013,-19.25576,-17.272083,21.482975,10.612296,7.1640286,-2.1781929,12.963765,9.383813,1.2331309,10.736287,9.849645,15.22704,-2.5163217,-10.048456,-4.497143,13.845333,22.527378,11.686993
80,0.56839585,3.7226243,4.5055103,6.5902305,11.440671,6.7893777,11.440673,8.870218,12.825285,15.3403,10.186048,14.781637,12.825287,18.559065,4.1048446,4.102029,4.1020293,-7.4215727,-5.830973,14.19478,11.290317,11.290316,8.264759,8.940118,7.8915954,5.769603,6.516642,-19.605278,-1.4818661,-1.628624,-7.4237823,4.119043,3.818013,-4.6901855,3.2302861,1.6093959,-2.1001077,2.9987178,7.4732037,3.1440034,2.8897138,4.6813455,5.785572,3.3585184,0.5798929,7.661817,-2.0015957,11.0945425,-4.3958473,2.4531052,9.191719,2.0412507,3.22646,3.2264526,9.764756,11.3926325,-4.6660852,-0.9587686,0.7231651,3.0788434,10.708724,-4.6660843,-0.95876336,0.723168,10.708722,7.235757,1.6069403,15.694921,-12.147951,-3.4169552,0.96426725,6.0846825,16.188524,11.495419,14.184329,14.835342,16.328106,16.075155,18.517223,18.51722,18.60437,6.8587933,15.370015,4.1889634,4.188963,11.55348,7.4337463,33.052155,35.299614,4.847508,31.505295,31.505293,-0.06001762,7.4263973,7.4263973,3.7028816,-9.889384,14.827247,14.827245,14.827247,14.827247,9.029981,7.7807035,9.616026,9.835938,17.750648,13.948474,5.8853264,-15.016006,-6.968197,11.527122,12.665069,-18.178566,-8.615218,-10.5222025,-13.428326,10.203198,11.548324,16.11466,-3.8129382,12.722636,13.114856,9.616027,1.2404433,5.2829742,8.391322,19.179441,12.429102,8.715537,9.627336,11.060283,12.217341,-3.9248884,-3.088454,9.875717,0.5975051,3.570439,1.1026598,8.41091,10.009374,5.139409,1.7757655,4.4844623,-0.8324475,11.584044,10.434198,5.0355635,9.9197855,-7.6747127,16.5305,16.5305,16.5305,17.015165,16.800472,13.624257,7.737026,15.631157,10.681132,0.38732588,5.314982,7.940373,12.799075,8.870217,11.204181,7.0961633,11.457614,16.449238,16.449236,1.5152688,-17.616444,-35.95448,-17.002682,-14.515941,-13.97442,-13.547503,-13.213366,18.969074,18.969074,-5.66873,11.138221,10.215501,18.612328,-12.73145,-10.981202,18.47086,10.155765,8.283108,1.5759138,11.478955,9.395879,4.5111876,10.258379,9.70797,13.266186,1.2726856,-5.3778615,-0.5244065,12.089161,19.41335,10.668642
81,-4.498496,-0.7732836,0.21227545,3.3542354,13.77509,3.6362484,13.775094,7.874525,16.770187,21.391102,10.828705,20.41923,16.770191,25.845207,-0.3324043,-0.335945,-0.33594525,-15.252913,-12.557559,19.448784,13.341833,13.34183,6.735509,8.206206,5.9456625,1.9803808,3.2625508,-29.309444,-6.865534,-7.0255146,-15.294606,-0.2939713,-0.66800976,-10.829004,-1.3855864,-3.2878501,-7.558811,-1.6586646,5.0078316,-1.4823725,-1.7877176,0.44547626,2.0145268,-1.2236431,-4.479169,5.4011927,-7.443419,13.013905,-10.38652,-2.3005812,8.616526,-2.7815485,-1.3976716,-1.3976836,9.90368,13.6781645,-10.75476,-6.2491045,-4.3211427,-1.5738498,12.038266,-10.75476,-6.2491007,-4.3211417,12.038262,4.4427824,-3.2926257,21.91434,-21.189417,-9.121438,-4.0425835,2.495915,22.645683,13.976377,19.421919,20.574305,22.82819,22.467842,25.790747,25.790745,25.902254,3.7453897,21.365276,-0.1988076,-0.19880748,14.178029,4.8797936,42.33925,44.675846,0.65946925,40.70689,40.70689,-5.220974,4.883884,4.8838825,-0.81015074,-18.656761,20.575571,20.57557,20.575573,20.57557,8.335513,5.6065483,9.543455,10.044257,24.746277,18.76723,2.1492927,-24.340899,-14.525611,13.958484,16.257029,-27.788914,-17.065062,-19.387882,-22.593887,11.054851,14.057078,22.543787,-9.60571,16.703947,17.492857,9.543456,-3.7154624,1.2471285,6.8616624,26.639973,15.978662,7.561803,9.689416,13.026793,15.528647,-9.756318,-8.713623,10.149863,-4.458617,-0.9685079,-3.8762248,6.897878,10.2911215,1.0300876,-3.0919569,0.18209535,-6.1113195,14.13406,11.437972,0.9139193,10.252816,-15.701847,23.11788,23.117878,23.11788,23.783522,23.484776,18.175629,5.6670513,21.845894,12.094877,-4.708849,1.3263891,5.9383507,16.721056,7.874523,13.241887,4.1339817,13.7347975,22.990486,22.990486,-3.3984287,-27.186771,-45.485016,-26.526741,-23.791931,-23.202507,-22.735044,-22.366837,26.372066,26.372068,-12.387923,13.207935,10.937261,25.914427,-21.83656,-19.910597,25.724087,10.582986,6.5743246,-3.320606,13.855646,9.033232,0.23168656,10.763835,9.623369,17.503946,-3.6742022,-11.850707,-5.74345,15.266883,26.931747,12.0009165
82,-4.04722,-0.39556324,0.567626,3.6333616,13.50579,3.894091,13.505797,7.998947,16.189074,20.24791,10.812699,19.401636,16.189077,24.395008,0.022709217,0.019273814,0.019273218,-14.386725,-11.880279,18.543163,13.117556,13.117556,6.919593,8.337439,6.151597,2.2831533,3.5407937,-28.74226,-6.3626947,-6.516693,-14.419801,0.0672819,-0.29942763,-10.232879,-1.0033866,-2.8642323,-7.038752,-1.2690086,5.2328033,-1.0968045,-1.3971113,0.7919566,2.3228672,-0.84099025,-4.029703,5.6167545,-6.9258456,12.823221,-9.808076,-1.8981326,8.712861,-2.369652,-1.0148079,-1.0148153,9.939195,13.417908,-10.167966,-5.764661,-3.8813949,-1.188763,11.931405,-10.167963,-5.7646556,-3.881391,11.931402,4.6720386,-2.8764796,20.716114,-20.442013,-8.5671,-3.6012335,2.797926,21.376312,13.683784,18.52156,19.532074,21.548447,21.218567,24.342905,24.342901,24.444862,3.997031,20.232603,0.15370867,0.1537075,13.862834,5.0994945,40.546036,42.83155,0.9946009,38.961323,38.961323,-4.7597427,5.106048,5.1060457,-0.43356892,-17.793077,19.53125,19.53125,19.53125,19.531252,8.45665,5.816498,9.605285,10.079427,23.3193,17.951582,2.4551208,-23.731937,-13.693145,13.6652,15.733722,-27.229279,-16.151379,-18.56779,-21.917278,11.028583,13.754781,21.287022,-9.044015,16.125132,16.823038,9.605287,-3.2926853,1.5667516,7.026908,25.16103,15.474114,7.7006645,9.746143,12.835794,15.06804,-9.191802,-8.169925,10.173745,-4.0152254,-0.6005905,-3.4456122,7.0620713,10.290404,1.3536285,-2.6782558,0.5325342,-5.6300583,13.827742,11.385509,1.2462099,10.270801,-14.81116,21.820251,21.820251,21.820251,22.441069,22.161163,17.434772,5.8869543,20.651192,11.987323,-4.252566,1.657754,6.1332126,16.146534,7.9989443,13.026892,4.373452,13.474763,21.690361,21.690361,-2.9833343,-26.62031,-44.993908,-25.955097,-23.167423,-22.551266,-22.062859,-21.679428,24.899796,24.899796,-11.709391,12.997636,10.912431,24.461061,-21.117413,-19.109219,24.270283,10.575124,6.7453938,-2.9005616,13.576525,9.10979,0.58517355,10.731969,9.655419,16.845352,-3.2505205,-11.218595,-5.271205,14.83389,25.431343,11.899398
83,-6.0760975,-2.4774837,-1.5063304,1.5982876,11.769391,1.8728067,11.769395,6.0780554,14.439124,18.322866,8.985154,17.527874,14.439128,22.444708,-2.040632,-2.0441115,-2.0441132,-14.552393,-12.771014,16.70983,11.376324,11.376326,4.956186,6.4145446,4.1701307,0.22828323,1.5023453,-27.06363,-8.309871,-8.446004,-14.548913,-2.0006769,-2.3689134,-11.487263,-3.0800478,-4.9229236,-8.916588,-3.347164,3.2405612,-3.173955,-3.4715192,-1.2766953,0.26763722,-2.919147,-6.0571613,3.6326191,-8.81533,11.068269,-11.176419,-3.9706466,6.814912,-4.4367537,-3.084623,-3.0846329,8.07884,11.682324,-11.469203,-7.734056,-5.9107246,-3.2583003,10.149125,-11.469203,-7.7340503,-5.9107227,10.149123,2.6723235,-4.9315677,18.788166,-19.465855,-10.1825695,-5.6403284,0.7449599,19.446808,11.949325,16.689032,17.626614,19.615593,19.285751,22.392626,22.392624,22.49768,1.9810028,18.338593,-1.91571,-1.9157093,12.128804,3.1052363,38.41147,40.701153,-1.0728894,36.82,36.820004,-6.7618713,3.1097763,3.1097753,-2.5097463,-17.170359,17.622234,17.622234,17.622234,17.622234,6.5434017,3.8375924,7.7308693,8.222414,21.404062,16.203787,0.4019549,-22.409,-14.037242,11.933007,14.024668,-25.632153,-15.837079,-17.82096,-20.77361,9.2004,12.023573,19.35063,-10.570283,14.355603,15.041139,7.730872,-5.3383665,-0.49584985,5.0731435,23.20633,13.745015,5.770283,7.869142,11.072131,13.343464,-10.689127,-9.865666,8.319482,-6.0422845,-2.6711638,-5.4884214,5.109168,8.45239,-0.70504457,-4.7396526,-1.5394713,-7.6078596,12.102452,9.579638,-0.8178613,8.423436,-14.826818,19.879475,19.87947,19.879473,20.497238,20.220877,15.692229,3.895318,18.716072,10.194659,-6.275796,-0.4109439,4.156692,14.394385,6.0780516,11.272616,2.3684962,11.745103,19.768827,19.768827,-5.035547,-25.06262,-43.30993,-24.4398,-21.895256,-21.339817,-20.902699,-20.559942,22.947676,22.947678,-12.567878,11.238295,9.087302,22.510826,-20.074482,-18.303497,22.32665,8.750562,4.7913055,-4.9539394,11.839037,7.2253036,-1.4875965,8.920289,7.7969275,15.106597,-5.2956686,-12.250196,-7.2584214,13.113029,23.483356,10.113209
84,6.0566683,7.5414934,7.9508076,9.099097,13.102997,9.3276415,13.102999,10.874052,14.450756,16.988853,12.008092,16.45834,14.450757,20.484154,8.017239,8.016064,8.016064,0.8255528,2.677397,15.812186,13.013356,13.013356,10.263516,10.80873,9.972318,8.6581335,8.995659,-12.671084,5.29106,5.0947475,0.66745186,7.900424,7.774628,3.3089213,7.4271646,6.661686,4.9347563,7.283518,9.740729,7.3723316,7.269597,8.072897,8.640768,7.443282,6.180559,9.867436,4.997177,12.783172,3.6317623,7.069768,11.128406,6.9110327,7.567014,7.567012,11.610427,13.058019,3.5314338,5.56503,6.442192,7.511954,12.47765,3.5314348,5.565033,6.442193,12.477649,9.665206,6.7910376,17.390707,-5.463002,4.0693073,6.288452,8.780226,17.918098,13.117927,15.812887,16.46466,18.071499,17.796806,20.43946,20.439457,20.556694,9.399859,17.112774,7.918416,7.918416,13.142292,9.754659,35.931755,38.240265,8.193364,34.32828,34.32828,5.8840437,9.725594,9.725594,7.6073303,-2.9665687,16.443647,16.443647,16.443647,16.443647,10.944863,9.998162,11.500767,11.695101,19.718056,15.711908,8.732978,-8.139842,1.299244,13.19387,14.381652,-11.246936,-1.1231769,-3.753613,-6.65154,11.912038,13.188586,17.825317,3.9540246,14.279664,14.676215,11.500767,6.607708,8.448417,10.466959,21.14438,14.0484495,10.739638,11.432485,12.695157,13.836614,3.90561,4.3323402,11.703323,6.226878,7.6891494,6.4457583,10.484759,11.922975,8.439324,6.739832,7.9773912,5.5328426,13.228303,12.214461,8.282908,11.758904,0.27834862,18.278427,18.278427,18.278427,18.811066,18.582935,15.356491,9.818455,17.283306,12.370433,5.9881654,8.337085,10.093142,14.414934,10.874051,12.87168,9.635618,13.169016,18.236397,18.236393,6.7612047,-10.684358,-29.192516,-10.07469,-7.66851,-7.1622043,-6.765392,-6.4559116,20.924526,20.924526,2.4190023,12.765971,12.017094,20.5414,-5.9915686,-4.2057724,20.428637,12.087251,10.443526,6.7487087,13.131383,11.321032,7.9358974,12.214284,11.6573715,14.975837,6.611185,2.9195426,5.805341,13.704532,21.450485,12.408252
85,8.1784,9.5174265,9.90099,10.9770775,14.794158,11.2032585,14.79416,12.686076,16.089922,18.574131,13.755153,18.054829,16.089924,22.126213,9.97372,9.972629,9.972629,3.26528,5.0260262,17.413147,14.719718,14.719719,12.088357,12.601607,11.811919,10.566011,10.874143,-12.532662,7.510943,7.327262,3.1002607,9.853957,9.734687,5.6396513,9.410283,8.70934,7.1803064,9.276057,11.591965,9.358422,9.267865,10.010266,10.538798,9.421221,8.284018,11.713175,7.2366147,14.491618,5.9458733,9.080916,12.920725,8.934271,9.5512295,9.551225,13.372248,14.751697,5.8486195,7.7517242,8.533519,9.497919,14.212699,5.8486195,7.751726,8.533519,14.212698,11.533191,8.836011,18.975159,-4.058812,6.37687,8.385649,10.676375,19.505878,14.80214,17.416069,18.054173,19.659977,19.383831,22.079607,22.079605,22.195637,11.275258,18.69727,9.87502,9.87502,14.820364,11.616783,37.797115,40.110096,10.131594,36.187336,36.187336,8.039018,11.587117,11.587117,9.583808,-0.62295187,18.032562,18.032562,18.032564,18.032562,12.739347,11.844917,13.273324,13.457543,21.334541,17.337517,10.636271,-8.019036,3.7165654,14.877699,16.03059,-11.143998,1.3298405,-1.5332949,-6.09674,13.652396,14.872114,19.413229,6.264091,15.915739,16.301594,13.273326,8.670187,10.370703,12.297763,22.809675,15.696082,12.555851,13.191951,14.395941,15.493672,6.2210174,6.6253824,13.461055,8.332946,9.66296,8.522271,12.313132,13.687572,10.365634,8.786775,9.926863,7.7254853,14.909821,13.954938,10.212674,13.51549,2.7262428,19.86963,19.86963,19.86963,20.409203,20.17733,16.98677,11.660384,18.871143,14.095179,8.120927,10.259368,11.939364,16.056,12.686076,14.576762,11.506419,14.866962,19.826305,19.826305,8.808923,-10.597308,-28.917027,-10.00413,-7.4931464,-6.8488817,-6.265878,-5.780745,22.581339,22.58134,4.781371,14.463191,13.759984,22.185703,-4.911959,-2.0600502,22.059818,13.846873,12.279874,8.79979,14.822373,13.105451,9.885005,13.973939,13.435325,16.611433,8.673012,5.2590075,7.9741697,15.364036,23.11228,14.141393
86,-1.9639332,1.3458107,2.2403014,5.0124063,13.327256,5.3149805,13.32726,8.966763,15.170226,18.155285,11.317197,17.526926,15.170229,21.834278,1.8617666,1.8586605,1.8586619,-10.430289,-8.613789,16.830357,13.099116,13.099118,7.926447,9.166303,7.2436132,3.833294,4.913245,-21.690739,-3.9497254,-4.141344,-10.466124,1.8444383,1.5168741,-7.3778734,0.84611404,-0.8509356,-4.574682,0.5875896,6.4696302,0.75351536,0.48471546,2.4651747,3.8518155,0.97594684,-1.8945043,6.8053937,-4.469592,12.830012,-6.9785013,0.028944131,9.569602,-0.38661408,0.8915771,0.891569,10.594142,13.263593,-7.2488437,-3.406844,-1.6759421,0.7392104,12.204453,-7.2488413,-3.4068396,-1.6759391,12.2044525,6.0325475,-0.80534637,18.575119,-14.616149,-5.983689,-1.5436165,4.2573614,19.146603,13.41189,16.822977,17.571033,19.303165,19.010868,21.78816,21.788157,21.89684,5.421538,18.223919,1.9211715,1.9211704,13.500958,6.384057,37.22553,39.530907,2.6677516,35.631004,35.63101,-2.5461705,6.3717413,6.371739,1.3441157,-12.6766405,17.557262,17.557262,17.557262,17.557262,9.306417,7.0073705,10.324135,10.716582,20.983662,16.574545,3.9839175,-17.248363,-9.98549,13.447835,14.975179,-20.300034,-11.586396,-13.214551,-15.7679205,11.397319,13.482537,19.053661,-6.3458033,15.034323,15.52271,10.324136,-1.1841159,3.2054,8.094911,22.510494,14.671194,8.69901,10.384364,12.786984,14.388505,-6.462118,-5.608663,10.783086,-1.8665045,1.2552254,-1.3625352,8.126099,10.965145,3.036403,-0.6837678,2.2257226,-3.32394,13.538907,11.75587,2.8907773,10.871463,-10.721921,19.531263,19.531263,19.531263,20.092802,19.84822,16.174953,6.978462,18.487648,12.178365,-2.141619,3.215533,7.284828,15.131286,8.966758,12.975736,5.800275,13.352513,19.459848,19.459848,-0.89549255,-19.750385,-37.80171,-19.153557,-16.775711,-16.271454,-15.878344,-15.572712,22.283962,22.283962,-8.598774,12.902992,11.377299,21.893154,-15.134685,-13.605166,21.756083,11.213267,7.8839636,-0.83550227,13.374995,9.925179,2.251942,11.376568,10.443517,15.728279,-1.1471785,-8.140927,-2.9480832,14.221732,22.797213,12.152912
87,3.5461876,6.3588104,6.9660673,8.60849,13.11415,8.772767,13.114152,10.67833,14.428773,16.871078,11.92147,16.303436,14.428775,19.87564,6.66098,6.6588054,6.658805,-6.127456,-3.7803838,15.767102,12.959171,12.959171,10.129956,10.766631,9.780557,7.93061,8.5472355,-19.943005,1.4610417,1.3220942,-6.1472306,6.666404,6.4303665,-2.1573603,5.9542503,4.53662,0.8278309,5.7588453,9.381043,5.881814,5.6698165,7.096977,7.9398217,6.058916,3.5484226,9.55472,0.92962337,12.787986,-1.7648537,5.297855,10.9814,4.9314165,5.9532843,5.953277,11.52475,13.06762,-2.115702,1.9978611,3.675615,5.828428,12.4144945,-2.1156998,1.9978645,3.675617,12.414493,9.161868,4.5311728,17.194326,-11.624587,-0.56982106,3.9289076,8.187296,17.658596,13.176437,15.754189,16.385538,17.789911,17.551884,19.837341,19.837337,19.90056,8.830967,16.846985,6.724846,6.724847,13.2413435,9.344243,33.210754,35.3137,7.2293587,31.76882,31.76882,2.9228065,9.34172,9.34172,6.3452196,-9.108981,16.385502,16.385502,16.385504,16.385502,10.840793,9.664415,11.382006,11.590507,19.049988,15.447568,8.025616,-14.863822,-5.4910407,13.192613,14.234177,-18.403217,-7.6495514,-9.825184,-13.061249,11.958369,13.222842,17.598955,-1.0362973,14.36515,14.742848,11.382007,4.180126,7.5591154,10.232916,20.440472,14.052204,10.532567,11.406013,12.771102,13.851262,-1.1704102,-0.2116676,11.629845,3.5662131,6.239289,4.054799,10.249272,11.736236,7.4489765,4.695462,6.9495215,2.1375225,13.251415,12.159043,7.3701305,11.669888,-6.479342,17.988472,17.98847,17.98847,18.44089,18.234722,15.145091,9.643131,17.152367,12.407038,3.3704312,7.5823283,9.813674,14.405583,10.678329,12.8931,9.036864,13.11487,17.885286,17.885284,4.4408174,-17.78725,-36.55915,-17.113613,-14.290123,-13.677595,-13.194804,-12.817872,20.246262,20.246262,-3.5871036,12.845695,11.950736,19.924038,-12.274173,-10.334466,19.768164,11.8718605,10.122678,4.502342,13.150204,11.170438,6.970377,11.959183,11.451329,14.809641,4.2110605,-3.1325183,2.439921,13.730628,20.610535,12.38139
88,9.717715,11.295964,11.730887,12.922133,17.027685,13.152879,17.027687,14.749351,18.380085,20.96629,15.905763,20.415743,18.380085,24.660826,11.768585,11.767275,11.767277,4.101272,6.018587,19.760721,16.93257,16.932571,14.147155,14.696923,13.848666,12.46457,12.821641,-14.325205,8.869266,8.67468,3.9392245,11.660699,11.520122,6.7255793,11.159926,10.349851,8.495732,11.010689,13.597369,11.102172,10.991739,11.856381,12.447156,11.180652,9.835443,13.730006,8.560506,16.706928,7.0642643,10.779671,15.011489,10.606611,11.293899,11.293895,15.503657,16.985147,6.940153,9.161469,10.089345,11.23178,16.394838,6.940155,9.161471,10.089347,16.394836,13.505471,10.464433,21.37799,-3.7310774,7.5713234,9.957111,12.5927305,21.929657,17.047058,19.760574,20.429611,22.091389,21.80347,24.612629,24.612625,24.72534,13.226597,21.08308,11.682866,11.682866,17.07457,13.606469,40.499916,42.823227,11.981039,38.884705,38.884705,9.512195,13.576825,13.576825,11.355446,-0.0011349209,20.408985,20.408985,20.408987,20.408987,14.83023,13.861516,15.386596,15.584665,23.79686,19.649246,12.540388,-8.944987,4.6027765,17.115566,18.302372,-12.887071,2.068122,-0.99886775,-6.168344,15.825044,17.11523,21.837276,7.4257283,18.215393,18.615662,15.386596,10.268561,12.243133,14.342208,25.370039,17.97583,14.616605,15.325053,16.620308,17.763157,7.371807,7.8489966,15.596259,9.875651,11.428067,10.108941,14.359469,15.807561,12.231936,10.426799,11.752399,9.133589,17.154568,16.12121,12.073917,15.653802,3.5454688,22.312721,22.312721,22.312721,22.874546,22.630852,19.290066,13.69139,21.275078,16.288742,9.640254,12.135662,13.963378,18.346115,14.749349,16.794905,13.467776,17.090298,22.25494,22.254938,10.430711,-12.291292,-30.715408,-11.618938,-8.139615,-7.182787,-6.396801,-5.770563,25.132198,25.132198,5.7865868,16.692654,15.917386,24.72231,-4.705822,-1.5809027,24.579472,15.969825,14.311139,10.427127,17.056982,15.204303,11.719993,16.09755,15.538128,18.905018,10.277102,6.2857146,9.4154625,17.632296,25.665546,16.32871
89,-6.8173738,-3.320703,-2.3862267,0.5867104,10.530852,0.8422184,10.530856,4.879537,13.542466,18.693874,7.693409,17.560774,13.542472,23.497538,-2.9307365,-2.9341142,-2.9341142,-16.437462,-14.160962,16.49749,10.096079,10.096082,3.818337,5.2206206,3.0612438,-0.7251103,0.5020084,-30.381569,-9.07608,-9.207176,-16.450676,-2.8770273,-3.2350104,-12.642053,-3.914671,-5.6950827,-9.711095,-4.168302,2.1562917,-4.0032473,-4.2928696,-2.168413,-0.6869872,-3.753815,-6.805428,2.5336595,-9.604319,9.796627,-12.267894,-4.7751765,5.591181,-5.2279615,-3.9371898,-3.9371986,6.815403,10.437867,-12.60703,-8.491883,-6.6765556,-4.106506,8.843396,-12.607029,-8.49188,-6.676552,8.843393,1.6027808,-5.7132516,19.26188,-22.205593,-11.124576,-6.395084,-0.22771534,20.086668,10.737275,16.459343,17.7756,20.28822,19.884682,23.442038,23.442034,23.539436,0.94309515,18.590559,-2.791468,-2.7914655,10.946785,2.0242636,40.379257,42.695,-1.9737399,38.75347,38.75347,-7.5104322,2.0323792,2.032379,-3.3631172,-19.610199,17.787193,17.787193,17.787193,17.787193,5.3375998,2.7273886,6.474534,6.9510126,22.282722,15.603423,-0.5626135,-25.401485,-15.793344,10.704456,12.974098,-28.882133,-18.014389,-20.365784,-23.625868,7.9327784,10.808253,19.986206,-11.570553,13.506416,14.340562,6.474534,-6.107195,-1.4255702,3.9178274,24.306644,12.73441,4.5864706,6.6300797,9.826905,12.268926,-11.708445,-10.764231,7.052431,-6.795784,-3.530383,-6.248085,3.9522815,7.159348,-1.6331527,-5.519388,-2.420077,-8.358525,10.888418,8.282586,-1.7308936,7.150421,-16.799446,20.626663,20.626663,20.626663,21.35523,21.021778,14.973208,2.8009965,19.21724,8.917362,-7.0176353,-1.3317847,3.0395477,13.496665,4.8795357,10.015681,1.3034437,10.482198,20.438128,20.438126,-5.814832,-28.284569,-46.760582,-27.622545,-24.841679,-24.238663,-23.766434,-23.395443,24.029762,24.029764,-13.954626,10.000611,7.797987,23.567778,-22.864033,-20.90473,23.347202,7.4339943,3.6361768,-5.735135,10.608224,5.985673,-2.364782,7.59309,6.5259304,14.269546,-6.065645,-13.539754,-8.017495,12.007558,24.572742,8.817782
90,-6.801561,-4.9146824,-4.397375,-2.5033376,4.8757315,-2.407544,4.8757343,0.7016541,6.5309067,9.445649,2.9490101,8.718387,6.5309086,12.9631605,-4.8579106,-4.859952,-4.859951,-11.839988,-10.552567,8.111414,4.6049824,4.6049814,-0.07018611,1.0765402,-0.6671176,-3.3995895,-2.5297487,-23.544895,-7.9953985,-8.006615,-11.82105,-4.7594395,-4.969718,-9.663362,-5.317171,-6.2727523,-8.277544,-5.438315,-1.4211608,-5.357174,-5.52586,-4.2908874,-3.3574336,-5.2018585,-6.8525352,-1.1232862,-8.231711,4.4222393,-9.51697,-5.7868547,1.3034691,-6.046007,-5.4025803,-5.402585,2.2876794,4.815874,-9.712621,-7.7273846,-6.880487,-5.501567,3.7742841,-9.712621,-7.7273817,-6.8804846,3.7742827,-1.89892,-6.35069,9.819936,-16.198915,-8.888236,-6.6025753,-3.0373218,10.380074,4.9953513,8.092659,8.858418,10.526546,10.245816,12.919478,12.919476,12.968041,-2.3562415,9.352414,-4.7001886,-4.70019,5.114918,-1.5537708,27.773941,30.012733,-4.195174,26.225182,26.22518,-7.208391,-1.5316832,-1.5316832,-4.98029,-14.084335,8.867168,8.867167,8.867168,8.867168,1.1344632,-0.9997742,2.0168686,2.3886473,11.900741,7.637332,-3.295871,-18.976913,-11.430684,4.976698,6.237223,-22.118402,-12.879498,-14.686245,-17.426472,3.1692326,5.0374002,10.325096,-9.152979,6.504981,6.945465,2.016869,-6.5499268,-3.8785844,-0.07241951,13.604823,6.0995617,0.4642247,2.1847694,4.454124,5.854223,-9.226733,-8.74674,2.473728,-6.869795,-5.1549397,-6.576499,-0.04693194,2.5013213,-4.0438166,-6.1818333,-4.4375544,-7.6221027,5.0846257,3.3847034,-4.0428257,2.545911,-12.037804,10.774507,10.774507,10.774506,11.302291,11.052194,7.2973146,-0.8374037,9.796226,3.857682,-6.9116955,-3.7356493,-0.74930465,6.5054097,0.7016516,4.563936,-2.154248,4.8381004,10.608651,10.60865,-6.4101906,-21.555826,-39.87576,-20.944149,-18.483692,-17.958778,-17.54285,-17.217583,13.378324,13.3783245,-10.332418,4.5604267,3.0324123,13.017839,-16.759418,-15.122351,12.80317,2.6983302,-0.3380376,-6.3436794,4.9208856,1.6130091,-4.375949,2.8001883,2.0049431,6.9213524,-6.5214443,-10.179582,-7.5147123,5.7098007,13.764889,3.7710273
91,-6.6067386,-4.724122,-4.19211,-2.2203605,5.5139284,-2.0853026,5.5139318,1.1691082,7.239254,10.173856,3.4966319,9.500145,7.239259,13.758717,-4.633177,-4.6352415,-4.6352425,-11.358749,-10.147368,8.860546,5.2313204,5.2313213,0.32870334,1.5272002,-0.3031826,-3.168762,-2.2544725,-22.67738,-7.742222,-7.755532,-11.342238,-4.5420766,-4.7559566,-9.308611,-5.119418,-6.082389,-8.007934,-5.244164,-1.0646544,-5.160139,-5.33006,-4.0748587,-3.130665,-5.0056257,-6.6486635,-0.762365,-7.9639883,5.032626,-9.167541,-5.5952044,1.7858224,-5.8520517,-5.1967096,-5.1967163,2.802331,5.4511065,-9.352246,-7.4849296,-6.6689672,-5.2953367,4.362974,-9.352246,-7.484927,-6.6689663,4.362972,-1.5342377,-6.151103,10.560356,-15.399632,-8.586737,-6.4129686,-2.799218,11.126722,5.6345243,8.843698,9.598908,11.272684,10.98841,13.712689,13.712686,13.794827,-2.0234792,10.150736,-4.4839854,-4.483987,5.7558327,-1.1856478,28.997036,31.286583,-3.9766123,27.412758,27.412758,-6.9927354,-1.1695251,-1.1695265,-4.7845473,-13.407423,9.598706,9.598704,9.598706,9.598704,1.5985897,-0.62693447,2.5168383,2.9051702,12.779853,8.455983,-3.061733,-18.10039,-10.978697,5.6189613,6.9603167,-21.247026,-12.307837,-13.962066,-16.580238,3.718863,5.679943,11.052619,-8.831246,7.192466,7.6494813,2.5168417,-6.3497677,-3.6530612,0.35857284,14.434551,6.7891016,0.92167294,2.6828845,5.0601482,6.5326376,-8.900439,-8.44997,2.9967186,-6.6639338,-4.9446125,-6.3801956,0.3862395,3.0391634,-3.81332,-5.9915867,-4.228619,-7.3899307,5.729334,3.9526074,-3.8238406,3.073889,-11.5429945,11.511306,11.511305,11.511306,12.050322,11.803456,8.089884,-0.49572736,10.51382,4.435381,-6.711301,-3.5332825,-0.36172873,7.211993,1.1691047,5.1795597,-1.7913792,5.485509,11.386478,11.3864765,-6.209839,-20.684189,-38.996452,-20.072214,-17.61286,-17.096241,-16.694447,-16.380161,14.202026,14.202027,-9.943389,5.172474,3.581325,13.816871,-15.937316,-14.376057,13.635898,3.2467463,0.091663726,-6.146263,5.5598574,2.108908,-4.1699123,3.3602297,2.5242486,7.682829,-6.3203955,-9.795189,-7.2821774,6.381609,14.6567545,4.3561172
92,6.3092003,7.6473103,8.015549,9.032447,12.672002,9.22865,12.672004,10.607341,13.973451,16.487959,11.64159,15.943982,13.9734535,19.979483,8.052046,8.050985,8.050984,0.99528575,2.914301,15.31136,12.585594,12.585594,10.070306,10.550868,9.80886,8.633033,8.934772,-13.590034,5.584177,5.4141293,0.84766424,7.9565554,7.8390985,3.6378515,7.5313935,6.8437777,5.2462873,7.3999777,9.601642,7.4787083,7.386673,8.114255,8.618353,7.544671,6.4062753,9.714662,5.3042507,12.370814,3.9396722,7.206734,10.832177,7.063313,7.6506243,7.6506214,11.270422,12.630454,3.820507,5.8288307,6.635992,7.595792,12.084979,3.8205078,5.8288326,6.635995,12.084977,9.52967,6.9416995,16.882662,-6.124402,4.4259934,6.517931,8.74623,17.412601,12.688993,15.310815,15.961026,17.564995,17.28976,19.934555,19.934555,20.04475,9.294284,16.59012,7.966587,7.9665866,12.715415,9.61225,35.383804,37.690037,8.217761,33.782482,33.782482,6.1355762,9.588101,9.5881,7.702079,-3.02191,15.942333,15.942332,15.942333,15.942333,10.673425,9.833324,11.169984,11.350503,19.187433,15.19942,8.704275,-9.022935,1.501404,12.754764,13.891419,-12.16936,-1.0151622,-3.9486358,-7.4886923,11.558736,12.753095,17.323376,4.282845,13.813577,14.2015295,11.169985,6.7752585,8.443392,10.247695,20.641949,13.5816145,10.49159,11.111723,12.290139,13.378281,4.2317095,4.672345,11.357726,6.439229,7.7544966,6.638047,10.263484,11.558288,8.436591,6.9065256,8.035125,5.8140755,12.793488,11.839033,8.301268,11.412295,0.45243979,17.776833,17.776833,17.776833,18.310276,18.079525,14.85374,9.671796,16.78561,11.986755,6.245493,8.357127,9.914464,13.938732,10.607341,12.453563,9.505473,12.736559,17.721163,17.72116,6.9143004,-11.607377,-30.043194,-10.995537,-8.540723,-8.019447,-7.6065407,-7.2746572,20.41947,20.419472,2.7136724,12.356507,11.647228,20.03693,-6.740103,-4.495041,19.912716,11.709781,10.228654,6.9171057,12.69889,11.006076,8.001489,11.826394,11.31134,14.480294,6.781848,3.1919806,6.048816,13.251073,20.931698,12.02472
93,20.414427,21.777569,22.157036,23.235191,27.043972,23.449047,27.043972,24.93523,28.267948,30.527344,26.022633,30.084984,28.267948,33.736233,22.210815,22.209717,22.209717,15.715861,17.31379,29.48439,26.965961,26.965961,24.350504,24.870657,24.073196,22.811153,23.139694,-5.9390783,19.714264,19.5321,15.553623,22.1088,21.99094,17.871086,21.670603,20.96989,19.38624,21.539257,23.853596,21.619417,21.52518,22.270754,22.798466,21.685837,20.527573,23.975351,19.443336,26.753407,18.17115,21.342209,25.184053,21.19722,21.794987,21.794983,25.646275,27.00838,18.078901,19.961937,20.76567,21.744482,26.473932,18.078903,19.961937,20.76567,26.473932,23.775925,21.077574,30.894442,8.969695,18.586155,20.626554,22.930405,31.371452,27.05695,29.488499,30.063797,31.506416,31.257618,33.69323,33.693222,33.818226,23.519707,30.684183,22.120676,22.120676,27.075068,23.86439,49.518276,51.927216,22.37598,47.848743,47.848743,20.255371,23.833542,23.833542,21.836388,12.246736,30.038872,30.038872,30.038872,30.038872,25.006298,24.100248,25.541492,25.726994,33.102013,29.452961,22.88235,3.5658872,16.104286,27.126797,28.22878,-3.0882933,13.993264,11.412862,6.621892,25.93275,27.120901,31.274704,18.47885,28.09153,28.444834,25.541492,20.911953,22.61236,24.545807,34.380062,27.904087,24.80925,25.469273,26.658842,27.710793,18.433235,18.830868,25.732124,20.569904,21.909164,20.768007,24.562716,25.943972,22.60401,21.037859,22.181675,19.935822,27.160854,26.22068,22.45934,25.786911,15.218179,31.684956,31.684952,31.684956,32.176483,31.971937,29.122488,23.922668,30.784184,26.361126,20.351322,22.510231,24.18629,28.234118,24.93523,26.82923,23.749022,27.110071,31.677822,31.677818,21.05356,-1.8771975,-29.348555,-0.60397726,4.507994,5.5720177,6.388604,7.0148964,34.166794,34.166798,17.057943,26.726707,26.032299,33.791595,8.077195,10.948901,33.70372,26.099632,24.52483,21.04874,27.070396,25.367083,22.145555,26.225224,25.69022,28.770279,20.914753,17.523153,20.185364,27.592737,34.702164,26.405256
94,-6.7308435,-5.218252,-4.7929096,-3.2495599,3.516225,-3.1662533,3.5162284,-0.586262,5.3817863,8.331916,1.508228,7.6520166,5.38179,11.785087,-5.1686363,-5.1703033,-5.1703024,-11.054744,-9.89645,7.0420685,3.2168539,3.2168543,-1.2552116,-0.26482606,-1.7474953,-3.9755356,-3.2581,-22.496841,-7.720546,-7.7212477,-11.032311,-5.083645,-5.2587614,-9.112633,-5.539139,-6.311119,-7.9496965,-5.63495,-2.3599055,-5.569927,-5.7059655,-4.698079,-3.9398267,-5.44556,-6.7721634,-2.118849,-7.912674,3.024534,-8.993194,-5.919881,-0.05814522,-6.1303806,-5.6083727,-5.6083746,0.8611836,3.4516377,-9.1672,-7.5000024,-6.804347,-5.6896467,2.3429806,-9.1672,-7.5,-6.804345,2.3429785,-2.7546434,-6.3800197,8.692542,-15.130711,-8.453333,-6.5751863,-3.6856449,9.231249,3.653968,7.0232067,7.7703485,9.369111,9.09794,11.740081,11.740078,11.802457,-3.1260242,8.267995,-5.037813,-5.037813,3.7962244,-2.469584,27.132854,29.426376,-4.6243744,25.55061,25.55061,-7.070588,-2.4559739,-2.4559748,-5.2738037,-13.112197,7.7742567,7.774255,7.7742567,7.7742567,-0.21585244,-2.026136,0.5945314,0.95351523,10.761828,6.580613,-3.8962848,-17.87418,-10.676797,3.6261158,5.0392246,-21.048557,-12.000593,-13.679383,-16.325758,1.729111,3.6986594,9.171026,-8.682374,5.353787,5.835932,0.5945317,-6.5403166,-4.3654804,-1.2571068,12.451676,4.902676,-0.78765285,0.7578598,3.0594072,4.622673,-8.748839,-8.338443,1.0368605,-6.793727,-5.412398,-6.558982,-1.2385978,1.0635228,-4.504348,-6.2439594,-4.8233976,-7.411627,3.7481964,1.9432304,-4.5013285,1.1128408,-11.2303095,9.60275,9.602749,9.60275,10.119046,9.878035,6.218405,-1.8879112,8.659177,2.424526,-6.819626,-4.255555,-1.8202107,5.3508315,-0.5862639,3.1700773,-2.9654946,3.474455,9.463831,9.463829,-6.4293785,-20.477173,-38.872093,-19.855438,-17.379185,-16.854847,-16.442308,-16.120964,12.21791,12.21791,-9.694366,3.1759794,1.5870583,11.841732,-15.675899,-14.105919,11.638087,1.2538474,-1.4773059,-6.374959,3.5614383,0.22612658,-4.76966,1.3542409,0.5930108,5.8112974,-6.5173817,-9.5686035,-7.3307285,4.460246,12.639328,2.3433166
95,10.189879,11.376157,11.7162485,12.634051,15.833609,12.826575,15.833609,14.044698,16.935177,19.013304,14.950505,18.602814,16.935177,22.148846,11.790267,11.789293,11.789293,5.956646,7.52905,18.049559,15.7772875,15.7772875,13.549472,13.96395,13.323007,12.284094,12.542644,-11.964551,9.631385,9.4619665,5.8105025,11.685739,11.583106,8.026656,11.290249,10.673727,9.345508,11.171314,13.15588,11.245151,11.1627035,11.817439,12.268277,11.300092,10.295205,13.253606,9.39501,15.584287,8.293522,10.999606,14.244126,10.875487,11.417693,11.417691,14.629634,15.806489,8.22091,9.837622,10.52408,11.37366,15.347306,8.220911,9.837623,10.524081,15.347304,13.1045065,10.7831335,19.363907,-1.2785974,8.642803,10.3770075,12.377109,19.81751,15.841565,18.055737,18.57973,19.9505,19.712755,22.106354,22.106352,22.22432,12.889321,19.170649,11.695957,11.695957,15.851402,13.172005,37.42565,39.731735,11.915416,35.823483,35.823483,10.069293,13.144568,13.144567,11.437095,2.2844574,18.554592,18.554592,18.554594,18.554592,14.088202,13.36539,14.542941,14.701226,21.481323,18.040287,12.349465,-6.4212503,6.3667574,15.911847,16.913177,-10.487714,4.1738286,1.3479856,-3.6400435,14.853141,15.899974,19.728886,8.556249,16.7739,17.0988,14.542941,10.639192,12.123389,13.72679,22.783785,16.604311,13.944001,14.467242,15.491844,16.427296,8.520909,8.8601,14.69656,10.336279,11.512955,10.504483,13.741712,14.899329,12.12674,10.733164,11.741851,9.808478,15.940181,15.121237,11.9894495,14.749732,5.4679527,20.125727,20.125727,20.125727,20.602818,20.401646,17.73409,13.195099,19.254082,15.2336,10.138616,12.021924,13.432898,16.90258,14.044696,15.643101,13.09254,15.906624,20.11139,20.11139,10.763522,-9.881446,-28.538733,-9.190995,-5.600963,-4.640213,-3.8618128,-3.2461848,22.571983,22.571985,7.298651,15.550105,14.961312,22.203608,-2.2093918,0.78833544,22.108965,15.042594,13.7256155,10.758321,15.855278,14.398598,11.702656,15.154608,14.68279,17.406612,10.641524,7.7203455,10.029282,16.320799,23.08656,15.281795
96,-0.10640307,0.047391377,0.0690845,0.13475645,0.43422607,0.13484451,0.4342264,0.22413452,0.7200122,2.0999534,0.30336717,1.666867,0.72001284,4.634577,0.044521384,0.0444291,0.044429086,-2.4054644,-1.606997,1.3412015,0.40614498,0.4061448,0.20364136,0.23664705,0.18630502,0.10409616,0.13354507,-12.362267,-0.3499679,-0.35122722,-2.3887,0.050228566,0.040459942,-1.079885,0.024747793,-0.046356034,-0.44332105,0.01782132,0.1630742,0.022144202,0.011634832,0.07099584,0.105282694,0.031016808,-0.116172135,0.17144117,-0.42853734,0.392286,-1.0094864,-0.0065325685,0.24073783,-0.027660754,0.016731799,0.016731571,0.27528727,0.42661795,-1.1198952,-0.2841185,-0.1264036,0.0100202635,0.34588915,-1.1198947,-0.284118,-0.1264033,0.34588903,0.14878438,-0.05757403,2.3297431,-5.627029,-0.67962116,-0.08124077,0.11766362,2.692208,0.4475658,1.3314267,1.7511784,2.7947547,2.6066253,4.5978537,4.597851,4.6452804,0.13601604,2.0401607,0.05300504,0.053004984,0.46164593,0.15896523,18.758144,21.006218,0.07452372,17.215034,17.215034,-0.17299643,0.16076502,0.160765,0.04298327,-3.9626997,1.7568929,1.7568924,1.7568929,1.7568933,0.23688845,0.174547,0.26549122,0.28014004,3.8074043,1.1182008,0.1078673,-8.024386,-2.1426888,0.4439255,0.6454858,-10.98074,-3.101135,-4.4231024,-6.649173,0.31747115,0.45175454,2.6573582,-0.81828856,0.72029644,0.85161096,0.26549125,-0.08012517,0.08620055,0.20216426,5.1864853,0.6168032,0.21667492,0.27427328,0.39954567,0.57034266,-0.8560747,-0.6232896,0.2845039,-0.12052108,0.030937001,-0.080721006,0.20311734,0.2827737,0.07878946,-0.038050476,0.06602067,-0.25727808,0.45454922,0.32585618,0.08060154,0.2855063,-2.5288951,2.962351,2.9623508,2.9623516,3.331659,3.157004,0.9756664,0.18324748,2.314502,0.35752124,-0.12195322,0.09430215,0.1827045,0.71392757,0.22413446,0.40678233,0.1397077,0.42779404,2.8507187,2.8507178,-0.06459865,-10.445416,-28.489323,-9.865707,-7.5766363,-7.110081,-6.745983,-6.4668164,4.990856,4.990858,-1.4655764,0.40851736,0.30722785,4.6806555,-6.0908976,-4.770483,4.508748,0.2903843,0.19238774,-0.058482688,0.43959665,0.2505458,0.06921475,0.29288346,0.26268905,0.8335251,-0.07627374,-1.3855354,-0.2387271,0.54411775,5.335971,0.34760928
97,-6.281309,-2.5771253,-1.5961069,1.5521573,11.895817,1.8169333,11.895822,6.0720687,14.71968,18.920301,9.010512,18.055527,14.719683,23.169205,-2.1722898,-2.1758144,-2.1758149,-15.577065,-13.55324,17.197033,11.460925,11.460926,4.9617605,6.4409466,4.1660438,0.16166726,1.468231,-29.20496,-8.6294565,-8.766333,-15.57922,-2.1166599,-2.4913938,-12.123385,-3.19827,-5.0850086,-9.282225,-3.466386,3.204271,-3.293625,-3.5982556,-1.368824,0.20423985,-3.0318544,-6.270075,3.6035898,-9.1737585,11.158305,-11.7818775,-4.1059637,6.8197784,-4.5869904,-3.2210305,-3.2210412,8.104074,11.804751,-12.107167,-8.032199,-6.13019,-3.3974888,10.190771,-12.107164,-8.032197,-6.130188,10.190768,2.6132214,-5.1018076,19.400915,-21.111414,-10.671286,-5.8291187,0.6944741,20.094135,12.098874,17.174496,18.18835,20.271301,19.925098,23.117037,23.117033,23.210783,1.9189706,18.892607,-2.0255687,-2.0255668,12.300899,3.0616033,39.195984,41.48368,-1.1638141,37.610474,37.610474,-7.010404,3.0705132,3.0705101,-2.6205575,-18.558863,18.189297,18.189299,18.189297,18.189297,6.5565906,3.802821,7.74499,8.240288,22.06057,16.559372,0.33652252,-24.345394,-14.997186,12.06808,14.229547,-27.752789,-17.030758,-19.284245,-22.551756,9.258486,12.168996,20.003609,-11.110982,14.66927,15.4037695,7.7449923,-5.524094,-0.5809034,5.056035,23.930204,13.983968,5.760812,7.908858,11.188097,13.558883,-11.242485,-10.330117,8.34407,-6.256173,-2.7968109,-5.674492,5.090948,8.451692,-0.805715,-4.8950977,-1.6356356,-7.891663,12.246953,9.613319,-0.90528095,8.448068,-15.891941,20.556936,20.556934,20.556936,21.19516,20.906765,16.017263,3.897813,19.341946,10.266103,-6.492258,-0.47642213,4.134082,14.674447,6.072067,11.377252,2.2944226,11.847462,20.413012,20.41301,-5.2125154,-27.168606,-45.396835,-26.52401,-23.782158,-23.172087,-22.692343,-22.316818,23.671064,23.671068,-13.329173,11.3655,9.121022,23.2353,-21.77549,-19.805313,23.03141,8.738496,4.7567244,-5.126383,11.969709,7.2321906,-1.5754225,8.899756,7.7923746,15.395832,-5.481354,-12.9759035,-7.5399637,13.315958,24.183107,10.163234
98,-5.8918886,-2.6081386,-1.7007508,1.3163617,10.457782,1.5184127,10.457786,5.6576924,12.412412,15.707307,8.259791,14.925154,12.412414,19.532297,-2.3522348,-2.3556182,-2.3556185,-13.858708,-11.993298,14.230315,10.148403,10.148404,4.6513424,6.0596147,3.8780434,-0.056578968,1.2454965,-28.788536,-7.8927994,-7.949711,-13.844516,-2.250397,-2.6091428,-10.664786,-3.239627,-4.9241753,-8.378621,-3.4696147,2.9063036,-3.3212721,-3.6037498,-1.5088264,-0.00402442,-3.0685594,-5.934375,3.3024065,-8.299716,9.941091,-10.407813,-4.06386,6.3594146,-4.504977,-3.315472,-3.3154802,7.4995575,10.391051,-10.707075,-7.4387093,-5.8971725,-3.4832163,9.210259,-10.707075,-7.4387045,-5.897169,9.210258,2.2845442,-4.995515,16.11053,-19.707052,-9.424443,-5.5288544,0.48760343,16.718287,10.59974,14.209475,15.069473,16.871006,16.566662,19.483215,19.483212,19.546612,1.608367,15.623345,-2.1637154,-2.163717,10.739263,2.7438502,34.77762,36.94155,-1.3319306,33.294994,33.29499,-6.5600004,2.76494,2.7649362,-2.6805935,-16.889355,15.077851,15.07785,15.077851,15.077852,6.1441402,3.484481,7.1876974,7.617623,18.37513,13.706609,0.11342913,-23.376759,-13.294326,10.579619,12.070297,-27.198427,-15.300053,-17.684093,-21.32909,8.501624,10.647222,16.650337,-9.832397,12.378951,12.890943,7.1876984,-5.3587375,-0.7921078,4.693141,20.253448,11.897825,5.364226,7.363138,9.971853,11.607267,-9.949079,-9.173486,7.7104616,-5.943176,-2.9146273,-5.4455266,4.726443,7.761019,-1.0302544,-4.7599936,-1.7568629,-7.2872744,10.6996155,8.763101,-1.0814493,7.792034,-14.146773,17.136147,17.136145,17.136145,17.705107,17.43686,13.312981,3.6363885,16.08314,9.292807,-6.0760736,-0.62825555,3.8070457,12.381511,5.657691,10.097358,1.9462159,10.417935,16.97113,16.971127,-5.0979176,-26.551079,-45.46245,-25.83353,-22.731327,-22.03548,-21.48662,-21.05939,20.000212,20.000212,-11.719064,10.094974,8.363267,19.593906,-20.45911,-18.27665,19.362717,7.9940987,4.376807,-5.003519,10.5102,6.723848,-1.6787533,8.114877,7.187579,12.874559,-5.3148084,-11.450826,-7.058095,11.438243,20.437876,9.198489
99,9.012818,10.405898,10.792985,11.890073,15.848913,12.112315,15.848914,13.644355,17.13871,19.594034,14.772733,19.079674,17.138712,23.048622,10.857217,10.856115,10.856115,3.2533967,5.2972527,18.44891,15.76681,15.76681,13.048577,13.580794,12.756812,11.453962,11.78519,-13.094222,8.247843,8.054976,3.0804021,10.7413435,10.620414,6.0768995,10.291501,9.569574,7.8760295,10.151994,12.518992,10.234767,10.138935,10.899369,11.433483,10.30381,9.116234,12.645664,7.9398,15.5398035,6.420706,9.948176,13.893735,9.798711,10.425933,10.425929,14.372708,15.807361,6.2935495,8.51544,9.364268,10.370324,15.245746,6.2935505,8.515441,9.364268,15.245745,12.446865,9.68637,19.983788,-4.4437585,6.95153,9.232945,11.576894,20.492065,15.862008,18.45031,19.083378,20.643122,20.377327,23.003231,23.003227,23.118868,12.183786,19.714981,10.757625,10.757627,15.882987,12.536769,38.57452,40.891212,11.0192,36.965385,36.965385,8.844169,12.508418,12.508418,10.471343,-0.8486025,19.062237,19.062239,19.062239,19.062237,13.714465,12.7781315,14.264259,14.45831,22.27286,18.365475,11.531123,-8.495364,3.770723,15.93349,17.084702,-11.687703,1.1950934,-1.8251314,-6.527401,14.678506,15.931278,20.402456,6.7996583,16.965954,17.342222,14.26426,9.514455,11.260028,13.249415,23.715778,16.751968,13.511998,14.1966715,15.447918,16.553656,6.747881,7.2357187,14.467887,9.162295,10.541007,9.367454,13.2661915,14.686563,11.257094,9.645251,10.816156,8.500012,15.97116,14.981954,11.103175,14.520718,2.676998,20.842937,20.842937,20.842937,21.368092,21.142925,18.02075,12.604429,19.8791,15.135922,8.948995,11.154452,12.877032,17.104784,13.644355,15.625944,12.418206,15.916638,20.804754,20.804752,9.658959,-11.129886,-29.607718,-10.52608,-7.9558234,-7.296766,-6.7035313,-6.2114153,23.492958,23.492958,5.0718145,15.515354,14.778402,23.106594,-5.3243694,-2.381196,22.98914,14.8529215,13.2222805,9.656871,15.877598,14.083095,10.774362,14.979146,14.416603,17.650816,9.517831,5.6028776,8.756767,16.426958,24.018517,15.175711
100,-3.1283412,0.5015196,1.4604467,4.480154,12.808249,4.7714176,12.808251,8.721992,14.495917,17.461592,11.032144,16.811934,14.49592,21.091057,0.9679216,0.96452546,0.9645251,-11.174164,-9.6784315,16.120111,12.609781,12.609782,7.6732607,8.974977,6.9413652,3.1703508,4.386757,-22.64032,-5.3527336,-5.526281,-11.174164,0.98416567,0.62309015,-8.574359,-0.08366802,-1.9360172,-5.9943104,-0.35295516,6.0695457,-0.18036124,-0.47437245,1.6878941,3.1989932,0.06856559,-3.0948238,6.4391804,-5.8882904,12.36771,-8.278789,-0.97360384,9.349528,-1.4375738,-0.07491958,-0.074925095,10.354294,12.749512,-8.534413,-4.772599,-2.9145586,-0.24599999,11.821372,-8.534412,-4.7725945,-2.914555,11.821372,5.549982,-1.9249,17.874165,-15.438884,-7.3387504,-2.6774032,3.6559784,18.441662,12.88053,16.11023,16.871967,18.596579,18.30724,21.045315,21.045311,21.145235,4.8802633,17.504831,1.0745952,1.0745962,12.959162,5.9566245,36.337418,38.633816,1.8983023,34.747566,34.747566,-3.8122804,5.9538713,5.95387,0.47598955,-13.38823,16.86191,16.861908,16.86191,16.86191,9.100011,6.6403093,10.094455,10.470706,20.209717,15.829576,3.3355918,-18.148304,-10.758729,12.911847,14.296892,-21.237808,-12.246282,-13.965198,-16.6273,11.111499,12.943102,18.354397,-7.7126045,14.377272,14.848559,10.094457,-2.3406656,2.4709759,7.810705,21.761484,14.027444,8.442119,10.168054,12.3296995,13.768215,-7.826072,-7.005073,10.537265,-3.073283,0.33512208,-2.507468,7.841767,10.69263,2.2695775,-1.7479639,1.4333656,-4.662936,12.993869,11.428859,2.144425,10.618807,-11.403522,18.823723,18.823723,18.823723,19.371744,19.130978,15.442775,6.670311,17.795784,11.800885,-3.3298514,2.5311973,6.950572,14.462434,8.721992,12.500675,5.2671595,12.829789,18.740929,18.740929,-2.0290368,-20.686132,-38.844303,-20.086554,-17.66471,-17.147957,-16.742897,-16.426092,21.535843,21.535843,-9.536456,12.431722,11.086217,21.149225,-15.976417,-14.385341,21.00064,10.923867,7.560629,-1.9562593,12.850043,9.703578,1.4758593,11.066131,10.191558,15.016728,-2.3008215,-9.238744,-4.2923517,13.614398,22.032085,11.779693
101,7.0182476,8.65875,9.092183,10.406671,14.538238,10.557431,14.538239,12.264028,15.784879,18.125822,13.413598,17.573448,15.784881,21.025848,8.92279,8.921336,8.921337,-0.63370097,1.9971688,17.054747,14.392085,14.392085,11.763373,12.343203,11.447974,9.844546,10.3475685,-16.862309,5.8812695,5.7657604,-0.70663136,8.898379,8.736857,3.3498256,8.414081,7.581254,5.4829607,8.283832,11.090205,8.363362,8.23626,9.185613,9.841773,8.468542,7.0386286,11.245135,5.5477657,14.226588,3.6724813,8.009573,12.536405,7.807765,8.444964,8.444961,13.039943,14.492786,3.413529,6.1898556,7.1607075,8.367344,13.874204,3.4135299,6.189858,7.1607103,13.874202,10.901551,7.615746,18.441551,-7.665514,4.5500207,7.243054,10.0461035,18.885689,14.595495,17.042585,17.65552,19.014801,18.7879,20.988087,20.988087,21.052353,10.609391,18.100933,8.938354,8.938354,14.656267,11.06207,33.780067,35.758087,9.29942,32.42628,32.42628,6.6944547,11.061414,11.061413,8.665919,-4.719068,17.655293,17.65529,17.655293,17.655293,12.408167,11.345162,12.907543,13.101722,20.228083,16.757158,9.922262,-11.230153,0.11109604,14.615548,15.607709,-15.141271,-2.7569802,-5.5967293,-9.254985,13.444024,14.640548,18.83069,4.2319107,15.723962,16.07975,12.907542,7.422181,9.556836,11.859628,21.585773,15.430735,12.1289835,12.932194,14.212279,15.24081,4.137078,4.806199,13.140872,7.064083,8.620238,7.333958,11.875369,13.243453,9.482926,7.6763935,9.085643,6.254881,14.666581,13.634755,9.402266,13.175868,-1.1526048,19.202808,19.202805,19.202806,19.631863,19.436525,16.46921,11.3300295,18.396715,13.870101,6.922061,9.555467,11.482952,15.765012,12.264028,14.329757,10.789079,14.538508,19.105898,19.105896,7.5688753,-14.452529,-34.48075,-13.696607,-10.597861,-9.924928,-9.391334,-8.975509,21.393066,21.393068,2.1009157,14.28431,13.44387,21.073557,-8.378494,-6.181075,20.923904,13.369564,11.756825,7.5908766,14.573825,12.712876,9.087886,13.4516535,12.976661,16.151379,7.4337025,2.5576398,6.451679,15.124779,21.758656,13.845234
102,-6.1149817,-3.206788,-2.364221,0.49228898,9.047183,0.7055652,9.047188,4.640871,10.828099,13.878337,7.0510883,13.16942,10.828102,17.61174,-2.9444056,-2.947539,-2.947538,-12.435067,-10.9563055,12.498546,8.78402,8.784022,3.655998,4.988624,2.921173,-0.7981359,0.4204771,-24.714111,-7.800022,-7.8455954,-12.415454,-2.8611875,-3.1930544,-9.948976,-3.768761,-5.285066,-8.200988,-3.980005,2.0054278,-3.8417892,-4.0998297,-2.1756527,-0.7557231,-3.6168718,-6.15127,2.3818815,-8.136311,8.566815,-9.768944,-4.5173874,5.291107,-4.9129925,-3.8310003,-3.8310075,6.3441267,8.982253,-9.991797,-7.4135847,-6.1238317,-3.9818523,7.9176893,-9.9917965,-7.4135804,-6.123829,7.9176884,1.4351137,-5.342472,14.279807,-17.159243,-9.024455,-5.8071346,-0.29541275,14.863629,9.157612,12.48161,13.274367,15.017422,14.722095,17.563839,17.563839,17.645935,0.7947738,13.853925,-2.77825,-2.7782505,9.274178,1.8649298,32.8965,35.15595,-2.000373,31.339005,31.339005,-6.676302,1.8789104,1.8789105,-3.2687547,-14.878933,13.273764,13.273763,13.273763,13.273763,5.0816536,2.5665452,6.058728,6.4570913,16.592731,12.09552,-0.63874274,-20.061527,-11.971156,9.161407,10.558396,-23.27747,-13.592699,-15.534316,-18.434175,7.2380304,9.212226,14.78839,-9.336164,10.762824,11.240369,6.058728,-5.6541443,-1.4882567,3.7228916,18.311558,10.351888,4.362476,6.2042418,8.580507,10.087077,-9.42327,-8.834812,6.540483,-6.1564264,-3.4664595,-5.730193,3.754708,6.616499,-1.704361,-5.1370893,-2.4080098,-7.287277,9.259648,7.504235,-1.7671028,6.61806,-12.659123,15.264127,15.264126,15.264127,15.82362,15.568231,11.715531,2.6821907,14.226772,7.972003,-6.2717876,-1.3588398,2.8772976,10.795579,4.64087,8.71331,1.1253095,9.030975,15.1369,15.136899,-5.430257,-22.707933,-41.123726,-22.088078,-19.550236,-18.997925,-18.559998,-18.21869,18.07064,18.07064,-10.732749,8.694226,7.13494,17.671967,-17.73917,-16.019373,17.482595,6.8354273,3.4371126,-5.3536553,9.092943,5.6396422,-2.3409522,6.959162,6.0882797,11.300585,-5.6189904,-10.541608,-7.0946302,9.930408,18.54155,7.900584
103,-2.5686574,1.0083514,1.9752209,5.0033083,14.378491,5.3230386,14.378493,9.372843,16.46908,19.72743,12.057155,19.049988,16.469082,23.56388,1.529458,1.5260751,1.5260742,-11.814687,-9.754239,18.30597,14.097631,14.097631,8.243748,9.627186,7.4868946,3.703657,4.8958073,-23.354538,-4.720994,-4.9056883,-11.843135,1.5286233,1.1685629,-8.35476,0.4497883,-1.3870138,-5.3702884,0.17393509,6.6161885,0.35047495,0.061176684,2.213724,3.7274392,0.5931776,-2.5149424,6.9891033,-5.261174,13.806396,-7.9357047,-0.43362403,10.055689,-0.888499,0.48496577,0.48495466,11.2233515,14.304897,-8.238064,-4.1449623,-2.3069162,0.31648272,13.071626,-8.238062,-4.144958,-2.3069165,13.071626,6.1079154,-1.3554378,20.169077,-16.23698,-6.8605814,-2.1230862,4.1756907,20.773888,14.487512,18.293385,19.107563,20.937742,20.62996,23.51602,23.51602,23.625835,5.4359684,19.791027,1.6147891,1.6147903,14.601532,6.5097904,39.1346,41.44233,2.4345179,37.53637,37.53637,-3.214546,6.501073,6.501071,1.0013496,-14.240661,19.094528,19.094526,19.094528,19.094528,9.773172,7.198658,10.907523,11.35834,22.671282,17.987617,3.8726306,-18.900719,-11.283142,14.514554,16.213978,-21.95921,-13.072903,-14.805173,-17.399837,12.187198,14.56314,20.678429,-7.2587366,16.343338,16.883038,10.907527,-1.7633178,3.011035,8.403903,24.268269,15.913433,9.074405,11.0043745,13.776917,15.598068,-7.38315,-6.459009,11.442907,-2.4905765,0.8811984,-1.9435983,8.438194,11.617926,2.8246014,-1.20332,1.9552743,-4.0455146,14.622296,12.565713,2.6793354,11.539975,-12.13127,21.179863,21.17986,21.179861,21.764479,21.50828,17.54887,7.2040834,20.079138,13.071969,-2.7612226,3.0408847,7.511114,16.427683,9.372841,13.978041,5.8333263,14.386402,21.096134,21.096134,-1.4550017,-21.411095,-39.48181,-20.817787,-18.42434,-17.913874,-17.515316,-17.206059,24.03092,24.030922,-9.683843,13.9124155,12.13797,23.624968,-16.768482,-15.217127,23.478146,11.889556,8.146506,-1.3922762,14.432151,10.448866,1.9933211,12.067576,11.016582,17.065468,-1.7281661,-9.199843,-3.6594355,15.40972,24.558256,13.023586
104,0.15645811,0.32772148,0.3608867,0.46345016,0.83640796,0.46383154,0.8364083,0.60844415,0.9799541,1.3560444,0.71532905,1.2394403,0.9799542,2.0567036,0.3271069,0.32697797,0.32697797,-1.2473872,-0.762777,1.1712568,0.814005,0.814005,0.5753578,0.6283714,0.54824364,0.41450697,0.45983654,-9.178216,-0.04312927,-0.045268957,-1.2318022,0.3335364,0.3191534,-0.45812422,0.29687822,0.21278968,-0.10835992,0.2877291,0.5119199,0.29338,0.2802414,0.36342514,0.41639274,0.30473062,0.14503835,0.52569455,-0.09875688,0.80321145,-0.42444012,0.25793877,0.63428366,0.23389629,0.28929558,0.28929538,0.68109787,0.8298335,-0.48306048,0.0034826212,0.13933653,0.2805967,0.75858366,-0.48306042,0.0034830905,0.13933685,0.75858355,0.48899657,0.2034971,1.4030437,-3.5521195,-0.24304014,0.1804538,0.4369946,1.484134,0.84710085,1.1680009,1.2719612,1.5098282,1.4668067,2.0423794,2.0423787,2.0373685,0.46617648,1.3186297,0.33721694,0.3372169,0.8586482,0.5057929,12.119487,14.004723,0.36968875,10.856265,10.856265,0.09637725,0.50847507,0.508475,0.32302043,-2.25757,1.2761555,1.2761554,1.2761555,1.2761554,0.62964857,0.5323646,0.6701335,0.68836313,1.7018379,1.0844605,0.42188084,-5.4677544,-1.0807211,0.8439633,0.9415435,-7.9394517,-1.6708975,-2.6068904,-4.356491,0.72964287,0.8503626,1.4833729,-0.32071763,0.9891392,1.0373138,0.6701335,0.18093027,0.38797784,0.57415336,2.2956083,0.9382553,0.59591156,0.68116176,0.8112538,0.9162461,-0.33877656,-0.21284243,0.69331145,0.14222893,0.30665243,0.17974828,0.5757025,0.6911292,0.37825203,0.22309944,0.35659,0.028668039,0.8521741,0.73933524,0.37989926,0.694079,-1.315583,1.5541595,1.5541594,1.5541594,1.6435972,1.5964749,1.0488653,0.54270744,1.4077283,0.7717216,0.14250766,0.39965177,0.54390013,0.979287,0.6084441,0.81596375,0.47450063,0.8304616,1.5102911,1.5102907,0.1964454,-7.4752254,-24.60605,-6.9732704,-5.09822,-4.719232,-4.428758,-4.208823,2.2034318,2.2034318,-0.673776,0.8181581,0.71962625,2.0746622,-3.924338,-2.893137,1.9767748,0.7007901,0.5604085,0.20381995,0.8410048,0.64935213,0.36019325,0.7030653,0.66553974,1.0087079,0.18414617,-0.63362736,0.042518113,0.9035886,2.2984102,0.76118505
105,7.3513956,9.9638815,10.653949,12.616776,18.517437,12.904656,18.517437,15.398344,20.140549,23.019833,17.036804,22.412445,20.140553,26.675295,10.502978,10.50071,10.50071,-0.72562355,1.7440641,21.716879,18.361874,18.361874,14.597369,15.429987,14.136617,11.834466,12.512837,-17.94174,5.8453827,5.622256,-0.9013372,10.430834,10.189214,2.8248246,9.645688,8.307616,5.305073,9.42904,13.6647215,9.56657,9.36724,10.841809,11.82874,9.720311,7.4602365,13.888637,5.397195,18.116474,3.2457082,9.010464,15.792165,8.698499,9.7482605,9.748254,16.499329,18.466137,3.041499,6.289501,7.734156,9.638038,17.679867,3.0415003,6.289503,7.7341585,17.679867,13.434342,8.407554,23.436886,-9.304727,4.036746,7.717088,12.085538,23.999783,18.567429,21.71199,22.447493,24.159245,23.8692,26.62835,26.628345,26.742188,12.997336,23.106358,10.482952,10.482953,18.624914,13.64103,42.368393,44.684303,11.015879,40.756836,40.756836,6.9348726,13.61284,13.612841,10.003749,-5.4730573,22.431107,22.431105,22.431107,22.431103,15.569612,14.052408,16.318357,16.597206,25.84272,21.505491,11.9416895,-13.278475,-0.07884207,18.622265,19.999079,-16.534082,-3.1445382,-6.5507402,-11.312969,17.012554,18.638771,23.908512,3.7801988,19.987118,20.442123,16.31836,8.09904,11.424998,14.798495,27.36385,19.679857,15.207154,16.296576,18.041574,19.429106,3.6897576,4.3997617,16.630157,7.5058346,10.00672,7.9079328,14.818933,16.842329,11.335683,8.4426565,10.666898,6.308444,18.687897,17.339825,11.167943,16.70145,-1.3849905,24.38229,24.38229,24.38229,24.936827,24.696976,21.116337,13.925489,23.342724,17.596653,7.212771,11.352639,14.229405,20.104156,15.398342,18.229118,13.31385,18.564465,24.3182,24.3182,8.344756,-15.974011,-34.258698,-15.369046,-12.712481,-12.046307,-11.483809,-11.00766,27.1333,27.133305,1.5590458,18.134108,17.06712,26.735277,-10.162537,-7.1796837,26.601768,17.040447,14.696794,8.366904,18.556393,16.04778,10.652925,17.187038,16.466526,20.692959,8.121871,2.1649427,6.6754694,19.2766,27.659903,17.613958
106,20.347567,21.3858,21.692513,22.52953,25.599037,22.719627,25.599037,23.897182,26.634743,28.56649,24.765411,28.205864,26.634748,31.495401,21.789627,21.78878,21.78878,17.34135,18.405334,27.661392,25.554234,25.554232,23.40076,23.8026,23.17974,22.210722,22.434227,0.7187999,19.91727,19.75476,17.183998,21.679039,21.587164,18.64562,21.321644,20.779417,19.675085,21.209969,23.02607,21.276794,21.206936,21.783327,22.191402,21.322323,20.456013,23.119305,19.718119,25.354923,18.872948,21.063992,24.084496,20.960442,21.452213,21.452211,24.450321,25.569601,18.843876,20.090122,20.686943,21.412971,25.143238,18.843876,20.090126,20.686945,25.143238,22.990135,20.896866,28.910149,12.841894,19.089024,20.51632,22.29068,29.338999,25.596724,27.66763,28.16178,29.468685,29.241808,31.456367,31.456366,31.582348,22.783207,28.757553,21.684696,21.684696,25.598854,23.047283,46.37261,48.763443,21.877848,44.74436,44.74436,20.264334,23.01968,23.01968,21.449375,14.93831,28.133131,28.133131,28.133133,28.133131,23.92675,23.23283,24.370342,24.521013,30.982058,27.711496,22.27317,8.783116,17.57026,25.669147,26.645542,3.2364657,16.099072,14.412851,11.152409,24.652992,25.657614,29.247723,19.053535,26.452448,26.753496,24.370342,20.769445,22.069336,23.586205,32.072556,26.322052,23.797962,24.284027,25.254505,26.157682,19.032906,19.274746,24.51751,20.496408,21.527893,20.63739,23.600311,24.726368,22.080553,20.832188,21.71825,20.046661,25.695656,24.925453,21.94374,24.56843,16.942293,29.625658,29.625658,29.625658,30.075405,29.893942,27.414902,23.052683,28.790112,25.016518,20.307089,21.96534,23.29523,26.601994,23.897182,25.414902,22.98748,25.67893,29.63874,29.63874,20.880974,4.2680917,-23.636799,5.335121,9.517596,10.349513,10.975174,11.442218,31.88586,31.88586,18.105911,25.309483,24.76527,31.54584,12.260771,14.182931,31.48985,24.86891,23.591053,20.869184,25.619286,24.236856,21.676315,24.982765,24.519493,27.101673,20.769188,18.4776,20.25673,26.056622,32.407875,25.07497
107,20.16291,21.209122,21.521145,22.37207,25.454926,22.562326,25.45493,23.735054,26.496014,28.424408,24.621704,28.060654,26.496017,31.377295,21.615685,21.61483,21.61483,17.069935,18.16505,27.525494,25.411839,25.411839,23.238281,23.642597,23.019508,22.04659,22.27664,0.007091623,19.719849,19.55634,16.912334,21.505314,21.412773,18.431412,21.142914,20.598011,19.476376,21.030964,22.86731,21.098299,21.02726,21.612679,22.028004,21.144512,20.26993,22.959778,19.51976,25.211666,18.661041,20.884611,23.927755,20.780193,21.274338,21.274334,24.303642,25.425594,18.629416,19.897106,20.500353,21.234118,24.998938,18.629416,19.897108,20.500353,24.998938,22.829449,20.711958,28.768658,12.421366,18.885632,20.332668,22.129463,29.198359,25.452433,27.5323,28.014572,29.328037,29.100788,31.337566,31.337563,31.465294,22.624758,28.609045,21.511396,21.511396,25.45517,22.886986,46.33793,48.726547,21.707499,44.70536,44.70536,20.076237,22.860594,22.860594,21.272873,14.619618,27.986107,27.986107,27.986107,27.986107,23.7681,23.071209,24.222374,24.375021,30.845724,27.577168,22.108986,8.234593,17.305138,25.525242,26.5016,2.5778046,15.813048,14.079346,10.665404,24.507996,25.5138,29.106918,18.846167,26.317692,26.6194,24.222374,20.585018,21.901302,23.421549,31.96785,26.182945,23.63443,24.135506,25.110743,26.017841,18.82545,19.073357,24.37247,20.310925,21.35215,20.452919,23.435698,24.58271,21.91119,20.649178,21.54638,19.855408,25.552313,24.780684,21.774136,24.42347,16.666025,29.484648,29.484646,29.484648,29.93531,29.7528,27.279545,22.89435,28.649342,24.871614,20.121199,21.797829,23.133446,26.463163,23.73505,25.27206,22.825228,25.534954,29.497715,29.497717,20.696732,3.6399646,-24.101055,4.7316437,8.985822,9.832856,10.4825735,10.965989,31.773941,31.773941,17.870003,25.1656,24.62186,31.42863,11.812484,13.835238,31.36968,24.725597,23.42669,20.686085,25.475657,24.084064,21.505219,24.840279,24.371788,26.9628,20.58496,18.249233,20.067385,25.915855,32.300613,24.93006
108,2.0020857,4.7938333,5.3903074,6.9903936,11.56122,7.1296644,11.561223,9.028337,12.915284,15.4604025,10.306547,14.846774,12.915286,18.483425,5.023491,5.021274,5.0212746,-6.794855,-4.7694387,14.310227,11.378728,11.378729,8.512132,9.155783,8.162623,6.3339577,6.9465685,-21.694983,-0.120008186,-0.21445662,-6.7934103,5.0610394,4.8193274,-3.3607852,4.3615856,2.9604928,-0.7026197,4.177988,7.73981,4.2948027,4.081916,5.5100064,6.3447876,4.4778843,1.9746015,7.917278,-0.60892534,11.220483,-3.0545566,3.716199,9.339288,3.3418496,4.319977,4.3199706,9.90046,11.510768,-3.3766387,0.39802623,2.0370674,4.194393,10.813639,-3.376638,0.3980302,2.0370698,10.813639,7.4995003,2.9224482,15.782157,-12.62601,-1.9537189,2.3710597,6.584924,16.258827,11.638914,14.292845,14.959037,16.391562,16.148884,18.445797,18.445795,18.490858,7.179044,15.385257,5.1268034,5.1268024,11.720609,7.692473,31.001537,33.01709,5.637577,29.628296,29.628296,1.3434621,7.6957664,7.6957664,4.760603,-9.881766,14.964625,14.964625,14.964625,14.964625,9.211643,8.011901,9.744365,9.961385,17.580477,13.896506,6.417123,-16.200888,-6.1997075,11.6393175,12.673095,-20.040539,-8.306146,-10.67486,-14.19535,10.383585,11.679617,16.208342,-2.4038517,12.887647,13.275929,9.744365,2.575802,5.959726,8.585261,19.035416,12.537421,8.883226,9.798113,11.226825,12.332095,-2.5303428,-1.6487288,10.012067,1.9828413,4.62103,2.4805372,8.602097,10.084848,5.832819,3.1243308,5.3648553,0.5558095,11.708072,10.557375,5.7766337,10.050876,-7.112692,16.603228,16.603228,16.603228,17.05906,16.845135,13.5981,8.039158,15.755162,10.837602,1.819215,6.0048475,8.172816,12.894432,9.028336,11.331878,7.3548355,11.542119,16.465008,16.465008,2.825529,-19.378933,-38.70552,-18.649712,-15.556991,-14.875487,-14.3386965,-13.921664,18.842642,18.842642,-4.5181017,11.304157,10.342663,18.53059,-13.336299,-11.2431345,18.352041,10.212883,8.452838,2.8978417,11.597751,9.524806,5.398266,10.287778,9.791837,13.263795,2.611819,-4.2042317,0.8226732,12.208484,19.163105,10.795104
109,0.2581902,0.48933855,0.532789,0.6748518,1.2968957,0.6783483,1.296896,0.88834417,1.7124519,3.1837895,1.0574713,2.718643,1.7124524,5.508913,0.48884326,0.48866802,0.48866805,-2.3689146,-1.4474454,2.4170287,1.2441963,1.2441964,0.84085596,0.9204247,0.8009641,0.6071699,0.6735822,-13.191438,-0.07332665,-0.0752487,-2.3431535,0.49821162,0.47946075,-0.8586744,0.44785497,0.3377539,-0.18448564,0.43552336,0.7460266,0.44369704,0.4259084,0.5384684,0.61011106,0.4596337,0.24447937,0.76659364,-0.16731963,1.2228765,-0.785374,0.39720464,0.92874765,0.36580718,0.43657398,0.43657345,1.0020337,1.2821453,-0.90344495,0.013678845,0.23436986,0.42555335,1.1344428,-0.9034451,0.013679177,0.2343701,1.1344426,0.71179587,0.32562676,3.3913653,-6.005155,-0.44311213,0.29143572,0.6366319,3.7288477,1.3237777,2.4060357,2.8373249,3.8346794,3.6562963,5.4773064,5.477304,5.48241,0.681265,3.05128,0.5038241,0.50382423,1.3548086,0.7367766,17.716007,19.770996,0.54648024,16.315754,16.315754,0.16751835,0.74039245,0.74039245,0.4825202,-4.122826,2.8499756,2.8499753,2.849976,2.8499753,0.9204904,0.77369535,0.9809127,1.0099661,4.6318,2.0901268,0.6158826,-8.632327,-2.0613747,1.3125095,1.5800982,-11.755387,-3.1493611,-4.6457653,-7.1282396,1.0864618,1.3297024,3.7137485,-0.5852134,1.7387028,1.8997538,0.980913,0.2955607,0.57005346,0.8370464,5.985316,1.5785248,0.8714485,1.0014772,1.2404795,1.5137036,-0.623373,-0.3821919,1.020179,0.24116606,0.4617406,0.2935287,0.83888054,1.0137997,0.5561669,0.351349,0.5283699,0.05154213,1.3336351,1.0978155,0.5590591,1.0233047,-2.5004456,4.0055914,4.005591,4.005592,4.3518996,4.180853,1.9493079,0.7927499,3.3923972,1.1589024,0.23681441,0.5847148,0.7929568,1.7087569,0.88834417,1.2495046,0.6916334,1.2802938,3.8563254,3.8563251,0.31634513,-11.19402,-29.380335,-10.581593,-8.14194,-7.6299887,-7.2320166,-6.9259157,5.812416,5.812417,-1.2763484,1.2556971,1.0644284,5.5479794,-6.52013,-5.049395,5.350271,1.027232,0.8158935,0.3255548,1.3068086,0.9511348,0.5334072,1.0319023,0.9750113,1.811734,0.29999265,-1.193146,0.076793864,1.4751095,6.0244803,1.1403332
110,10.676793,11.953191,12.315692,13.321293,16.934181,13.529063,16.934183,14.909089,18.185455,20.52618,15.926214,20.052677,18.185455,23.91246,12.382136,12.38108,12.381081,6.04973,7.6920595,19.443882,16.85383,16.85383,14.353447,14.835003,14.094253,12.935069,13.229157,-12.408301,10.026436,9.852031,5.893594,12.278202,12.166419,8.252999,11.857654,11.197547,9.713111,11.731336,13.894507,11.809409,11.721173,12.424798,12.917443,11.870618,10.787698,14.005342,9.768121,16.629505,8.544178,11.546999,15.131872,11.412464,11.987814,11.987811,15.5640745,16.88954,8.456983,10.262424,11.023603,11.941068,16.357155,8.456983,10.262426,11.023604,16.357155,13.834259,11.316747,20.904385,-1.1589293,8.939146,10.876433,13.03876,21.401134,16.943558,19.443565,20.04399,21.545956,21.286963,23.866947,23.866947,23.980639,13.594804,20.65807,12.292849,12.292848,16.9651,13.91238,39.719193,42.050423,12.532075,38.096252,38.096252,10.538619,13.884175,13.884175,12.015325,2.3737407,20.020647,20.020647,20.020647,20.020647,14.963359,14.125826,15.464105,15.639389,23.148544,19.383795,13.001449,-6.398567,6.4644346,17.01389,18.13258,-10.925204,4.25387,1.4478022,-3.512962,15.8303385,17.011923,21.311516,8.8361845,18.014545,18.384079,15.464105,11.159723,12.755147,14.544137,24.588219,17.809498,14.79048,15.390789,16.540987,17.616463,8.792834,9.177042,15.646682,10.829755,12.090858,11.01451,14.560529,15.856436,12.750574,11.26337,12.341745,10.23417,17.048573,16.112421,12.60881,15.698715,5.544776,21.740616,21.740616,21.740616,22.254627,22.034977,19.051483,13.955783,20.799145,16.247456,10.619035,12.650509,14.208886,18.152367,14.909088,16.716713,13.812259,16.999458,21.705286,21.705284,11.291142,-10.289489,-28.81575,-9.543288,-5.540118,-4.5367403,-3.7411597,-3.1200945,24.359978,24.359978,7.4509835,16.607021,15.929811,23.97072,-2.0762544,0.91478676,23.847635,16.007126,14.527747,11.280286,16.962536,15.303716,12.303923,16.128794,15.613633,18.691654,11.162856,7.9125314,10.474759,17.492868,24.886051,16.292791
111,-5.5344152,-1.8420283,-0.86263865,2.2905824,12.539608,2.5501444,12.539612,6.791744,15.361182,19.779394,9.69697,18.85733,15.361185,24.131996,-1.4435692,-1.4471031,-1.4471023,-15.626237,-13.302748,17.945301,12.115871,12.115874,5.6852665,7.150396,4.892603,0.8899504,2.2011852,-30.01044,-7.9030447,-8.048048,-15.639916,-1.3849907,-1.7607269,-11.710827,-2.4683104,-4.3501043,-8.58229,-2.732963,3.9448524,-2.5621812,-2.8660245,-0.63790303,0.9352402,-2.3007185,-5.5260844,4.342351,-8.468429,11.819592,-11.313727,-3.3727338,7.5345507,-3.853911,-2.4912148,-2.4912267,8.804651,12.452796,-11.668619,-7.2933874,-5.389719,-2.6684544,10.866707,-11.668615,-7.2933836,-5.3897157,10.866703,3.354587,-4.3727236,20.27328,-21.606922,-10.088505,-5.087158,1.4270972,20.975727,12.736592,17.920652,19.00732,21.154427,20.807083,24.07766,24.077654,24.17913,2.6547174,19.738667,-1.2985675,-1.298566,12.925666,3.799698,40.686974,42.985935,-0.43691966,39.072853,39.072853,-6.2650747,3.8068821,3.8068826,-1.8859019,-18.916397,19.009548,19.009548,19.00955,19.009548,7.2689633,4.54109,8.449168,8.939148,22.985086,17.260456,1.0671353,-24.948042,-14.973899,12.711975,14.861711,-28.479362,-17.27681,-19.696745,-23.109554,9.936144,12.804126,20.883385,-10.567304,15.309857,16.05954,8.449171,-4.7928686,0.1454303,5.783932,24.921856,14.603999,6.484497,8.604527,11.837799,14.172042,-10.712369,-9.705144,9.037138,-5.5173283,-2.0738149,-4.9398613,5.8182006,9.157698,-0.07984868,-4.1631784,-0.90333354,-7.154069,12.881747,10.293039,-0.17777058,9.140876,-15.996928,21.442348,21.442348,21.442348,22.090939,21.796383,16.692097,4.6222672,20.21275,10.930393,-5.7446203,0.25329953,4.862873,15.313776,6.7917423,12.027945,3.0362751,12.496207,21.299446,21.299446,-4.4825673,-27.858257,-46.37007,-27.17738,-24.378017,-23.75594,-23.255154,-22.864265,24.653135,24.653135,-13.090347,12.013701,9.807922,24.200684,-22.302242,-20.255905,23.994497,9.4395685,5.4879184,-4.3964586,12.611379,7.940832,-0.8422327,9.60501,8.503889,16.050282,-4.7494273,-12.659946,-6.8002853,13.926421,25.18989,10.833397
112,13.541647,15.275609,15.761772,17.09659,21.424433,17.340939,21.424435,19.068647,22.812809,25.401936,20.266401,24.861614,22.812815,28.986816,15.786504,15.785068,15.785068,7.7918773,9.760867,24.200523,21.327034,21.327034,18.428722,19.014862,18.104979,16.576227,16.987457,-13.157035,12.649341,12.434406,7.602494,15.673027,15.516109,10.441101,15.114356,14.218388,12.245969,14.9480715,17.826588,15.051031,14.926794,15.898565,16.56076,15.140609,13.665025,17.972763,12.314732,21.091677,10.784127,14.688655,19.345322,14.497918,15.257268,15.257264,19.852345,21.381413,10.671953,12.952851,13.943774,15.18955,20.769928,10.671954,12.952855,13.943774,20.769928,17.72237,14.348714,25.81467,0.020554956,11.283654,13.800445,16.728483,26.354073,21.443832,24.200672,24.863956,26.511848,26.230696,28.940542,28.940538,29.06052,17.419117,25.534595,15.696973,15.696971,21.470472,17.833559,44.91347,47.278027,16.033014,43.279976,43.279976,13.331719,17.807728,17.807728,15.33819,3.65213,24.841248,24.841246,24.841248,24.841248,19.155321,18.113134,19.73452,19.939926,28.21465,24.116405,16.66142,-5.4944987,8.28243,21.516151,22.752108,-11.291072,5.7120924,2.6883965,-2.4410195,20.175568,21.515827,26.257998,11.14607,22.63372,23.03677,19.73452,14.139274,16.325695,18.630898,29.67197,22.403614,18.927265,19.664396,20.997543,22.18715,11.09129,11.570283,19.94632,13.718274,15.40862,13.966586,18.648888,20.16774,16.303707,14.308698,15.787249,12.930047,21.56205,20.490341,16.13802,20.007679,7.194577,26.724361,26.724361,26.724365,27.271557,27.038464,23.753597,17.939648,25.704472,20.653574,13.461077,16.218826,18.221186,22.777021,19.068644,21.1805,17.678604,21.493975,26.682703,26.682701,14.31302,-10.3666315,-29.66034,-9.325526,-4.564522,-3.5017362,-2.6753867,-2.0342176,29.443058,29.443058,9.481121,21.072044,20.275024,29.046186,-0.9202217,2.1667047,28.929195,20.343868,18.59765,14.309478,21.455177,19.542496,15.747535,20.471476,19.888756,23.357979,14.143182,10.016786,13.225851,22.052324,29.982712,20.696346
113,-0.2516316,-0.2585099,-0.26093704,-0.26299697,-0.091321304,-0.26580065,-0.09132099,-0.24659705,0.254565,1.6024759,-0.2055071,1.267058,0.25456586,4.015843,-0.2652197,-0.2652157,-0.2652157,-0.24726963,-0.24774146,0.90214616,-0.10956617,-0.10956609,-0.25111812,-0.24065477,-0.25562662,-0.2649879,-0.26255113,-4.686778,-0.2519477,-0.249942,-0.24619234,-0.26320332,-0.26259604,-0.24603254,-0.26003778,-0.25592613,-0.25128496,-0.25869974,-0.2627634,-0.2596678,-0.2590962,-0.26293355,-0.26475275,-0.259736,-0.25391817,-0.26081154,-0.25163937,-0.13415349,-0.24848095,-0.25811154,-0.23920894,-0.25773865,-0.26211554,-0.2621155,-0.2237927,-0.09912765,-0.24828309,-0.25430906,-0.25712353,-0.26184693,-0.16979015,-0.24828312,-0.25430906,-0.25712353,-0.16979022,-0.26550674,-0.25814286,1.8495841,-0.33365345,-0.24708387,-0.2527956,-0.26314497,2.1923833,-0.08476353,0.9053556,1.2836165,2.2999861,2.1168604,3.982239,3.9822364,4.0538917,-0.26654273,1.6584961,-0.26326364,-0.26326364,-0.07633945,-0.2634405,17.981993,20.290237,-0.26397914,16.387627,16.387627,-0.2532695,-0.26337984,-0.26337984,-0.25993785,-0.25970757,1.2751213,1.275121,1.2751219,1.2751212,-0.24092299,-0.26000768,-0.22758502,-0.22023553,3.4096758,0.8080201,-0.26528963,-1.073565,-0.2458595,-0.08016059,0.21645445,-3.4493682,-0.24944428,-0.2713001,-0.48461676,-0.20311105,-0.07566498,2.1419585,-0.24858308,0.21454969,0.36309832,-0.22758502,-0.25727433,-0.26562005,-0.25282037,4.514239,0.12079932,-0.24919355,-0.22531304,-0.13710502,0.06344287,-0.24837255,-0.24849272,-0.21905592,-0.2547878,-0.26273876,-0.25518784,-0.25243765,-0.21485502,-0.26623654,-0.25623763,-0.2626353,-0.25256404,-0.07061045,-0.18922216,-0.26396075,-0.21800536,-0.24656236,2.444847,2.4448466,2.4448473,2.8087916,2.6507862,0.62724125,-0.25604585,1.7897372,-0.17141232,-0.25142652,-0.26260424,-0.257699,0.24309322,-0.24659705,-0.12142515,-0.26792866,-0.08446191,2.3946383,2.3946373,-0.25828844,-2.9725022,-20.624832,-2.4670203,-0.8293154,-0.6273079,-0.51053756,-0.44321913,4.345269,4.345269,-0.2438879,-0.12946752,-0.20398189,4.058533,-0.3820383,-0.28205606,3.951772,-0.20608841,-0.25628215,-0.2577452,-0.08636233,-0.23509672,-0.26134032,-0.20111881,-0.22734347,0.44080713,-0.25706,-0.24674603,-0.25477105,0.029963048,4.7178807,-0.1729564
114,-4.865678,-1.5808191,-0.66710573,2.2770345,10.7756815,2.5315576,10.775685,6.471301,12.577697,15.740987,8.87557,15.041463,12.577697,19.580208,-1.1954395,-1.198755,-1.1987501,-11.385745,-9.997681,14.321897,10.546576,10.546575,5.436529,6.7474356,4.706226,0.9685891,2.1807573,-23.293985,-6.7480516,-6.8308845,-11.370938,-1.1493117,-1.4997469,-9.03856,-2.1495693,-3.852939,-7.21647,-2.3952463,3.832277,-2.2381709,-2.5156162,-0.45516217,1.0090827,-2.0001955,-4.8673544,4.202345,-7.1412582,10.30496,-8.859668,-2.981744,7.1160545,-3.4140775,-2.1700013,-2.1700084,8.165261,10.716808,-9.073325,-6.3018622,-4.7725496,-2.331393,9.711255,-9.073324,-6.301858,-4.7725453,9.711254,3.2933176,-3.880163,16.171795,-15.8979645,-8.139229,-4.4915876,1.4677386,16.776638,10.8670845,14.307012,15.119428,16.936825,16.631054,19.531668,19.531666,19.631222,2.6343338,15.771213,-1.0691117,-1.0691146,10.960365,3.703193,35.199013,37.480278,-0.26546317,33.618706,33.618706,-5.4795423,3.7107484,3.7107477,-1.619965,-13.703031,15.111702,15.111702,15.111704,15.111703,6.869982,4.3995266,7.888322,8.284079,18.618649,13.984726,1.1359131,-18.720072,-10.958814,10.893306,12.356468,-21.877396,-12.475008,-14.327155,-17.150293,8.984251,10.930862,16.688417,-8.440862,12.466259,12.966148,7.888323,-4.25029,0.27973974,5.557373,20.296108,12.08108,6.190622,7.9839473,10.277552,11.807247,-8.526785,-7.9349484,8.358335,-4.8628883,-1.7835684,-4.3691835,5.5928,8.4988165,0.08056694,-3.6874862,-0.700752,-6.1817317,10.982879,9.300126,-0.024159256,8.438985,-11.598661,17.184038,17.184038,17.184038,17.765451,17.50572,13.572159,4.450181,16.100487,9.704929,-5.042157,0.37276182,4.70129,12.543384,6.471299,10.445227,3.0032046,10.788087,17.082752,17.08275,-3.977557,-21.3178,-39.58017,-20.709257,-18.220667,-17.689022,-17.27058,-16.94155,20.052246,20.052246,-9.789776,10.388724,8.947408,19.641907,-16.470882,-14.789938,19.473,8.733275,5.293302,-3.901507,10.822948,7.469647,-0.6516816,8.881649,7.964754,13.122214,-4.2128544,-9.60218,-5.9252834,11.645457,20.560547,9.667608
115,-0.017599009,0.5276416,0.7447094,1.4803001,4.309455,1.58862,4.3094554,2.7146752,5.2678623,7.1391954,3.5284102,6.7255096,5.267864,9.883557,0.6954352,0.6947261,0.694726,-0.28526744,-0.23147982,6.2542095,4.230212,4.230212,2.3258884,2.7199676,2.117962,1.1498857,1.422266,-7.9800177,-0.13188763,-0.13732688,-0.28733534,0.65912277,0.58155596,-0.20508471,0.42255896,0.11025947,-0.14985359,0.36205542,1.9038299,0.39833415,0.34705245,0.78680587,1.1410336,0.44103742,-0.014132556,2.0013425,-0.14750795,4.0805387,-0.19970211,0.2565822,2.8964334,0.18647487,0.458749,0.4587471,3.2435825,4.271617,-0.2045854,-0.114363,0.018442074,0.42345965,3.8550246,-0.20458543,-0.114362866,0.01844231,3.855024,1.815053,0.1324299,7.440302,-1.5904264,-0.17734179,0.026600119,1.2642783,7.8456826,4.3304977,6.2562532,6.7435703,7.966487,7.7533007,9.846772,9.84677,9.940532,1.6296865,7.220605,0.6771176,0.67711747,4.3586016,1.901396,24.01724,26.26566,0.85416,22.467518,22.467518,-0.0628293,1.8987658,1.8987658,0.5428978,-0.52198863,6.7302494,6.7302485,6.7302504,6.7302494,2.7894294,2.0848472,3.1674411,3.3047764,9.257461,6.15787,1.2033107,-3.7135088,-0.26728302,4.366413,5.195278,-6.6033278,-0.35461295,-0.7276115,-2.472377,3.499406,4.3746014,7.7785406,-0.18648404,5.171525,5.452001,3.1674416,0.07630728,0.99745774,2.426666,10.426742,4.9817486,2.6148417,3.1506238,4.048409,4.83122,-0.18843102,-0.17086507,3.316218,-0.006925147,0.5305386,0.048847325,2.4375641,3.4331868,0.9696133,0.14219563,0.7445583,-0.107877746,4.4005775,3.680834,0.9115661,3.3504739,-0.29989824,8.128673,8.128672,8.128673,8.543495,8.364915,5.9039903,2.0292993,7.3631625,3.8171494,-0.031923104,0.98209995,2.1676226,5.2434707,2.7146742,4.153565,1.765145,4.3387485,8.088019,8.088019,0.118659765,-6.0682106,-24.38191,-5.49587,-3.3002737,-2.8790853,-2.5558217,-2.3087323,10.245593,10.245595,-0.22933719,4.0963044,3.5337923,9.930575,-1.9687335,-0.924624,9.832607,3.5485518,2.382506,0.12453528,4.3316984,3.0323997,0.73557806,3.6141036,3.2444856,5.622814,0.07857902,-0.22105527,-0.09034616,4.7365575,10.681024,3.8231087
116,0.073276356,2.3512285,2.8333375,4.1111755,8.080871,4.2542386,8.080873,5.8659124,9.32049,11.6765995,6.994707,11.144135,9.320493,14.832867,2.6338618,2.6321394,2.632142,-4.9489555,-3.8306658,10.588342,7.957117,7.9571176,5.355116,5.9155693,5.055204,3.5812905,4.0409794,-16.20144,-1.4374217,-1.5238609,-4.937477,2.6173763,2.4316204,-3.1093314,2.0440767,0.8784711,-1.8141067,1.8808341,4.7404757,1.9822981,1.8127366,2.932442,3.5812309,2.1197507,0.07957862,4.8817205,-1.7598416,7.7797155,-2.9777431,1.5065396,6.128725,1.2058356,2.064612,2.0646071,6.616274,8.039115,-3.133519,-1.0912808,0.19477358,1.9634826,7.452681,-3.133518,-1.0912777,0.19477513,7.4526796,4.5842714,0.88387537,12.021264,-8.953216,-2.4573321,0.38546595,3.774254,12.50464,8.126068,10.581953,11.193443,12.639559,12.391318,14.791851,14.791849,14.877923,4.3092203,11.711373,2.656192,2.6561906,8.174542,4.7196836,29.419758,31.678156,3.043374,27.859468,27.859468,-0.41880137,4.7167997,4.7167993,2.3518317,-6.9805274,11.185311,11.185309,11.185311,11.185311,5.9960566,4.9858637,6.4945827,6.6867924,14.04273,10.366957,3.6607363,-11.644741,-4.5969906,8.156756,9.187691,-14.772956,-5.894161,-7.5350595,-10.1241665,6.995357,8.173935,12.43216,-2.6760826,9.222775,9.582426,6.494583,0.5975808,3.299384,5.4711313,15.438666,8.964032,5.7353415,6.5002136,7.7448907,8.769982,-2.7373948,-2.3180084,6.717016,0.0950678,2.279165,0.4879009,5.48837,6.845189,3.2327406,1.0094001,2.8261104,-0.9933312,8.20911,7.2122364,3.1499238,6.758396,-5.1317587,12.837218,12.837218,12.837218,13.313361,13.102225,10.062179,4.9350166,11.958182,7.4180737,-0.06783196,3.3022568,5.1065617,9.295156,5.8659115,7.8731427,4.495933,8.103098,12.75847,12.75847,0.8112487,-14.212462,-32.546913,-13.60292,-11.158995,-10.641319,-10.23522,-9.920419,15.232875,15.232876,-3.6769528,7.8111763,7.013958,14.885058,-9.480166,-7.9397864,14.745069,6.9830875,5.391843,0.8564025,8.113245,6.3065515,2.8300064,7.0735984,6.5810018,9.732026,0.62195563,-3.5345745,-0.78041744,8.653678,15.6697,7.4160523
117,2.6480467,5.9173827,6.745974,9.148345,14.878824,9.374385,14.878826,11.96905,16.361362,19.095697,13.486531,18.48174,16.361364,22.563835,6.327763,6.32483,6.324832,-7.4603224,-4.7372456,17.849398,14.714541,14.714541,11.264693,12.068329,10.802697,8.148109,9.062106,-21.32122,0.53943545,0.37295547,-7.5232434,6.3371286,6.0212226,-3.1436703,5.402978,3.7305658,-0.11050901,5.158086,10.258436,5.3117924,5.0476136,6.9303074,8.165636,5.5328884,2.666769,10.499048,-0.0059010126,14.506049,-2.7295687,4.59756,12.344487,4.17669,5.4103107,5.4103017,13.001515,14.828206,-3.0628536,1.0839226,2.8308628,5.257905,14.077846,-3.0628505,1.0839263,2.8308656,14.077844,9.932567,3.7419326,19.482325,-13.293254,-1.5518036,3.0620797,8.529784,20.019932,14.939868,17.839222,18.544998,20.168224,19.894402,22.519054,22.519053,22.611835,9.458592,19.125465,6.414109,6.4141116,15.005637,10.199713,37.462284,39.703243,7.1145296,35.912346,35.912346,2.0100627,10.19977,10.199767,5.899011,-10.8613,18.537647,18.537645,18.537647,18.537647,12.167477,10.647119,12.835168,13.088185,21.695932,17.567213,8.285306,-16.416302,-6.71777,14.969569,16.18128,-19.824165,-9.299354,-11.561379,-14.681324,13.513373,14.9962435,19.94051,-2.0038054,16.261774,16.684944,12.835169,3.3632934,7.589722,11.400195,23.221476,15.936307,11.784006,12.853132,14.4710455,15.708959,-2.1346745,-1.1772873,13.129641,2.691645,5.7659817,3.2137043,11.423451,13.275731,7.4248853,3.9069679,6.723041,1.2074735,15.03527,13.773734,7.3171787,13.181383,-7.9342713,20.387945,20.387943,20.387945,20.910465,20.678675,17.213581,10.624749,19.41473,14.050323,2.4609425,7.638112,10.846332,16.334888,11.96905,14.623107,9.746129,14.897983,20.297709,20.297707,3.6470382,-19.228008,-37.71667,-18.574772,-15.866367,-15.273713,-14.807719,-14.443385,22.998756,22.998756,-4.620123,14.556284,13.521941,22.62062,-13.919523,-12.051251,22.468334,13.449411,11.256507,3.7052314,14.919569,12.57924,6.751982,13.559749,12.929263,16.825726,3.3947635,-4.09578,1.5358953,15.572597,23.470852,14.033867
118,2.238324,5.080118,5.678197,7.3487234,11.95513,7.4960546,11.955131,9.455637,13.261487,15.751914,10.731278,15.142086,13.26149,18.75411,5.343813,5.3416142,5.3416176,-6.564386,-4.599033,14.606382,11.788265,11.788263,8.919755,9.572069,8.559299,6.6435366,7.2911954,-20.626911,0.1204671,0.003422808,-6.571297,5.3676834,5.126175,-3.1955466,4.6495843,3.2167623,-0.49776173,4.4589586,8.134095,4.5786176,4.36053,5.8014174,6.6564074,4.762841,2.218609,8.314631,-0.39909214,11.628992,-2.882128,3.9769952,9.770238,3.6026833,4.6272297,4.6272244,10.32327,11.908521,-3.1939032,0.64438355,2.312216,4.498089,11.236307,-3.1939013,0.64438874,2.3122199,11.236306,7.89167,3.1847131,16.074863,-11.9728985,-1.7869637,2.619367,6.9137807,16.544666,12.027097,14.58999,15.247289,16.6735,16.434505,18.715721,18.71572,18.77406,7.5525923,15.691789,5.423933,5.423932,12.100754,8.087974,31.715736,33.78069,5.928011,30.3158,30.3158,1.5776877,8.091328,8.091328,5.0551896,-9.413499,15.250936,15.250936,15.250936,15.250936,9.637013,8.420106,10.175904,10.390419,17.903337,14.2375765,6.7371907,-15.3869,-6.023958,12.033311,13.046931,-19.07425,-7.9674263,-10.130462,-13.487658,10.794428,12.068101,16.489586,-2.2291677,13.219344,13.593326,10.175904,2.835924,6.2555103,9.004351,19.320673,12.89395,9.308882,10.220424,11.626282,12.693282,-2.3556218,-1.4728123,10.437503,2.2290099,4.9228735,2.7307386,9.021536,10.522786,6.1371384,3.37623,5.658765,0.79736686,12.097927,10.982079,6.0711427,10.474887,-6.8677874,16.876202,16.876202,16.876202,17.323362,17.117313,13.942626,8.426948,16.04417,11.248687,2.0549724,6.2968836,8.577132,13.242986,9.455637,11.736659,7.749328,11.947194,16.76033,16.760328,3.0940506,-18.438015,-37.250397,-17.727226,-14.786299,-14.13696,-13.624169,-13.22278,19.124786,19.124786,-4.393633,11.701119,10.765283,18.802483,-12.650971,-10.647172,18.638103,10.658223,8.877435,3.167463,11.993358,9.958653,5.683018,10.739373,10.230245,13.617524,2.8688812,-4.046616,1.0743983,12.574189,19.480164,11.21358
119,1.0928481,3.8838115,4.6530414,6.9556823,12.817363,7.242098,12.817365,9.939911,14.306217,16.989746,11.469213,16.41897,14.30622,20.50788,4.3992186,4.396654,4.396654,-6.6602364,-4.7285786,15.762385,12.681586,12.681588,9.156346,9.983165,8.672891,5.999671,6.842738,-17.747318,-0.52025056,-0.7249616,-6.7002645,4.349468,4.0728784,-3.6071222,3.490746,2.0565326,-1.0799003,3.2583606,8.138256,3.4035683,3.1828294,4.8497763,6.0062857,3.5834205,1.169303,8.390172,-0.98662794,12.450519,-3.2187674,2.7982774,10.323571,2.4588299,3.5645702,3.5645626,10.979873,12.768255,-3.4461286,-0.069640115,1.4074959,3.4381716,12.05468,-3.4461267,-0.069637775,1.4074976,12.05468,7.8403363,2.1261556,17.390512,-10.67071,-2.360341,1.4582713,6.334536,17.929024,12.860043,15.758818,16.446003,18.08096,17.80328,20.462954,20.462952,20.571342,7.3413305,17.081024,4.409856,4.409856,12.910784,8.091857,35.839405,38.147545,5.0335445,34.23997,34.23997,0.6227807,8.074966,8.0749655,3.8978791,-8.798576,16.428858,16.428856,16.428858,16.428858,10.118266,8.561371,10.8194275,11.072714,19.7084,15.5890875,6.1312428,-13.274051,-6.2071657,12.913436,14.180475,-16.348885,-7.7753725,-9.313775,-11.797038,11.437795,12.926755,17.839767,-2.6623793,14.165633,14.586178,10.819428,1.8007436,5.495309,9.3415365,21.169762,13.877343,9.753345,10.797418,12.3819895,13.648272,-2.75978,-2.0061922,11.101904,1.2063962,3.8620632,1.6238916,9.365568,11.297452,5.377139,2.1946347,4.6515565,-0.022352178,12.97178,11.742631,5.218198,11.163215,-6.9520993,18.294754,18.294754,18.294754,18.828705,18.597548,15.225127,8.459947,17.298,11.979264,0.94666743,5.4715405,8.7537985,14.274219,9.93991,12.556542,7.6777234,12.863658,18.2358,18.235798,2.053989,-15.799945,-33.948883,-15.203475,-12.798793,-12.295439,-11.906688,-11.606042,20.947945,20.947947,-4.797596,12.464978,11.495374,20.565208,-11.173903,-9.693218,20.437597,11.483481,9.229465,2.0841243,12.853905,10.566389,4.6543665,11.61502,10.951187,14.826981,1.8239508,-4.2901783,0.31789762,13.507384,21.456482,11.994958
120,14.95986,16.307678,16.701408,17.838741,21.69762,18.066216,21.697624,19.601433,22.979187,25.371769,20.684359,24.887415,22.979189,28.733128,16.76238,16.761244,16.761244,10.098479,11.806822,24.260796,21.627436,21.627436,19.00599,19.527348,18.717728,17.39574,17.737041,-11.428424,14.273534,14.085797,9.932206,16.649876,16.528141,12.379992,16.202566,15.502652,13.933274,16.067795,18.482296,16.149502,16.056648,16.817211,17.37424,16.213682,15.071592,18.6097,13.991302,21.403473,12.687829,15.872502,19.843334,15.728493,16.33836,16.338356,20.305317,21.657566,12.599171,14.52246,15.321521,16.287273,21.133875,12.599172,14.522462,15.321524,21.133873,18.406603,15.621637,25.758194,2.8757606,13.104229,15.17229,17.518055,26.253132,21.704367,24.264706,24.878717,26.39959,26.14072,28.68811,28.688107,28.808983,18.138552,25.517254,16.667452,16.667454,21.720438,18.502102,44.604122,46.95236,16.937302,42.96029,42.96029,14.807317,18.470604,18.470604,16.372122,6.3639803,24.854298,24.854298,24.854298,24.854298,19.66267,18.743677,20.203623,20.38943,28.030067,24.206848,17.470646,-2.6571047,10.517857,21.780739,22.935177,-9.006032,8.2525015,5.4523926,0.44658452,20.579529,21.775513,26.159798,12.99326,22.799133,23.171593,20.203623,15.459172,17.188211,19.21003,29.396145,22.592806,19.473188,20.125454,21.304407,22.39256,12.953099,13.357602,20.394236,15.117393,16.447672,15.311428,19.226254,20.613197,17.177704,15.572767,16.726402,14.4946995,21.81396,20.880093,17.022455,20.448036,9.573192,26.590946,26.590946,26.590946,27.100658,26.886236,23.867207,18.563725,25.643814,21.0107,14.899909,17.078312,18.841518,22.943752,19.601433,21.48211,18.376856,21.772465,26.56839,26.56839,15.59813,-7.9160748,-28.981384,-6.7174497,-1.7064362,-0.62646365,0.21386608,0.85652864,29.176916,29.176918,11.532268,21.369408,20.68785,28.790905,1.9486206,4.9441032,28.686161,20.77531,19.189236,15.591602,21.725092,20.03056,16.68624,20.900667,20.359413,23.497528,15.46194,12.020078,14.742972,22.265858,29.709335,21.061512
121,-8.242376,-5.359105,-4.5380163,-1.8043342,7.5316973,-1.5827775,7.5317016,2.2367055,10.226094,14.517144,4.8839507,13.593776,10.2261,18.681807,-5.054901,-5.0579376,-5.0579376,-14.435698,-13.045997,12.714328,7.131842,7.1318426,1.2363497,2.5658247,0.52049357,-3.0285995,-1.8710281,-26.29737,-9.931935,-9.992102,-14.421203,-4.990632,-5.3077245,-12.099061,-5.8962665,-7.392382,-10.34695,-6.111176,-0.33584398,-5.9691753,-6.224478,-4.3435235,-2.985728,-5.747095,-8.256501,0.020681527,-10.2785,6.8536897,-11.909606,-6.6344914,2.9136076,-7.0171933,-5.93246,-5.932468,4.0657687,7.447474,-12.122935,-9.533139,-8.201486,-6.0814877,5.969194,-12.122933,-9.533135,-8.201483,5.9691916,-0.87109226,-7.435419,14.9997,-18.818676,-11.196439,-7.9283266,-2.5597565,15.679654,7.7184706,12.687784,13.751235,15.845553,15.510306,18.630486,18.630484,18.729202,-1.4926138,14.473885,-4.913184,-4.9131827,7.9021125,-0.4678949,34.87631,37.18126,-4.176988,33.2724,33.2724,-8.790841,-0.46601164,-0.46601254,-5.4066706,-16.68617,13.756467,13.756465,13.756468,13.756467,2.6735055,0.20016456,3.7441003,4.1918445,17.608698,12.039586,-2.8796422,-21.659985,-14.014921,7.6904426,9.744622,-24.856133,-15.50263,-17.283115,-20.062374,5.1126604,7.7824745,15.588729,-11.488683,10.178435,10.907842,3.744102,-7.7480617,-3.6829123,1.320702,19.433437,9.511488,1.9624008,3.883718,6.87539,9.098402,-11.576676,-10.998569,4.282366,-8.26286,-5.573203,-7.8408256,1.3520076,4.3854675,-3.8835208,-7.254286,-4.5722275,-9.415225,7.854555,5.43661,-3.9572165,4.379964,-14.650392,16.122364,16.122364,16.122364,16.744007,16.461666,11.495702,0.27741966,14.944918,6.0295477,-8.396162,-3.5804641,0.48974106,10.181878,2.2367027,7.0528307,-1.1517177,7.4904838,15.984333,15.984331,-7.5202475,-24.288769,-42.63451,-23.668652,-21.15249,-20.611738,-20.185974,-19.853523,19.1772,19.1772,-12.857232,7.0389633,4.98452,18.746933,-19.39269,-17.729504,18.555786,4.6438375,1.0586133,-7.4417415,7.599161,3.2817416,-4.5143747,4.792467,3.7917333,10.881559,-7.7099056,-12.653586,-9.1962805,8.86317,19.698524,5.9424887
122,-1.2219255,2.2866685,3.239805,6.229643,14.260245,6.534191,14.260249,10.383756,15.919036,18.821465,12.590939,18.207874,15.919038,22.441214,2.811961,2.80866,2.808658,-10.363413,-8.462159,17.515549,14.076406,14.076405,9.343282,10.597393,8.630287,4.9420013,6.121116,-21.944656,-3.3483348,-3.5486062,-10.390907,2.8041542,2.4519536,-7.0994205,1.7440166,-0.042048905,-4.016703,1.4760175,7.799,1.6483638,1.367001,3.4761033,4.9653807,1.8831079,-1.1598916,8.15926,-3.9043987,13.830348,-6.6641397,0.8877132,10.985032,0.44958213,1.7865664,1.78656,11.945085,14.205539,-6.972001,-2.7718074,-0.94368196,1.6260076,13.324918,-6.971999,-2.7718036,-0.94368064,13.324916,7.3041425,0.0006832741,19.234896,-14.727649,-5.5446653,-0.77549446,5.4122777,19.79327,14.326851,17.507704,18.250193,19.951279,19.663467,22.395355,22.395351,22.500822,6.646888,18.892536,2.8853145,2.8853114,14.397139,7.695051,37.83322,40.13807,3.6914556,36.23658,36.23658,-1.8532772,7.691378,7.691376,2.2795258,-12.696467,18.235434,18.235434,18.235434,18.235434,10.730287,8.363824,11.698319,12.0564165,21.601755,17.276718,5.109787,-17.454529,-9.895436,14.366057,15.748224,-20.543839,-11.542083,-13.26239,-15.91463,12.630803,14.391901,19.704489,-5.9571886,15.781125,16.242935,11.698321,-0.40143242,4.2633276,9.499419,23.115988,15.454563,10.112226,11.750718,13.77877,15.201146,-6.0866013,-5.133087,12.112652,-1.1264337,2.1705992,-0.5878833,9.530526,12.28533,4.077368,0.13949394,3.222792,-2.6800373,14.44347,12.9510975,3.9318373,12.19351,-10.643096,20.174828,20.174828,20.174828,20.725872,20.485159,16.886045,8.361955,19.145834,13.279035,-1.4149379,4.292754,8.658799,15.883227,10.383754,13.955327,7.040173,14.290273,20.102766,20.102764,-0.09612313,-19.992624,-38.113335,-19.394875,-16.966822,-16.43967,-16.029324,-15.712832,22.888935,22.888937,-8.415435,13.878387,12.6397295,22.499699,-15.261821,-13.670028,22.362385,12.513442,9.265952,-0.038297687,14.299726,11.326879,3.2521198,12.656568,11.808366,16.459774,-0.36726552,-7.9484224,-2.2928333,15.050117,23.39677,13.271939
123,10.107256,11.393392,11.774425,12.819207,16.620647,13.044026,16.620647,14.504724,17.883965,20.214767,15.586796,19.740364,17.883966,23.57876,11.861178,11.860126,11.860126,6.017579,7.4798365,19.12544,16.54744,16.54744,13.915398,14.422769,13.639836,12.413938,12.709716,-10.332147,9.522084,9.332429,5.8398876,11.734843,11.616879,7.87559,11.295335,10.620996,9.211404,11.159435,13.426318,11.240134,11.151603,11.878596,12.38849,11.3014555,10.215207,13.546003,9.263412,16.318274,8.155219,10.970225,14.737407,10.835622,11.440953,11.440951,15.200732,16.578705,8.100709,9.739612,10.472831,11.387654,16.039495,8.100712,9.739613,10.472831,16.039495,13.370358,10.755733,20.599796,-0.6155695,8.477582,10.309113,12.522416,21.09215,16.627266,19.13068,19.727709,21.239502,20.981136,23.533932,23.533928,23.657558,13.114355,20.365828,11.751443,11.751443,16.642057,13.449796,39.129898,41.450996,12.00075,37.513237,37.513237,9.989469,13.420988,13.420987,11.465762,2.625388,19.703255,19.70325,19.703255,19.703253,14.560085,13.678263,15.09987,15.2869425,22.867863,19.092133,12.488209,-5.3473563,6.3627763,16.706234,17.845829,-8.932703,4.346587,1.7714704,-2.8377533,15.477359,16.698109,20.999092,8.406393,17.70718,18.069427,15.09987,10.597183,12.236486,14.1243925,24.240082,17.503689,14.375348,15.019906,16.221006,17.308437,8.376323,8.709501,15.290204,10.269936,11.548602,10.449098,14.140825,15.517476,12.238997,10.69481,11.800214,9.7066765,16.735151,15.783099,12.080872,15.342765,5.521017,21.428516,21.428514,21.428516,21.934227,21.722782,18.75644,13.491355,20.48613,15.921947,10.055166,12.117612,13.768115,17.849222,14.504723,16.401184,13.346808,16.693985,21.409174,21.409172,10.731063,-8.374755,-26.80797,-7.750181,-4.63057,-3.758427,-3.0394106,-2.4638705,24.021137,24.021137,7.162101,16.28825,15.591588,23.636229,-1.4684591,1.3064022,23.534346,15.681959,14.109101,10.718097,16.64711,14.925833,11.755555,15.806315,15.261557,18.396423,10.595069,7.6147733,9.949962,17.18172,24.55669,15.966962
124,23.60329,24.70353,25.018097,25.878271,28.99407,26.0748,28.994072,27.262669,30.032246,31.941263,28.145424,31.578867,30.03225,34.84007,25.111942,25.11107,25.11107,20.11686,21.302946,31.044003,28.94806,28.94806,26.760515,27.173212,26.536995,25.553951,25.787384,2.8141062,23.099165,22.93296,19.962402,25.003283,24.909103,21.645214,24.635376,24.063873,22.835384,24.521946,26.38081,24.591837,24.517982,25.114443,25.53316,24.63936,23.712563,26.473888,22.883583,28.746914,21.895185,24.367512,27.457802,24.255577,24.7676,24.767597,27.827648,28.964613,21.846527,23.299253,23.945099,24.727211,28.528105,21.846527,23.299255,23.945099,28.528103,26.344765,24.183136,32.277527,15.1564,22.172077,23.782322,25.634146,32.69742,28.992863,31.050583,31.536144,32.819298,32.599556,34.801357,34.801357,34.928055,26.137234,32.117905,25.014015,25.014015,28.996002,26.403307,49.518764,51.847397,25.211243,47.914284,47.914284,23.503023,26.37358,26.37358,24.76612,17.51759,31.508917,31.508915,31.508915,31.508917,27.301052,26.587719,27.752895,27.902843,34.3189,31.092733,25.613533,10.965532,20.382538,29.066404,30.043743,5.373002,18.784702,16.928272,13.352889,28.032734,29.054743,32.6057,22.116207,29.851295,30.147778,27.752895,24.045292,25.406961,26.945211,35.415123,29.72363,27.1605,27.66817,28.648445,29.558273,22.088245,22.38174,27.894726,23.75421,24.850883,23.908375,26.958908,28.103523,25.413567,24.122313,25.045033,23.257511,29.093891,28.30946,25.275791,27.945492,19.704262,32.97273,32.97273,32.97273,33.419136,33.236614,30.804825,26.407417,32.165115,28.402027,23.55649,25.298645,26.650661,29.999922,27.262669,28.807533,26.339329,29.075533,32.98431,32.98431,24.164377,6.431129,-24.682556,7.5205846,11.691403,12.52803,13.16565,13.649914,35.228134,35.228134,21.025673,28.704412,28.14688,34.89019,14.516763,16.64652,34.834957,28.251717,26.947468,24.15374,29.015598,27.61358,25.004116,28.363197,27.89407,30.493286,24.046677,21.421726,23.480898,29.458488,35.74773,28.45885
125,0.7697284,2.752598,3.2255847,4.598551,8.770999,4.7241015,8.771003,6.456941,10.039508,12.452629,7.628188,11.879698,10.039508,15.401289,2.9686768,2.9669764,2.9669774,-4.878393,-3.504183,11.359769,8.613066,8.613067,5.9797482,6.5696497,5.658931,4.012565,4.549041,-17.537373,-0.56943905,-0.6312917,-4.876872,2.9835732,2.7977874,-2.5850384,2.432266,1.4182694,-0.93707395,2.2906096,5.2806044,2.3817534,2.2250683,3.325623,4.0218515,2.51554,0.76189125,5.440825,-0.87833405,8.46305,-2.406706,1.9502885,6.7448134,1.6886767,2.4321692,2.4321628,7.2539005,8.728108,-2.6076767,-0.24884665,0.8328433,2.3373058,8.097408,-2.6076763,-0.2488451,0.8328452,8.097407,5.0638776,1.4096105,12.763956,-9.681405,-1.7120452,1.0215218,4.2356133,13.213996,8.8373995,11.347547,11.974086,13.341855,13.110166,15.363071,15.363069,15.415429,4.771065,12.405755,3.029132,3.0291317,8.90549,5.23606,28.234932,30.296133,3.4289365,26.834263,26.834263,0.35040566,5.2387724,5.238772,2.7378874,-7.3066206,11.976512,11.976511,11.976512,11.976512,6.625579,5.5323477,7.115912,7.312671,14.532653,11.011731,4.090811,-12.769107,-4.4602375,8.8475065,9.833787,-16.083714,-6.0154886,-7.9708433,-11.058371,7.681846,8.876679,13.161692,-2.002642,9.995908,10.362018,7.1159124,1.1730181,3.693855,6.04793,15.962139,9.682162,6.3254824,7.1623755,8.457592,9.488238,-2.0813196,-1.5273299,7.3522243,0.76706463,2.6443248,1.0942602,6.061269,7.434286,3.5977,1.5248101,3.2085907,-0.15154214,8.905001,7.8566217,3.5422776,7.3910623,-5.1092477,13.539092,13.539092,13.539092,13.979291,13.777129,10.717519,5.542081,12.727111,8.103198,0.6511853,3.7253656,5.666817,10.015851,6.45694,8.5577135,4.9380174,8.763188,13.423988,13.423986,1.346092,-15.505497,-34.020164,-14.8723955,-12.224691,-11.640815,-11.182172,-10.818738,15.766854,15.766855,-3.3295312,8.527958,7.662199,15.44933,-10.301826,-8.454083,15.275428,7.557063,5.9327908,1.3918216,8.800624,6.9152517,3.229184,7.6341553,7.167281,10.39581,1.1980009,-3.1309216,0.026302394,9.371463,16.111713,8.07314
126,-4.6066456,-0.9238231,0.059019264,3.186023,12.794496,3.4749422,12.794499,7.7042093,14.817964,18.076614,10.485709,17.361912,14.817966,21.970947,-0.48735923,-0.4908799,-0.49087632,-12.960162,-11.331371,16.619057,12.510207,12.510208,6.5720587,8.017041,5.781823,1.8183134,3.0935645,-24.982344,-6.9026275,-7.0491924,-12.952527,-0.44507125,-0.81666887,-10.14548,-1.5344118,-3.4193022,-7.539511,-1.805311,4.8423953,-1.6297685,-1.934136,0.2912224,1.8547778,-1.3705165,-4.587904,5.2375116,-7.4348245,12.233109,-9.849965,-2.4415905,8.424939,-2.918907,-1.5446961,-1.5447025,9.6435995,12.723942,-10.131656,-6.3106804,-4.44032,-1.7192217,11.510497,-10.131654,-6.3106756,-4.4403186,11.510495,4.279745,-3.4255898,18.521069,-17.602041,-8.85052,-4.161929,2.3306496,19.143763,12.911534,16.605766,17.435291,19.304337,18.990944,21.922134,21.922134,22.029015,3.5854938,18.112223,-0.3535639,-0.3535651,13.030937,4.713289,37.537,39.833733,0.49951157,35.947304,35.947304,-5.3120847,4.715457,4.715455,-0.9622073,-15.389082,17.426714,17.426712,17.426714,17.426714,8.148021,5.443983,9.311813,9.778541,21.027184,16.2781,1.9875154,-20.452133,-12.487765,12.927644,14.568597,-23.576769,-14.119726,-16.016289,-18.868778,10.647767,12.982316,19.047987,-9.250243,14.697034,15.220651,9.311814,-3.844321,1.0858834,6.7025194,22.685318,14.28419,7.3966036,9.43248,12.207435,13.983576,-9.369531,-8.527312,9.870215,-4.571212,-1.1199374,-4.0016303,6.7376947,10.018867,0.86870563,-3.2292998,0.026349302,-6.1802053,13.042146,11.006291,0.754999,9.966807,-13.199619,19.552252,19.552254,19.552254,20.13911,19.879814,15.854417,5.5011477,18.443016,11.515075,-4.8120437,1.1683822,5.774472,14.778371,7.7042084,12.399386,3.979105,12.795735,19.458414,19.45841,-3.5320184,-23.02343,-41.159203,-22.419437,-19.951406,-19.41324,-18.991844,-18.658712,22.443504,22.443504,-11.129643,12.339374,10.570756,22.033047,-18.18069,-16.474304,21.874937,10.290715,6.4183927,-3.4569001,12.84904,8.827409,0.07747501,10.458798,9.396258,15.385016,-3.8032494,-10.852298,-5.8242035,13.803627,22.968376,11.465445
127,1.0178019,1.9918237,2.2847862,3.131646,6.5047684,3.3004575,6.50477,4.591826,7.6727657,9.925788,5.557038,9.447071,7.6727686,13.130084,2.336795,2.3359697,2.3359692,-0.5999508,-0.35474032,8.873128,6.4228377,6.4228377,4.0820465,4.541677,3.8380933,2.787617,3.043958,-10.454398,0.5821101,0.4655351,-0.60617346,2.2406974,2.1466,-0.24587089,1.9059712,1.3955429,0.37863323,1.8006781,3.6363928,1.8622317,1.793412,2.357535,2.769197,1.9104307,1.0890758,3.739965,0.41137546,6.2313356,-0.1711377,1.6564403,4.8066206,1.5537131,2.0099204,2.009918,5.2170954,6.4684095,-0.1964306,0.72983724,1.2734921,1.9661503,5.9677505,-0.19643053,0.72983813,1.2734923,5.9677496,3.5761497,1.4888604,10.286617,-3.3238516,-0.020646378,1.1682148,2.8869808,10.763192,6.5266614,8.873928,9.455409,10.901275,10.653284,13.087282,13.087279,13.2007265,3.359849,10.037016,2.2512438,2.251244,6.5508122,3.6502726,28.358822,30.661098,2.4494877,26.762463,26.76246,0.9184491,3.6279328,3.627932,2.0439844,-1.735081,9.437614,9.437614,9.437615,9.437614,4.656512,3.8544838,5.130657,5.297122,12.436774,8.777595,2.8522046,-5.882044,-0.5060996,6.5812297,7.6107707,-9.024535,-1.0421119,-2.1481802,-4.406246,5.486688,6.582284,10.679196,-0.06609765,7.533175,7.874817,5.130658,1.3693088,2.63599,4.247737,13.766163,7.326721,4.4832807,5.0722165,6.1587515,7.143128,-0.08020142,0.088504225,5.297895,1.1256638,2.094332,1.2636306,4.262457,5.478127,2.6383376,1.4501146,2.299932,0.71560824,6.6206574,5.744402,2.5196445,5.348138,-0.68245554,11.088617,11.088616,11.088617,11.576297,11.368001,8.46654,3.7110133,10.191016,5.874029,0.9786799,2.5596263,3.9336088,7.640611,4.5918264,6.3032336,3.5548437,6.565821,11.053963,11.053962,1.4694932,-8.459526,-26.919155,-7.845744,-5.4000964,-4.89654,-4.5087147,-4.211403,13.553718,13.553719,-0.3644265,6.220793,5.5679684,13.184861,-3.7925813,-2.4532936,13.081999,5.6254506,4.227586,1.4670099,6.5297003,4.9716506,2.2674005,5.724274,5.2502346,8.127758,1.3705658,-0.31664485,0.8791392,7.0329905,14.064759,5.91224
128,8.174888,9.110282,9.387654,10.130613,13.09797,10.304574,13.097972,11.392401,14.162259,16.339874,12.25796,15.861772,14.162259,19.75306,9.476226,9.475474,9.475474,4.836714,6.154226,15.28945,13.042735,13.042735,10.919093,11.3128395,10.710207,9.853663,10.044646,-11.449527,7.7650833,7.613918,4.6948776,9.374562,9.292977,6.505203,9.053519,8.564647,7.5347905,8.95278,10.567073,9.013435,8.951554,9.465917,9.831774,9.053156,8.267946,10.65057,7.5749426,12.853904,6.7294636,8.822534,11.579675,8.728879,9.174108,9.174107,11.946269,13.068777,6.6849756,7.929279,8.477397,9.138398,12.631036,6.6849766,7.92928,8.477397,12.631036,10.541738,8.671348,16.71308,-2.118606,6.970149,8.327769,9.921972,17.20697,13.103437,15.292802,15.863168,17.357655,17.095892,19.708471,19.708467,19.818903,10.359313,16.458939,9.380151,9.380149,13.114122,10.590501,35.302704,37.61029,9.553635,33.699593,33.699593,8.098826,10.56524,10.56524,9.1695,1.4450778,15.84264,15.842637,15.84264,15.84264,11.432875,10.757994,11.869604,12.020131,18.969471,15.248106,9.90976,-6.6417203,5.173661,13.172244,14.1458235,-10.014934,3.240586,0.512118,-4.3639,12.160263,13.160922,17.12264,6.925027,14.002719,14.320438,11.869605,8.554729,9.726385,11.090035,20.411846,13.8413725,11.296377,11.795992,12.767543,13.671949,6.9027863,7.1553197,12.014594,8.3062315,9.242204,8.435791,11.103891,12.207861,9.737369,8.614058,9.409202,7.8948727,13.198678,12.421143,9.613343,12.065934,4.3957553,17.56026,17.56026,17.56026,18.083645,17.85859,14.945073,10.594036,16.61331,12.521629,8.137684,9.632985,10.817955,14.129885,11.3924,12.914415,10.541325,13.170049,17.513458,17.513456,8.656796,-9.44597,-27.986374,-8.824251,-6.027324,-5.2532434,-4.5653915,-3.9995615,20.190228,20.19023,5.918915,12.822699,12.26401,19.810062,-3.0465868,-0.05890492,19.688725,12.348067,11.09242,8.647059,13.119353,11.732289,9.372174,12.454997,12.000322,14.618218,8.556384,6.2854977,8.084468,13.569842,20.702768,12.568244
129,4.2516613,5.2898893,5.5948906,6.488912,10.085778,6.6878514,10.085777,8.012928,11.379771,13.910426,9.055483,13.361539,11.379773,17.41682,5.669815,5.668954,5.6689534,0.44198006,1.9248478,12.721428,10.004664,10.004666,7.4644284,7.9436646,7.2126513,6.138789,6.3954983,-11.610816,3.7758448,3.6248899,0.3126099,5.5671177,5.474389,2.3605516,5.216255,4.677327,3.5239632,5.1073866,7.0212774,5.1747055,5.1039867,5.682391,6.115401,5.2205048,4.346722,7.124903,3.5685215,9.780448,2.5989254,4.961708,8.236156,4.8556113,5.3366838,5.3366804,8.678819,10.038987,2.5387437,3.959831,4.559554,5.2953744,9.498454,2.5387452,3.9598324,4.559554,9.498453,6.974552,4.7845526,14.310487,-4.565565,2.8953083,4.4151034,6.2277346,14.835582,10.095341,12.718219,13.377563,14.990497,14.716798,17.370949,17.370945,17.480354,6.750145,14.007077,5.5780144,5.5780144,10.116854,7.0456676,32.89051,35.195328,5.780374,31.290653,31.290653,4.1575775,7.017725,7.017725,5.3475,-2.609039,13.358851,13.358852,13.358852,13.358851,8.0685,7.244075,8.579907,8.759559,16.613983,12.601668,6.200494,-7.1126423,0.83470464,10.167547,11.303013,-10.198802,-1.1405182,-3.2233245,-5.659073,8.961047,10.164031,14.748096,2.8257978,11.22317,11.606696,8.579908,4.6555796,5.979344,7.654056,18.09281,10.984942,7.891252,8.513414,9.698716,10.784699,2.7997177,3.0946813,8.767709,4.385177,5.4171963,4.529629,7.669128,8.976695,5.980727,4.7295256,5.6173325,3.9293313,10.199325,9.249053,5.8467426,8.818635,-5.184859e-05,15.199258,15.199258,15.199259,15.731553,15.500514,12.253417,7.0780387,14.209878,9.398276,4.2089863,5.878975,7.3301277,11.348392,8.012928,9.871695,6.957801,10.147153,15.145377,15.145376,4.7664795,-9.641776,-28.023312,-9.038249,-6.6438985,-6.1475096,-5.765971,-5.4713984,17.866467,17.866467,1.7089589,9.763551,9.057861,17.475426,-5.050378,-3.5967395,17.34611,9.133256,7.6371417,4.755583,10.114947,8.414025,5.5841384,9.251111,8.729775,11.881762,4.6580515,2.0943398,4.127244,10.653446,18.384804,9.4342985
130,11.535006,13.532441,14.076343,15.637509,20.500435,15.889854,20.500437,17.91048,21.941944,24.579403,19.259289,24.01538,21.941944,28.22668,14.023107,14.021391,14.021393,5.0752153,7.122524,23.35534,20.38792,20.387917,17.2101,17.891125,16.835907,15.010624,15.533375,-15.820069,10.410408,10.206475,4.905595,13.938226,13.756056,7.9369736,13.312202,12.286088,9.967645,13.137216,16.491007,13.247659,13.100063,14.229369,15.004375,13.359772,11.644923,16.663328,10.044131,20.152187,8.302823,12.829543,18.235271,12.600717,13.432844,13.432841,18.809574,20.456692,8.151494,10.770989,11.902811,13.351214,19.801174,8.151496,10.770993,11.902812,19.801174,16.327229,12.388331,24.990864,-3.031801,8.908626,11.82085,15.206399,25.543385,20.53083,23.352863,24.031456,25.701498,25.41512,28.180096,28.180094,28.295952,15.972964,24.69099,13.966222,13.966221,20.566887,16.480732,44.07486,46.405437,14.364005,42.461292,42.461292,11.244005,16.450119,16.45012,13.577476,0.78521717,24.01128,24.011276,24.011278,24.011276,18.034386,16.808846,18.67325,18.899431,27.40394,23.235561,15.106079,-8.661532,5.602833,20.596664,21.8533,-14.107764,2.9385011,-0.23709047,-5.5488796,19.192034,20.60089,25.45107,8.723888,21.773056,22.185087,18.673252,12.150159,14.692436,17.407242,28.915337,21.522142,17.752098,18.619347,20.063263,21.2972,8.657954,9.219271,18.915934,11.682326,13.614469,11.978722,17.427027,19.131947,14.643315,12.381568,14.0912485,10.765878,20.64625,19.50314,14.486397,18.97892,4.48813,25.923168,25.923168,25.923168,26.480896,26.239422,22.871408,16.652569,24.889153,19.694534,11.435138,14.611983,16.938663,21.905643,17.91048,20.245895,16.255356,20.561983,25.865065,25.865063,12.344716,-13.294908,-32.29923,-12.320899,-7.7138124,-6.629694,-5.7806807,-5.1240764,28.684652,28.684654,6.9039454,20.142654,19.275364,28.286339,-4.0171022,-0.8152382,28.157804,19.31207,17.348915,12.357086,20.532604,18.455854,14.068132,19.447636,18.823677,22.479313,12.166749,7.4368505,11.078641,21.160652,29.215782,19.731733
131,-5.916121,-2.4198008,-1.4704343,1.605306,10.999831,1.8521017,10.999835,5.9902134,13.001594,16.249931,8.730544,15.526118,13.0015955,20.049915,-2.035404,-2.038826,-2.0388265,-12.764413,-11.368739,14.800125,10.70951,10.70951,4.9064465,6.3337975,4.135923,0.23525587,1.5150532,-24.288847,-7.914856,-8.007087,-12.748722,-1.9798632,-2.3419924,-10.358662,-3.028293,-4.832491,-8.414201,-3.2873433,3.2120697,-3.1195543,-3.4141052,-1.2549134,0.27692297,-2.8665433,-5.9220705,3.599294,-8.334163,10.44867,-10.155786,-3.901789,6.712299,-4.361346,-3.051326,-3.0513368,7.909438,10.931946,-10.384377,-7.437948,-5.8089557,-3.2227128,9.715228,-10.384375,-7.4379454,-5.808955,9.715226,2.6346834,-4.858378,16.681984,-17.044106,-9.387487,-5.511458,0.76175827,17.287472,11.121709,14.785258,15.613078,17.448597,17.143038,20.003002,20.003,20.100056,1.9550073,16.265257,-1.8957222,-1.8957231,11.243823,3.0701888,35.317665,37.59358,-1.059253,33.74213,33.74213,-6.572386,3.0798893,3.0798883,-2.4661853,-14.975882,15.60749,15.60749,15.60749,15.60749,6.457261,3.7975368,7.585988,8.04308,19.105827,14.436169,0.40724546,-19.766127,-12.33673,11.129914,12.737168,-22.880274,-13.816482,-15.559753,-18.23502,8.910739,11.186235,17.20126,-9.704976,12.905461,13.42718,7.585992,-5.2512074,-0.49234325,5.008886,20.736813,12.475102,5.690823,7.725979,10.4405985,12.176295,-9.797254,-9.163457,8.133835,-5.9109945,-2.6401188,-5.381847,5.046745,8.250888,-0.70698714,-4.651697,-1.5071709,-7.309726,11.249165,9.241799,-0.80426013,8.225775,-12.975293,17.696663,17.696661,17.696663,18.27262,18.01577,14.017915,3.8743188,16.613861,9.741313,-6.107317,-0.38480628,4.1117773,12.967,5.9902086,10.614731,2.3278754,10.993864,17.587318,17.587318,-4.959827,-22.325558,-40.559135,-21.72323,-19.27681,-18.757883,-18.351616,-18.035118,20.504332,20.504332,-11.160665,10.571214,8.819978,20.109432,-17.589344,-15.994384,19.947979,8.518329,4.7268906,-4.875323,11.054515,7.1034384,-1.450387,8.670777,7.638451,13.554118,-5.210168,-10.9542265,-7.036131,12.002427,20.997051,9.678655
132,-1.3218483,2.2798584,3.2383726,6.273688,16.15465,6.5716095,16.154652,10.673291,18.88094,23.219492,13.466335,22.297092,18.880943,27.481068,2.7633564,2.7600029,2.7600043,-12.292307,-9.2171335,21.36454,15.779206,15.779208,9.542286,10.960759,8.777788,4.941766,6.1642504,-28.125061,-3.5677116,-3.75703,-12.406142,2.7751496,2.414896,-7.5173607,1.7101586,-0.12630498,-4.261337,1.4373254,7.89149,1.6108425,1.3195555,3.464214,4.9710407,1.8559601,-1.2797425,8.27098,-4.1452465,15.462596,-7.050435,0.8248548,11.382113,0.3690592,1.7302554,1.7302473,12.597987,16.067732,-7.397327,-2.9733515,-1.0814275,1.5598456,14.583255,-7.397323,-2.9733453,-1.081425,14.583253,7.3661385,-0.100850105,23.726372,-19.968113,-5.828549,-0.86672866,5.4347057,24.4256,16.320906,21.344763,22.433662,24.603758,24.25802,27.428719,27.428719,27.537117,6.682399,23.22113,2.8575244,2.8575213,16.489254,7.776144,43.89577,46.24214,3.6742728,42.253235,42.253235,-1.9971771,7.776135,7.7761316,2.2631721,-17.002293,22.431324,22.431324,22.431324,22.431324,11.104187,8.485459,12.273274,12.741864,26.441341,20.782303,5.1156864,-23.264051,-11.439807,16.322906,18.45323,-26.648396,-14.814113,-17.933292,-21.480095,13.633872,16.401524,24.327942,-6.282517,18.7942,19.522179,12.273273,-0.51593256,4.2465835,9.691125,28.250114,18.146175,10.368317,12.380334,15.451932,17.73693,-6.424334,-5.4111643,12.825276,-1.2540883,2.1275077,-0.6904665,9.727603,12.988118,4.053729,0.060383793,3.2098444,-2.8600261,16.474218,14.026045,3.9217134,12.92357,-12.942898,24.880672,24.880672,24.880672,25.513977,25.231537,20.226208,8.50033,23.6521,14.605989,-1.5222933,4.3048058,8.793987,18.832155,10.673291,15.662822,7.0806904,16.139217,24.762589,24.762587,-0.2044234,-26.059694,-44.300556,-25.416206,-22.714027,-22.107733,-21.625969,-21.244545,27.989452,27.989452,-9.142119,15.616694,13.559136,27.547707,-20.655218,-18.516785,27.367882,13.2783785,9.434081,-0.13412195,16.222569,11.788037,3.2503464,13.451209,12.360473,19.59061,-0.4792602,-8.52534,-2.4749157,17.49553,28.539305,14.532596
133,5.0519257,7.2559404,7.7550573,9.170939,13.557261,9.332511,13.557262,11.132344,14.871239,17.377167,12.357026,16.781818,14.871242,20.49173,7.5297637,7.5280094,7.5280085,-4.0817723,-1.5544603,16.223999,13.401208,13.401208,10.606026,11.219654,10.270134,8.587777,9.118973,-19.01023,3.340472,3.209287,-4.1227846,7.5250835,7.336082,-0.0016988106,6.9505615,5.845044,2.7684639,6.796053,9.890549,6.8945723,6.727626,7.8721857,8.5907755,7.029271,5.064639,10.055459,2.861772,13.229207,0.3684144,6.4369564,11.426722,6.156475,6.9643145,6.9643087,11.959865,13.512349,0.042113435,3.799297,5.181325,6.8686566,12.8534975,0.042115804,3.7993002,5.181326,12.853496,9.690999,5.860228,17.711422,-10.10525,1.4803116,5.3596287,8.796341,18.196934,13.620536,16.212074,16.87112,18.332157,18.08462,20.45266,20.452656,20.50919,9.386985,17.345444,7.5766983,7.5766983,13.685117,9.858163,33.701622,35.74644,7.9910097,32.307556,32.307556,4.5606747,9.854122,9.854121,7.251957,-7.509925,16.870953,16.87095,16.870953,16.870953,11.288484,10.155759,11.816414,12.023292,19.608612,15.893219,8.662294,-13.538994,-3.3897092,13.63598,14.676043,-17.353111,-5.898456,-8.26845,-11.598718,12.393907,13.665954,18.137182,1.0481938,14.809983,15.18881,11.816414,5.5831366,8.274267,10.705049,21.066414,14.4986105,10.993017,11.842369,13.210311,14.299386,0.92491186,1.8116069,12.064208,5.0833244,7.183398,5.472684,10.720202,12.171097,8.179521,5.972274,7.7462525,3.9056861,13.695428,12.593582,8.102025,12.105951,-4.5151625,18.540668,18.540668,18.54067,19.011703,18.795856,15.588684,10.137834,17.67121,12.84211,4.9090624,8.272332,10.301705,14.847728,11.132344,13.333157,9.573459,13.558513,18.422916,18.422913,5.7885103,-16.686924,-36.018543,-15.957358,-12.924222,-12.259479,-11.740376,-11.340176,20.867363,20.867363,-1.391772,13.286023,12.386135,20.540852,-10.7707,-8.78778,20.368155,12.305814,10.595287,5.827191,13.591624,11.610275,7.7586393,12.394572,11.887977,15.250058,5.606881,-0.92609775,4.1710215,14.178021,21.23831,12.8199005
134,0.111823246,0.97487056,1.1704593,1.8222638,5.0981746,1.876971,5.0981765,3.1320984,6.2317247,8.491269,4.092748,7.9318485,6.2317266,11.377831,1.0266494,1.0259145,1.0259155,-3.1843479,-2.2007577,7.4542494,4.951251,4.951251,2.7667768,3.2397342,2.5235636,1.5071905,1.7967395,-14.671014,-0.5445983,-0.5686938,-3.1780956,1.0454204,0.9627975,-1.6336877,0.81843,0.38127512,-0.7330997,0.7609402,2.2354743,0.7972252,0.72717404,1.2012334,1.5112071,0.8583653,0.08697599,2.349659,-0.70477045,4.8192368,-1.5409856,0.60856223,3.359794,0.49095038,0.7968848,0.79688346,3.7785892,5.0508366,-1.6566162,-0.39712626,0.09420422,0.75306404,4.4874334,-1.6566151,-0.39712507,0.09420486,4.4874325,2.081031,0.36019406,8.789931,-7.17935,-1.1302538,0.22016421,1.6256692,9.223506,5.158588,7.4426436,8.034128,9.355664,9.1301565,11.339797,11.339794,11.381484,1.9022609,8.426539,1.0667441,1.0667437,5.2269278,2.2032266,24.422188,26.484745,1.2439455,23.016298,23.016298,-0.10085186,2.2128632,2.212863,0.9582951,-5.139428,8.03774,8.037739,8.037739,8.037739,3.274388,2.4130151,3.6705062,3.8325832,10.478384,7.100185,1.5450242,-9.99604,-2.867193,5.162358,6.030162,-13.225006,-4.069827,-5.704383,-8.396865,4.159689,5.1965256,9.1822405,-1.30562,6.207087,6.540994,3.6705072,0.2579218,1.3542628,2.8078344,11.941879,5.905813,3.0185935,3.7239554,4.8344574,5.737806,-1.3489368,-1.0342591,3.8717449,0.08550924,0.8929274,0.23844804,2.8196034,3.9169035,1.3046603,0.43065023,1.1576184,-0.33497983,5.214018,4.2912703,1.2924095,3.8927672,-3.3534582,9.551808,9.551806,9.551808,9.978963,9.778492,6.829383,2.449914,8.758193,4.5274787,0.056533292,1.3867782,2.5205452,6.215663,3.1320984,4.9184833,1.993273,5.0809946,9.421932,9.421931,0.3306873,-12.651647,-31.033178,-12.02626,-9.471501,-8.924298,-8.500468,-8.172583,11.743659,11.743659,-2.0785797,4.8946967,4.1233835,11.425357,-7.724326,-6.125287,11.239675,4.0137053,2.704441,0.35508353,5.130908,3.5006714,1.1701559,4.0676622,3.695461,6.5350165,0.26915264,-1.9653337,-0.2727918,5.6314254,12.068862,4.477593
135,-2.1925683,1.5567169,2.55564,5.7078686,15.911877,6.011011,15.9118805,10.268004,18.503994,22.401798,13.179297,21.60115,18.503998,26.59284,2.043631,2.040086,2.0400875,-13.175576,-10.329429,20.743475,15.544307,15.544308,9.099344,10.572625,8.303357,4.33524,5.60511,-27.111204,-4.550338,-4.738076,-13.248263,2.0622792,1.6866667,-8.623441,0.9557316,-0.95614207,-5.2634077,0.67452276,7.372861,0.8543773,0.5485277,2.793349,4.363638,1.11127,-2.1555185,7.766904,-5.144617,15.217964,-8.146578,0.034028526,11.004558,-0.4443552,0.9607741,0.9607648,12.271986,15.823485,-8.505568,-3.9236405,-1.9681032,0.7851068,14.333032,-8.5055685,-3.9236372,-1.9681001,14.33303,6.8230863,-0.94093806,22.885708,-19.21071,-6.888981,-1.7251625,4.8448267,23.551472,16.069555,20.729095,21.694937,23.72917,23.393429,26.54064,26.540638,26.65136,6.1237803,22.432032,2.1575885,2.1575885,16.231253,7.25318,42.767616,45.094067,3.0160222,41.14846,41.14846,-2.8971705,7.254509,7.254507,1.5297147,-16.740347,21.686901,21.686901,21.686901,21.686901,10.714477,7.9827695,11.927216,12.417237,25.568127,20.273716,4.507942,-22.287731,-12.433604,16.074627,18.129976,-25.64784,-15.11192,-17.459702,-20.57132,13.357219,16.152796,23.454277,-7.3566937,18.395008,19.063498,11.9272175,-1.3686779,3.610873,9.24767,27.35659,17.81519,9.950204,12.044967,15.204279,17.428093,-7.5014296,-6.457753,12.5121355,-2.1278083,1.3887858,-1.5438268,9.284415,12.680605,3.402792,-0.75811887,2.5294228,-3.7982254,16.224356,13.760379,3.2686446,12.615434,-13.682628,23.996439,23.996437,23.996439,24.627645,24.347614,19.766388,8.019396,22.804512,14.355556,-2.402235,3.6684887,8.311585,18.45845,10.2680025,15.425765,6.5246277,15.89955,23.88816,23.88816,-1.0472149,-25.0672,-43.240623,-24.426044,-21.749866,-21.167206,-20.707386,-20.346695,27.09831,27.098312,-10.240142,15.368154,13.276013,26.659233,-19.824097,-17.965588,26.484322,12.979198,8.965506,-0.9786681,15.981366,11.425694,2.572366,13.159429,12.023863,19.185808,-1.3301766,-9.638498,-3.4045546,17.200325,27.651655,14.284999
136,17.949104,19.004642,19.312447,20.164133,23.290907,20.36012,23.290909,21.547064,24.339664,26.285599,22.440235,25.905998,24.339666,29.253624,19.401068,19.400208,19.400208,14.534688,15.755823,25.36891,23.242107,23.24211,21.049004,21.461,20.82634,19.841238,20.074932,-4.588097,17.47236,17.308762,14.382339,19.298061,19.206676,16.086887,18.938364,18.389555,17.216057,18.8283,20.669762,18.896076,18.824394,19.408493,19.821894,18.943249,18.054104,20.763426,17.261543,23.04336,16.329403,18.680328,21.743767,18.572903,19.064472,19.064468,22.121044,23.260208,16.28724,17.662348,18.275196,19.02575,22.82352,16.287241,17.66235,18.275198,22.82352,20.631773,18.499691,26.632662,9.097305,16.57999,18.11829,19.921753,27.071066,23.2911,25.373337,25.867126,27.199232,26.96978,29.213543,29.21354,29.338173,20.421791,26.459646,19.306744,19.306744,23.296856,20.69268,44.253292,46.59493,19.501102,42.638763,42.638763,17.855614,20.6646,20.6646,19.065031,11.740777,25.840017,25.840015,25.840017,25.840015,21.58665,20.875784,22.040257,22.193985,28.706133,25.4153,19.898952,4.3785553,14.816651,23.361736,24.341488,-1.860565,13.131036,11.084683,7.098197,22.332771,23.352848,26.97903,16.529959,24.159863,24.463005,22.040257,18.369274,19.693295,21.232002,29.846046,24.024883,21.445555,21.96131,22.946762,23.858746,16.506954,16.781628,22.189037,18.093067,19.146187,18.238821,21.245203,22.392899,19.700296,18.44125,19.338383,17.620901,23.391083,22.603954,19.565437,22.240734,14.11317,27.360325,27.360325,27.360325,27.811708,27.628134,25.123695,20.697718,26.519854,22.70078,17.904541,19.589394,20.940956,24.308006,21.547064,23.104849,20.622372,23.367903,27.366913,27.36691,18.482729,-0.7041706,-26.243923,0.5035597,5.2285867,6.176691,6.8961987,7.434556,29.65229,29.65229,15.482371,23.001228,22.442188,29.305504,8.365333,10.741937,29.237408,22.536957,21.233728,18.473087,23.312878,21.899784,19.299917,22.64988,22.181032,24.81031,18.37231,15.875054,17.834108,23.75724,30.173004,22.756329
137,19.720387,20.582664,20.843323,21.543789,24.19941,21.724255,24.199413,22.739822,25.111172,26.689756,23.489319,26.414867,25.111172,29.073616,20.959064,20.958378,20.958378,17.310894,18.156408,25.95762,24.17184,24.17184,22.286106,22.634743,22.094582,21.286942,21.458963,4.538439,19.394552,19.24423,17.1613,20.85071,20.776527,18.312672,20.545265,20.090752,19.188023,20.448307,21.973236,20.507442,20.450546,20.925407,21.264202,20.541048,19.82304,22.051483,19.2249,23.98944,18.516903,20.329823,22.90009,20.246998,20.672565,20.672564,23.213497,24.174458,18.504028,19.543148,20.037066,20.641481,23.814934,18.50403,19.543148,20.037066,23.814934,21.9608,20.20689,26.982353,13.867458,18.676777,19.864048,21.341452,27.328545,24.190226,25.967325,26.356943,27.43478,27.251375,29.04206,29.04206,29.16598,21.781797,26.887377,20.857718,20.857718,24.185638,22.002136,42.618477,44.89293,21.012983,41.058136,41.058136,19.67519,21.973385,21.973385,20.647654,15.389998,26.327606,26.327606,26.327606,26.327606,22.754932,22.155746,23.150097,23.27982,28.749275,26.060421,21.336807,11.02944,17.471577,24.264818,25.142391,6.7848215,16.294973,15.007321,12.659681,23.371323,24.24881,27.245659,18.66385,24.93712,25.193314,23.150097,20.100492,21.178093,22.466757,29.546268,24.836353,22.650623,23.062107,23.89249,24.68982,18.64974,18.846886,23.271336,19.86742,20.734554,19.979544,22.479488,23.471016,21.194332,20.137505,20.872206,19.498224,24.283014,23.624664,21.064377,23.316967,16.971867,27.552704,27.552704,27.552704,27.918936,27.776205,25.808077,21.975338,26.866827,23.692019,19.689249,21.067005,22.211252,25.081114,22.739822,24.039104,21.964855,24.279488,27.59005,27.590046,20.195316,7.666491,-19.41502,8.526683,11.528583,12.105884,12.537494,12.8607435,29.395624,29.395624,17.858868,23.939398,23.488453,29.114777,13.477659,14.8748,29.103033,23.599699,22.479092,20.17976,24.21785,23.035892,20.828585,23.70335,23.289728,25.534283,20.097439,18.196863,19.684546,24.598751,29.867437,23.750349
138,6.632951,8.809088,9.404534,11.155602,16.367538,11.412805,16.367538,13.592002,17.890596,20.716995,15.042515,20.11139,17.890598,24.340557,9.314844,9.31297,9.31297,-0.4324526,1.8428957,19.429098,16.238901,16.238903,12.871049,13.600404,12.468909,10.436915,11.052476,-16.826708,5.414996,5.216255,-0.5905948,9.231087,9.030635,2.7918866,8.55907,7.4427648,4.9513907,8.369576,12.080989,8.48812,8.324234,9.565775,10.435098,8.613574,6.74039,12.269149,5.030861,16.002918,3.1668265,8.025826,13.942084,7.7724204,8.670393,8.670388,14.56005,16.320972,2.987665,5.7836432,6.993589,8.579894,15.617133,2.9876654,5.783647,6.9935913,15.617132,11.8840475,7.537059,21.131992,-8.563175,3.8437178,6.9419684,10.672221,21.690464,16.406063,19.422844,20.147194,21.847054,21.560863,24.294014,24.294012,24.4056,11.498139,20.795254,9.2645445,9.264543,16.451385,12.060758,39.85961,42.17556,9.710988,38.251556,38.251556,6.3016253,12.034705,12.034705,8.850518,-4.883354,20.131645,20.131645,20.131647,20.131649,13.737424,12.418776,14.408687,14.653,23.505331,19.225368,10.542062,-12.258793,0.17148775,16.464743,17.753471,-15.418811,-2.6669178,-5.915539,-10.456137,14.995144,16.474472,21.60009,3.626773,17.739998,18.18714,14.408688,7.277771,10.069993,13.062669,25.024254,17.43949,13.426141,14.370748,15.925129,17.200657,3.5501244,4.1594167,14.676371,6.777802,8.877219,7.1057634,13.083194,14.8831625,10.00693,7.545477,9.41808,5.798148,16.519014,15.307622,9.85046,14.743261,-1.0348555,22.066605,22.066605,22.066605,22.6138,22.375832,18.844791,12.279003,21.039402,15.525234,6.519904,10.005098,12.561353,17.854904,13.592,16.10625,11.789571,16.419796,22.004065,22.004063,7.4861226,-14.860063,-33.153156,-14.257912,-11.733655,-11.127941,-10.6133375,-10.181529,24.794949,24.79495,1.6651622,16.009253,15.062604,24.400024,-9.398707,-6.5206575,24.266136,15.068864,12.988399,7.5031214,16.403397,14.172242,9.399377,15.205087,14.550027,18.431206,7.292856,2.20983,6.1031137,17.059055,25.315058,15.550639
139,-3.0579665,0.43432432,1.3589501,4.324766,11.988362,4.5505033,11.988364,8.286576,13.638804,16.646759,10.303359,15.953156,13.638807,20.32127,0.7613565,0.7579793,0.75797987,-11.404616,-9.644868,15.284228,11.771745,11.771743,7.386157,8.540264,6.708455,3.0081286,4.2496386,-24.67847,-5.2821393,-5.3860483,-11.389194,0.83761084,0.47693557,-8.349849,-0.17919451,-1.9627132,-5.864744,-0.42631516,5.8432584,-0.26707536,-0.55706596,1.5648177,3.0538185,-0.015402589,-3.0719364,6.2036314,-5.770747,11.559398,-8.0776205,-1.0423478,8.836983,-1.5038567,-0.22616625,-0.22617704,9.715826,11.929839,-8.37048,-4.7380695,-2.9767582,-0.3976716,11.024951,-8.370477,-4.7380667,-2.9767554,11.024949,5.2890897,-2.0023203,17.050545,-16.567913,-7.068418,-2.6435258,3.523042,17.628899,12.07491,15.269383,16.045225,17.78149,17.488894,20.274975,20.274973,20.355131,4.643514,16.634602,0.92499775,0.92499673,12.166396,5.7067666,35.479683,37.728268,1.7501318,33.916176,33.916172,-3.7614121,5.718183,5.718183,0.37795863,-14.094703,16.043524,16.043522,16.043524,16.043524,8.633493,6.3791146,9.485189,9.8121395,19.337307,14.912414,3.1721108,-19.737713,-10.878364,12.088309,13.397779,-23.167118,-12.697462,-14.798184,-17.973171,10.4110155,12.130475,17.550102,-7.479741,13.56379,14.029878,9.48519,-2.3963366,2.2940514,7.4706774,21.000633,13.178444,8.040172,9.571109,11.549806,12.9285,-7.5967116,-6.780602,9.877765,-3.0649674,0.17757311,-2.5185611,7.499918,9.983935,2.0696294,-1.7836475,1.3143499,-4.589482,12.170717,10.665082,1.9947029,9.941693,-11.667468,18.024776,18.024776,18.024776,18.580463,18.328194,14.534357,6.474262,16.996801,11.036377,-3.2578871,2.4212067,6.673088,13.609258,8.286576,11.6939535,4.98203,11.9856415,17.904533,17.904533,-2.109143,-22.568985,-41.13627,-21.913525,-19.186207,-18.585941,-18.108868,-17.735481,20.767849,20.767849,-9.392306,11.649485,10.36252,20.37978,-17.21033,-15.315196,20.1962,10.173424,7.21384,-2.027794,12.031648,9.133885,1.3818933,10.29606,9.543833,14.119113,-2.3551269,-9.118749,-4.2870092,12.778914,21.217701,10.994964
140,6.1025085,8.244646,8.820476,10.428411,15.323744,10.676362,15.323748,12.696542,16.74585,19.36714,14.056232,18.809994,16.745852,22.847996,8.745667,8.743841,8.743843,-0.90428364,1.3088794,18.163902,15.202429,15.202428,12.0021925,12.686768,11.626836,9.794763,10.327282,-15.838189,4.887413,4.68192,-1.0667355,8.661352,8.464322,2.2473142,7.9978886,6.88937,4.421276,7.8098927,11.274343,7.9275866,7.7653174,8.978465,9.787606,8.052509,6.2026033,11.448962,4.499254,14.975749,2.6229637,7.467239,13.018067,7.215365,8.1092415,8.109237,13.59795,15.276399,2.4478652,5.256033,6.4565983,8.017175,14.608956,2.4478667,5.256036,6.456601,14.608955,11.108478,6.9911804,19.761246,-8.356454,3.3117685,6.4051113,9.999967,20.291021,15.358001,18.159294,18.83435,20.442486,20.168015,22.803217,22.803215,22.912682,10.755443,19.46146,8.695578,8.695576,15.400516,11.263537,38.255386,40.57218,9.124377,36.64953,36.64953,5.778365,11.240287,11.240287,8.292089,-5.2008095,18.81725,18.81725,18.81725,18.81725,12.822578,11.594807,13.45552,13.6859255,22.053417,18.005371,9.896034,-11.31493,-0.32663584,15.41621,16.636343,-14.426457,-3.0799465,-6.1441307,-9.758855,14.00155,15.423926,20.202047,3.0892382,16.598324,17.005539,13.455522,6.7389135,9.4662895,12.196667,23.50732,16.333002,12.536773,13.41487,14.899489,16.111927,3.0151064,3.6316564,13.708183,6.2491846,8.314312,6.572188,12.218442,13.915979,9.411853,6.999124,8.838563,5.2705936,15.4683895,14.309354,9.254696,13.770293,-1.4979248,20.65415,20.65415,20.65415,21.183994,20.954191,17.647,11.450216,19.669098,14.522563,5.991771,9.389188,11.729766,16.713593,12.69654,15.075658,11.0288515,15.372464,20.595417,20.595417,6.9402122,-13.87076,-32.17663,-13.2687235,-10.832372,-10.30437,-9.880657,-9.544985,23.286871,23.286871,1.1214384,14.977935,14.07211,22.905252,-8.9992,-6.6928024,22.778976,14.093375,12.129945,6.9537783,15.358848,13.237303,8.814405,14.224495,13.599714,17.257906,6.749054,1.6694863,5.570639,15.976863,23.795103,14.544639
141,-0.8870231,2.4541764,3.3218067,5.776584,11.007554,5.977767,11.007557,8.275443,12.4496355,15.046144,9.683965,14.46486,12.449637,18.296503,2.8081656,2.8050117,2.8050125,-8.221491,-6.780262,13.871265,10.847562,10.847562,7.651265,8.366654,7.2512736,4.7743535,5.698537,-20.361183,-2.9671252,-3.1036937,-8.223363,2.852331,2.5144155,-5.761077,1.8856751,0.18299438,-3.5518577,1.6400436,6.7817926,1.7941465,1.5207406,3.5092518,4.8019304,2.0309227,-0.88617,6.993093,-3.4620483,10.652221,-5.5341454,1.0615127,8.617707,0.6267477,1.8581146,1.8581048,9.232135,10.959187,-5.764368,-2.4584415,-0.7591884,1.6964327,10.241553,-5.764365,-2.458439,-0.759187,10.241551,6.4924088,0.16651091,15.404298,-12.851533,-4.690941,-0.47845995,5.174859,15.905497,11.069737,13.862692,14.528384,16.042622,15.788165,18.25455,18.25455,18.336529,6.05367,15.062189,2.9353948,2.9353917,11.137108,6.726828,32.786842,35.035522,3.6914203,31.238966,31.238966,-1.5441277,6.726506,6.726506,2.4104838,-10.630012,14.521806,14.521806,14.521807,14.521804,8.4579,7.1200895,9.07404,9.312018,17.463207,13.597188,4.9140773,-15.750578,-7.7919645,11.096461,12.273911,-18.939156,-9.377399,-11.257931,-14.151301,9.712879,11.123176,15.833154,-5.0386868,12.354671,12.759195,9.07404,-0.21593359,4.185013,7.7702045,18.913746,12.044521,8.111878,9.093045,10.618407,11.82243,-5.134246,-4.4262743,9.353755,-0.8715988,2.2400227,-0.34635484,7.791782,9.482163,4.0025234,0.35459435,3.2863083,-2.3238237,11.163676,9.952357,3.907037,9.399495,-8.46219,16.248844,16.248844,16.248844,16.737644,16.520252,13.260451,7.0960445,15.342767,10.216435,-1.0756835,4.263836,7.2887845,12.422877,8.275442,10.760501,6.3159447,11.023603,16.161594,16.161594,0.06637238,-18.37377,-36.73551,-17.754044,-15.245403,-14.703481,-14.271609,-13.931282,18.703527,18.703527,-6.612486,10.700355,9.718858,18.349813,-13.436486,-11.708164,18.199677,9.641156,7.64846,0.1351332,11.046404,8.8322,3.3354666,9.746492,9.155137,12.892497,-0.17746156,-6.3725142,-2.023864,11.689685,19.13905,10.202214
142,1.7299579,5.1032557,6.0082855,8.761072,17.50638,9.087739,17.506386,12.758924,19.736078,23.112394,15.228846,22.425049,19.736082,26.930809,5.6658487,5.66276,5.6627626,-8.282729,-5.4370065,21.654156,17.222744,17.222744,11.675765,12.936647,10.987512,7.6013246,8.645688,-22.98687,-0.2825415,-0.5012102,-8.444215,5.6316876,5.3003273,-4.0101566,4.61332,2.8873801,-0.93959886,4.3467016,10.231234,4.514938,4.2481766,6.2363524,7.615696,4.735628,1.8114458,10.566321,-0.82817394,16.918499,-3.5379488,3.78523,13.37854,3.368419,4.681037,4.681031,14.453599,17.431114,-3.829429,0.27931058,2.0631287,4.5262074,16.19984,-3.829427,0.27931526,2.0631316,16.19984,9.8111105,2.9516149,23.555609,-15.663526,-2.4667737,2.1683466,8.012441,24.150734,17.61779,21.645412,22.48488,24.313704,24.010708,26.882614,26.882612,26.995228,9.200184,23.182419,5.701872,5.70187,17.735535,10.151746,42.63792,44.959923,6.445517,41.027023,41.027023,1.1479318,10.134705,10.134703,5.1138473,-13.003028,22.471344,22.47134,22.471344,22.471344,13.096539,10.776909,14.165383,14.581769,26.044147,21.326717,7.7568483,-18.490158,-7.5256696,17.646545,19.465384,-21.593706,-10.814434,-13.84629,-16.95166,15.311872,17.697208,24.055857,-2.845095,19.601536,20.17157,14.165387,2.5600367,6.986491,11.869414,27.636929,19.141602,12.485695,14.214683,16.871239,18.800293,-2.9682217,-2.0459125,14.647013,1.8490396,5.042653,2.366061,11.9016905,14.850288,6.833248,3.063133,6.000389,0.35050228,17.760857,15.701909,6.668135,14.747054,-8.969744,24.549728,24.549728,24.549728,25.127426,24.875711,20.868793,10.7109,23.464832,16.16425,1.5490698,6.980998,11.0464525,19.692444,12.758923,17.0898,9.590585,17.519283,24.474773,24.47477,2.86042,-21.039722,-39.0671,-20.437738,-18.010384,-17.489414,-17.073874,-16.745644,27.399868,27.399868,-5.5186453,17.011894,15.294701,26.992325,-16.240898,-14.350558,26.84774,15.120696,11.666479,2.914644,17.56157,13.7487135,6.013125,15.296294,14.297143,20.360931,2.5930908,-4.872681,0.7526708,18.597496,27.933044,16.13726
143,-8.374517,-4.725583,-3.753792,-0.6291149,9.820632,-0.358044,9.820636,3.8982432,13.062007,19.081009,6.848525,17.661842,13.062015,24.66192,-4.3144565,-4.317979,-4.317979,-18.382092,-16.000805,16.437496,9.357213,9.357215,2.7792504,4.2647924,1.9796436,-2.0020108,-0.7102934,-33.480766,-10.699683,-10.83466,-18.397827,-4.2635384,-4.6337805,-14.407071,-5.3377686,-7.1999664,-11.351853,-5.6010885,1.0229251,-5.4301167,-5.731866,-3.5224388,-1.9643536,-5.1722755,-8.360675,1.4198248,-11.241679,9.046954,-14.01816,-6.2327094,4.6501284,-6.706522,-5.360319,-5.3603287,5.9358215,9.722582,-14.373502,-10.097484,-8.225977,-5.534135,8.050277,-14.3735,-10.09748,-8.225976,8.050273,0.44025904,-7.213255,19.75131,-24.635221,-12.814567,-7.9322524,-1.4850919,20.73625,10.0433035,16.394796,17.952429,20.971844,20.49312,24.600086,24.600086,24.698648,-0.25325346,18.894081,-4.16831,-4.168309,10.266604,0.8850479,42.697716,45.125114,-3.317033,40.984573,40.984573,-9.088553,0.8888314,0.8888312,-4.7667,-21.79951,17.975777,17.975775,17.97578,17.975779,4.3816624,1.6216787,5.5756617,6.074078,23.226862,15.36758,-1.834867,-28.110275,-17.699192,10.0043955,12.426136,-31.851646,-20.09453,-22.62252,-26.185057,7.105746,10.117115,20.627022,-13.280702,13.035898,13.978387,5.575663,-7.6285996,-2.738732,2.8804438,25.560614,12.174186,3.5898566,5.7389054,9.080071,11.676009,-13.424838,-12.439432,6.178877,-8.34727,-4.935316,-7.778412,2.9154773,6.2894745,-2.9608555,-7.0136147,-3.7886405,-9.961068,10.197959,7.4625177,-3.0638483,6.2832212,-18.771673,21.378891,21.378891,21.378895,22.227737,21.8362,14.649063,1.7036104,19.718983,8.12831,-8.580905,-2.646385,1.9534829,13.00941,3.898243,9.274789,0.12446356,9.765817,21.125225,21.125225,-7.322137,-31.202482,-50.310394,-30.484798,-27.506691,-26.85333,-26.33984,-25.936264,25.2538,25.253801,-15.780261,9.265701,6.9627523,24.739895,-25.354177,-23.21679,24.478655,6.574101,2.5807512,-7.239104,9.899739,5.062855,-3.7304924,6.7402673,5.6278925,13.856261,-7.5842247,-15.348166,-9.608031,11.395457,25.829674,8.022745
144,16.953033,18.02903,18.347393,19.220245,22.52525,19.426674,22.525253,20.685001,23.654701,25.746841,21.631668,25.33556,23.654703,28.94423,18.4471,18.44624,18.44624,13.684926,14.822021,24.758518,22.472755,22.472755,20.15566,20.59172,19.916964,18.88889,19.122915,-5.054069,16.481955,16.315943,13.527035,18.33289,18.238026,15.1150875,17.964624,17.401497,16.22472,17.847773,19.745852,17.918137,17.845383,18.440968,18.867302,17.96434,17.061138,19.847239,16.26975,22.264387,15.35406,17.696697,20.8921,17.58836,18.100647,18.100647,21.293423,22.492779,15.317086,16.668411,17.296864,18.058828,22.03533,15.317086,16.668411,17.296864,22.03533,19.70855,17.523787,26.110176,8.546033,15.60076,17.125528,18.96994,26.580091,22.524872,24.764917,25.301971,26.722406,26.4721,28.901918,28.901917,29.027973,19.492214,25.917324,18.33979,18.339792,22.530918,19.768618,44.571438,46.94831,18.541729,42.915573,42.915573,16.862322,19.738976,19.738976,18.095263,11.031749,25.274927,25.274927,25.274931,25.274927,20.72406,19.96637,21.205414,21.36975,28.325214,24.785706,18.950726,3.7616093,13.933466,22.601908,23.644693,-2.3847618,12.354321,10.420423,6.5342884,21.517685,22.59045,26.485798,15.553496,23.469059,23.794247,21.205414,17.39085,18.74199,20.350853,29.568966,23.310677,20.576946,21.117569,22.161736,23.132015,15.530015,15.798989,21.36682,17.10639,18.180626,17.253498,20.366089,21.585522,18.75184,17.458042,18.373047,16.630096,22.627594,21.803307,18.609444,21.419436,13.275055,26.901478,26.901478,26.90148,27.393595,27.190708,24.47583,19.778954,25.992096,21.9052,16.910345,18.632504,20.037727,23.619116,20.685001,22.329792,19.702187,22.602867,26.89533,26.895329,17.506239,-1.2441006,-25.487755,-0.05824596,4.6189613,5.588229,6.327683,6.879385,29.363735,29.363735,14.53179,22.220427,21.634388,28.998644,7.830081,10.121827,28.918953,21.73832,20.35202,17.491043,22.548454,21.055744,18.331041,21.856707,21.358877,24.1456,17.389399,14.921608,16.842815,23.019222,29.896362,21.961666
145,10.219413,11.737917,12.172671,13.4201,17.67588,13.663804,17.67588,15.3550005,19.01489,21.502127,16.547184,20.99002,19.014893,24.9047,12.219367,12.218092,12.218091,4.670869,6.6828012,20.35149,17.587986,17.587986,14.708847,15.291632,14.391386,12.923333,13.312125,-12.069711,9.432621,9.235242,4.4801445,12.09924,11.959047,7.361866,11.603601,10.813613,9.0637665,11.454144,14.123918,11.544217,11.4365015,12.292359,12.902083,11.620578,10.3299675,14.263902,9.12586,17.354156,7.6912603,11.225602,15.620002,11.059718,11.739371,11.7393675,16.130388,17.631725,7.582613,9.701674,10.590325,11.676595,17.043694,7.5826144,9.701676,10.590326,17.043692,14.033526,10.944542,21.902405,-3.3991485,8.180556,10.451259,13.065053,22.421574,17.690601,20.352543,20.987612,22.572338,22.304344,24.861149,24.861147,24.982153,13.739394,21.63705,12.124719,12.12472,17.710228,14.139573,40.276196,42.602356,12.426819,38.658775,38.65877,10.040925,14.110247,14.110247,11.8040495,0.35661617,20.965033,20.96503,20.965033,20.96503,15.430657,14.404544,16.016863,16.222202,24.204863,20.278637,13.005376,-7.582361,5.18135,17.76392,18.95589,-10.709664,2.5177352,-0.6685786,-5.566537,16.453493,17.76083,22.327606,8.049008,18.837395,19.228493,16.016865,10.7610445,12.695472,14.922427,25.547558,18.610924,15.210214,15.944636,17.260017,18.404312,7.9994793,8.452216,16.22937,10.385636,11.875493,10.605184,14.941377,16.455381,12.68172,10.90294,12.196324,9.686228,17.802277,16.769447,12.518058,16.284285,4.0706725,22.770628,22.770626,22.77063,23.289688,23.071043,19.927406,14.22822,21.794521,16.932087,10.150369,12.584533,14.515716,18.978441,15.3550005,17.444447,13.990541,17.744427,22.739103,22.739101,10.914591,-10.165765,-28.495056,-9.577193,-7.0346355,-6.353279,-5.745808,-5.233777,25.335096,25.335098,6.411645,17.332123,16.557808,24.960573,-4.299969,-1.2540377,24.860992,16.631084,14.883826,10.904147,17.706697,15.822627,12.155521,16.757135,16.172102,19.544132,10.76123,6.936904,9.950854,18.272642,25.857973,16.970325
146,5.0098963,7.2584763,7.767946,9.207466,13.612521,9.372214,13.612523,11.17636,14.928301,17.444044,12.413034,16.847963,14.928303,20.579475,7.5363436,7.534546,7.534546,-4.1874523,-1.6442075,16.289078,13.457138,13.457139,10.6421585,11.261271,10.306762,8.614959,9.153943,-19.124977,3.2713807,3.1388915,-4.2305994,7.531636,7.339179,-0.09139854,6.94731,5.81644,2.6945322,6.7904506,9.930751,6.8905783,6.7223005,7.885414,8.618907,7.028862,5.024843,10.095204,2.7882538,13.284799,0.27997017,6.4248247,11.475765,6.1370325,6.9610023,6.9609976,12.015647,13.567601,-0.04629307,3.7408497,5.1432047,6.8644266,12.908206,-0.04629152,3.7408516,5.1432085,12.908204,9.730799,5.83267,17.781342,-10.226466,1.3997862,5.322876,8.826837,18.269867,13.675701,16.277277,16.936607,18.40548,18.156961,20.53946,20.539457,20.602982,9.426772,17.414091,7.583899,7.5838985,13.74043,9.898361,33.8692,35.9299,8.005639,32.46892,32.468918,4.5085998,9.893664,9.893663,7.254097,-7.631015,16.936295,16.936295,16.936295,16.936296,11.333552,10.195195,11.87032,12.0796995,19.700802,15.957952,8.690764,-13.660054,-3.4904501,13.691701,14.73478,-17.472622,-6.011243,-8.388635,-11.719861,12.450118,13.7212305,18.21012,0.96651435,14.864448,15.24273,11.87032,5.5511193,8.295329,10.74357,21.167397,14.554648,11.035618,11.895896,13.265242,14.355368,0.84249914,1.7332768,12.120352,5.0434213,7.18664,5.4374137,10.758213,12.227103,8.198474,5.9470377,7.7582254,3.8477724,13.750413,12.649084,8.119115,12.162471,-4.626068,18.614357,18.614357,18.614357,19.0864,18.869976,15.6498575,10.175162,17.739305,12.897743,4.8660645,8.295254,10.338405,14.904313,11.17636,13.388339,9.612422,13.614681,18.496384,18.496384,5.7604313,-16.806385,-36.114433,-16.077475,-13.045939,-12.38227,-11.863162,-11.461141,20.966496,20.966497,-1.483012,13.341103,12.4422865,20.630182,-10.891286,-8.908229,20.462238,12.362133,10.635007,5.79957,13.646916,11.661361,7.771349,12.450574,11.942914,15.309656,5.5748773,-1.0147619,4.116759,14.234321,21.344177,12.874643
147,-4.4926796,-1.1134857,-0.20164272,2.7277048,10.697867,2.9807456,10.69787,6.845099,12.321086,15.212419,9.024434,14.5746565,12.321088,18.759668,-0.7320899,-0.735376,-0.7353777,-11.059821,-9.71099,13.910478,10.50459,10.50459,5.8713026,7.102832,5.1563067,1.4269514,2.640702,-22.554703,-6.4453278,-6.54086,-11.054025,-0.6884416,-1.0369138,-8.7631235,-1.7001247,-3.43213,-6.929824,-1.9489768,4.274619,-1.7880529,-2.069769,0.0023711585,1.4580107,-1.5458789,-4.4876604,4.6434546,-6.853137,10.279468,-8.567032,-2.5389988,7.436387,-2.980225,-1.7156727,-1.7156835,8.38124,10.641723,-8.7773695,-5.9861164,-4.3629227,-1.8785162,9.762867,-8.777368,-5.9861135,-4.3629193,9.762866,3.7330449,-3.4490254,15.611286,-15.350865,-7.84291,-4.0907745,1.9213364,16.166996,10.770397,13.899838,14.641738,16.318245,16.035028,18.714716,18.714712,18.808477,3.0792756,15.237927,-0.60013425,-0.6001334,10.850015,4.1500354,33.779587,36.06163,0.19799761,32.20256,32.20256,-5.1308584,4.156173,4.1561723,-1.1543164,-13.304247,14.633824,14.633822,14.633824,14.633822,7.2142725,4.8362026,8.138425,8.493054,17.881966,13.60996,1.5889678,-18.037296,-10.653256,10.795779,12.122241,-21.139149,-12.131639,-13.885125,-16.52407,9.106761,10.83002,16.083511,-8.145175,12.212574,12.669533,8.138427,-3.8272626,0.7387334,5.9768276,19.417233,11.865657,6.5809546,8.212077,10.246625,11.617273,-8.231252,-7.625676,8.557191,-4.4801016,-1.3197542,-3.9602497,6.0091867,8.692707,0.5342841,-3.2619703,-0.237562,-5.8667974,10.875337,9.39824,0.43748647,8.630666,-11.278314,16.544842,16.544842,16.544842,17.077309,16.8404,13.2378435,4.9080687,15.542898,9.747607,-4.6757956,0.8342001,5.1396503,12.287964,6.845097,10.405172,3.4415886,10.714334,16.454102,16.454102,-3.5474956,-20.582878,-38.849052,-19.976585,-17.551865,-17.036554,-16.634361,-16.322166,19.194836,19.194836,-9.533784,10.342807,9.078334,18.816626,-15.881304,-14.307952,18.66417,8.913974,5.717316,-3.465847,10.737307,7.7634134,-0.18618727,9.043208,8.216395,12.821978,-3.7858405,-9.3223295,-5.585311,11.467902,19.66605,9.725101
148,3.4779758,5.88258,6.5145044,8.242198,13.145119,8.498236,13.145122,10.489147,14.651969,17.349083,11.840978,16.7831,14.651971,20.830505,6.43297,6.430935,6.430935,-4.3549776,-2.0197117,16.120235,13.014287,13.014287,9.805029,10.467732,9.43798,7.559684,8.126576,-16.321928,2.0707037,1.8376565,-4.4926577,6.342948,6.123749,-0.94505334,5.61051,4.377467,1.5235643,5.402538,9.090532,5.5298653,5.3537016,6.6846466,7.554709,5.667432,3.5930748,9.262371,1.6144083,12.771365,-0.5365356,5.027975,10.800991,4.7467613,5.7339125,5.7339096,11.382804,13.092301,-0.7394415,2.4990313,3.8837183,5.634862,12.3898535,-0.7394421,2.4990346,3.8837197,12.389853,8.940364,4.4865894,17.749744,-9.258115,0.26278493,3.825276,7.787764,18.280079,13.182111,16.116413,16.807337,18.430124,18.156872,20.785538,20.785534,20.89538,8.58385,17.448154,6.3741684,6.3741655,13.228345,9.086923,36.15396,38.456535,6.8386426,34.55743,34.557434,3.0991108,9.060845,9.060845,5.9337125,-7.3972425,16.789625,16.789625,16.789627,16.789627,10.605991,9.413294,11.24693,11.478921,20.040445,15.949304,7.6687155,-11.847563,-3.7523816,13.241444,14.537646,-14.912487,-6.189737,-7.916676,-10.380294,11.779814,13.253606,18.18984,-0.0038137175,14.498166,14.924686,11.24693,4.1976047,7.2105527,10.005691,21.492445,14.219262,10.330953,11.198954,12.697835,13.988177,-0.09054811,0.621663,11.495599,3.6356921,5.955511,4.007894,10.026893,11.704979,7.1560984,4.5002217,6.5286846,2.514683,13.29966,12.092687,6.9825077,11.554768,-4.908536,18.63807,18.63807,18.63807,19.164595,18.93726,15.582255,9.25849,17.652214,12.303195,3.3533041,7.1276436,9.547959,14.617295,10.489146,12.88123,8.865076,13.19867,18.586336,18.586334,4.4288735,-14.358745,-32.66673,-13.760703,-11.3803,-10.879943,-10.491231,-10.190123,21.27086,21.270863,-2.191127,12.780164,11.858282,20.887955,-9.757592,-8.286359,20.761591,11.887974,9.946572,4.4476814,13.181763,11.0218525,6.5023994,12.015981,11.389022,15.182854,4.213941,-1.6094537,2.872525,13.845385,21.779293,12.325285
149,-4.8900747,-2.795182,-2.2408843,-0.30020422,5.491707,-0.21450058,5.4917107,2.5146735,6.9018335,9.670607,4.101063,8.960557,6.9018354,13.041218,-2.7326741,-2.7348208,-2.7348213,-11.060088,-9.488346,8.399329,5.276805,5.276806,1.9047523,2.8016257,1.3982512,-1.2079825,-0.32529625,-24.618496,-6.343877,-6.364482,-11.040755,-2.629332,-2.8557818,-8.410632,-3.223353,-4.282384,-6.702647,-3.3582082,0.7201804,-3.2706468,-3.45334,-2.1341426,-1.1662636,-3.1040468,-4.94909,0.9904754,-6.645796,5.1394196,-8.230744,-3.7419503,2.9577677,-4.029978,-3.316504,-3.31651,3.6450927,5.4394674,-8.469794,-6.016945,-4.976302,-3.4260867,4.6732535,-8.469793,-6.0169435,-4.976302,4.6732526,0.2656401,-4.367923,10.009688,-16.242512,-7.4630823,-4.6581287,-0.8325274,10.538774,5.5890956,8.3791,9.114594,10.678538,10.410873,12.997468,12.997466,13.031977,-0.16831934,9.541926,-2.5712864,-2.571285,5.690131,0.5971243,27.044167,29.179562,-2.0351965,25.586681,25.586681,-5.378254,0.6228354,0.62283456,-2.8643515,-13.7014,9.126577,9.126576,9.126578,9.126576,2.8367178,1.0986512,3.4577332,3.7139952,11.915539,7.897292,-1.0997783,-19.536053,-10.566699,5.5745244,6.610899,-23.072521,-12.306386,-14.416303,-17.713482,4.254402,5.622753,10.491367,-7.788136,6.9022255,7.3127117,3.4577339,-4.5981045,-1.7025862,1.9000571,13.689143,6.5108743,2.3260043,3.5800571,5.1747303,6.3015714,-7.877329,-7.2879863,3.7766378,-4.969176,-3.05515,-4.6282387,1.9220123,3.7958639,-1.8772855,-4.1796227,-2.2887907,-5.887455,5.648397,4.40254,-1.8728282,3.820317,-11.301278,10.920614,10.920614,10.920616,11.421628,11.180709,7.5783234,1.2568198,10.000037,4.7431126,-5.0177875,-1.5494066,1.3239546,6.88003,2.514673,5.2522783,0.01535758,5.452051,10.745191,10.745189,-4.4360924,-22.453663,-41.211555,-21.769371,-18.95624,-18.336697,-17.84988,-17.464138,13.457561,13.45756,-9.231903,5.257348,4.160718,13.095693,-16.91821,-14.949107,12.856826,3.92585,1.6682711,-4.365789,5.5277424,3.1798232,-2.2207298,3.9951215,3.4535906,7.23188,-4.567403,-9.044091,-5.7545586,6.1764545,13.788792,4.671335
150,-3.515379,-0.5148848,0.31988576,2.987606,9.61037,3.2338564,9.6103735,6.471519,11.142325,13.940253,8.193958,13.3392725,11.142327,17.466778,-0.13864374,-0.14163207,-0.1416328,-8.787553,-7.660738,12.669614,9.450725,9.450726,5.6575117,6.624896,5.081012,1.8173292,2.9149687,-19.74022,-5.114045,-5.19267,-8.77361,-0.10375321,-0.42102614,-6.8983335,-1.0265229,-2.5889957,-5.4882154,-1.2566711,4.360853,-1.1069883,-1.3641641,0.52193797,1.8467805,-0.8900126,-3.4960108,4.6715436,-5.428964,9.23038,-6.752574,-1.7913371,6.934761,-2.1844962,-1.0347604,-1.034768,7.684639,9.560243,-6.923028,-4.7351313,-3.3866968,-1.1856475,8.804666,-6.923027,-4.7351274,-3.3866932,8.804665,3.9118972,-2.5986,14.341358,-12.5803,-6.185572,-3.1774423,2.252241,14.886239,9.666604,12.660374,13.384116,15.036776,14.75743,17.422188,17.422184,17.52512,3.326258,14.0039015,-0.027004119,-0.027006108,9.729749,4.264821,32.70404,34.997124,0.70209074,31.113667,31.113667,-4.0392466,4.2632885,4.2632866,-0.54434574,-10.703717,13.370973,13.370971,13.370973,13.370973,6.733781,4.838676,7.492546,7.773314,16.634274,12.423878,1.9588933,-15.21098,-8.435579,9.705905,10.976289,-18.320318,-9.691588,-11.219258,-13.719908,8.214434,9.729556,14.798377,-6.419457,11.016219,11.452352,7.492547,-2.932388,1.1947739,5.781028,18.123934,10.705632,6.263315,7.522214,9.181158,10.4701395,-6.4875717,-6.0238366,7.817084,-3.4936728,-0.6837093,-3.0563629,5.8064637,7.9703555,1.0112387,-2.4454734,0.2959907,-4.6440544,9.770644,8.485839,0.9121276,7.877549,-8.962037,15.254953,15.254953,15.254953,15.790471,15.556701,12.04933,4.861458,14.257262,8.759112,-3.669681,1.2584987,5.094386,11.109611,6.471518,9.342862,3.6554482,9.638818,15.183791,15.183789,-2.6841252,-17.76159,-36.037987,-17.154165,-14.732795,-14.225473,-13.831201,-13.525376,17.902643,17.902643,-7.4927998,9.267657,8.226189,17.52364,-13.095495,-11.60609,17.387615,8.150693,5.589097,-2.625979,9.648809,7.2005944,0.3406827,8.274398,7.5935082,11.649134,-2.8989701,-7.345433,-4.4131436,10.328074,18.397163,8.757097
151,-0.050167475,0.06387304,0.12101707,0.39580947,2.4829607,0.4498512,2.4829621,1.1649773,3.3651006,5.1073623,1.8097999,4.7389917,3.3651025,7.7670813,0.113364115,0.11315319,0.11315322,-0.1330236,-0.11878954,4.287814,2.4252188,2.4252188,0.86747205,1.1445832,0.7288253,0.26109976,0.3664327,-5.328949,-0.07950072,-0.08211471,-0.1333071,0.09813297,0.07784003,-0.10927358,0.038978595,-0.02288058,-0.0880231,0.026233975,0.6111686,0.033838958,0.02301861,0.13368966,0.25543287,0.04281673,-0.049566846,0.6665019,-0.08699955,2.283035,-0.10834706,0.0053536072,1.2996777,-0.007987279,0.0482684,0.04826805,1.5740888,2.4514258,-0.109721094,-0.07521886,-0.041012477,0.041016623,2.0925186,-0.109721094,-0.07521881,-0.041012418,2.0925176,0.5712372,-0.01811215,5.3931856,-0.32241303,-0.09943974,-0.03937528,0.3033333,5.7731743,2.4948409,4.2918844,4.7399535,5.889607,5.6878448,7.730381,7.730378,7.829726,0.4720647,5.21179,0.10360028,0.10360032,2.511513,0.6148486,22.082188,24.369259,0.15713306,20.494982,20.49498,-0.0622502,0.60983366,0.6098337,0.06751456,-0.18389985,4.724422,4.724421,4.724422,4.724421,1.2095098,0.72405565,1.5160754,1.6284909,7.181978,4.2294483,0.28184974,-1.4810352,-0.12834099,2.5395608,3.3220806,-4.048036,-0.15163466,-0.20833832,-0.6174221,1.7639062,2.5397513,5.705408,-0.10403493,3.2587085,3.5203693,1.5160756,-0.029427048,0.20692557,0.95572,8.308926,3.0946083,1.0894439,1.4854674,2.2383144,2.9545329,-0.10456619,-0.09725353,1.6326818,-0.048466835,0.06569343,-0.03517594,0.9636989,1.7532033,0.19952944,-0.01602408,0.12088467,-0.07344654,2.5608861,1.9376807,0.17581251,1.6607145,-0.13707846,6.040864,6.0408626,6.040864,6.443551,6.272243,3.9851143,0.6728926,5.31056,2.045421,-0.053693835,0.19806522,0.77439016,3.3425307,1.1649771,2.3450444,0.54998004,2.5224884,6.014957,6.014957,-0.020696621,-3.5499797,-21.53801,-3.0228016,-1.1516583,-0.85397834,-0.6604977,-0.5350479,8.130039,8.13004,-0.116630495,2.2812274,1.8125248,7.8141117,-0.40584803,-0.22774416,7.72779,1.8533862,0.9351089,-0.019709509,2.5045402,1.4075842,0.11671896,1.9184171,1.5955976,3.7182329,-0.02871612,-0.11546481,-0.06898123,2.8691761,8.574758,2.057172
152,2.7355683,5.716301,6.543991,9.080192,16.638714,9.387884,16.638718,12.719409,18.422417,21.345177,14.842448,20.742262,18.42242,24.967659,6.271827,6.269046,6.269049,-6.280773,-3.625755,20.040546,16.440691,16.44069,11.728038,12.858231,11.108224,8.012481,8.965334,-20.681293,0.9987553,0.77678156,-6.434714,6.225143,5.9309945,-2.340752,5.3028045,3.7728586,0.4024195,5.0580597,10.437682,5.2122107,4.9785433,6.7596455,8.020863,5.403201,2.8280036,10.739586,0.50195754,16.176876,-1.8951705,4.570047,13.269231,4.2060914,5.386921,5.3869157,14.189617,16.579433,-2.1459346,1.5021558,3.0800686,5.2540045,15.626889,-2.1459332,1.5021585,3.0800722,15.626888,10.06211,3.8454,21.762524,-13.312005,-0.9794327,3.1261299,8.381059,22.322092,16.709229,20.034443,20.77547,22.477093,22.190228,24.921452,24.921452,25.032864,9.49606,21.43752,6.288787,6.288783,16.785835,10.36988,40.4395,42.749073,6.9558096,38.83595,38.83595,2.247632,10.351766,10.351764,5.738698,-10.739574,20.758831,20.758831,20.758833,20.758835,13.011586,10.932508,13.9557905,14.3091135,24.141857,19.821995,8.156875,-16.142675,-5.5731964,16.756233,18.250864,-19.275276,-8.673336,-11.546782,-14.574853,14.866355,16.78199,22.228592,-1.2892292,18.274635,18.747824,13.9557905,3.5012884,7.4541016,11.914422,25.645477,17.933231,12.471177,13.977574,16.11454,17.663124,-1.3931012,-0.58929825,14.357413,2.8652728,5.6959486,3.3118675,11.943931,14.561154,7.3235445,3.9174721,6.5444913,1.5459949,16.836563,15.225939,7.1571493,14.442602,-6.928911,22.697803,22.697803,22.697803,23.246943,23.00942,19.424725,10.857951,21.66673,15.569358,2.5790694,7.4270663,11.172989,18.384491,12.719407,16.308376,9.866544,16.676914,22.636703,22.636703,3.768924,-18.718788,-36.910583,-18.115019,-15.652844,-15.11924,-14.698884,-14.368802,25.418459,25.418459,-3.7311149,16.2233,14.890334,25.026594,-13.876763,-12.036326,24.8949,14.79425,11.740919,3.8084488,16.682869,13.596735,6.5496435,14.951835,14.0897045,18.986038,3.5295844,-3.116412,1.9225208,17.50023,25.941854,15.56665
153,-6.617964,-2.9552076,-1.9911234,1.1083014,11.400186,1.3602581,11.40019,5.5646954,14.509995,19.867786,8.472777,18.662727,14.510002,24.787613,-2.570603,-2.5741081,-2.574108,-17.002407,-14.495999,17.58552,10.946065,10.946065,4.473729,5.9359603,3.6862643,-0.264394,1.021494,-32.21396,-8.988093,-9.124167,-17.017178,-2.5121038,-2.8823845,-12.817666,-3.5829628,-5.4487457,-9.659298,-3.8451593,2.7338166,-3.6747239,-3.9769228,-1.7715179,-0.2239309,-3.4141903,-6.617401,3.1286137,-9.546981,10.642058,-12.420749,-4.481659,6.30507,-4.9602356,-3.6132772,-3.613288,7.569696,11.302913,-12.786492,-8.386098,-6.4917583,-3.7882051,9.654231,-12.7864895,-8.386094,-6.491758,9.654229,2.1494663,-5.475134,20.455727,-23.419985,-11.169623,-6.174193,0.26170358,21.306824,11.617018,17.54691,18.903109,21.509077,21.096653,24.730005,24.730001,24.82152,1.4627687,19.729355,-2.4206016,-2.4206,11.836001,2.5940769,42.08094,44.42695,-1.5704477,40.421703,40.421703,-7.3489265,2.6063044,2.606302,-3.0041807,-20.520252,18.91948,18.91948,18.919483,18.91948,6.047599,3.326472,7.2176967,7.708546,23.471151,16.636238,-0.09315136,-26.921278,-16.289406,11.578349,13.909106,-30.617306,-18.782694,-21.355497,-24.990932,8.733222,11.690515,21.209866,-11.65776,14.487567,15.361146,7.217698,-5.889243,-0.99826825,4.5667267,25.626858,13.668801,5.2573977,7.3897896,10.679671,13.190757,-11.804779,-10.783908,7.817128,-6.604333,-3.188554,-6.029606,4.602415,7.911362,-1.2211907,-5.2594943,-2.03048,-8.233889,11.767982,9.078569,-1.3155192,7.913101,-17.401909,21.849987,21.849987,21.84999,22.569561,22.238485,15.985423,3.4211752,20.421043,9.744166,-6.82681,-0.8902428,3.6544197,14.459258,5.5646925,10.869236,1.8321222,11.34251,21.650331,21.650331,-5.583577,-29.974081,-48.936584,-29.272434,-26.316761,-25.66224,-25.14597,-24.736814,25.338352,25.338352,-14.265281,10.859771,8.58356,24.860222,-24.149246,-21.9625,24.61256,8.191806,4.266829,-5.496409,11.479583,6.709404,-1.9711719,8.34746,7.2585,15.251485,-5.844733,-13.805766,-7.8856807,12.919897,25.879614,9.63133
154,10.926745,12.317895,12.7063,13.767228,17.684475,13.987617,17.684479,15.47724,19.011381,21.474741,16.594933,20.959068,19.011383,24.948053,12.777299,12.7762,12.776201,6.0744586,7.7636824,20.325294,17.594345,17.594347,14.890352,15.4104595,14.608933,13.356195,13.664202,-12.609704,10.213188,10.022935,5.89958,12.662878,12.541606,8.337682,12.210823,11.48825,9.872273,12.071166,14.383777,12.155812,12.059366,12.817998,13.3376,12.222787,11.035119,14.506514,9.930159,17.369247,8.646131,11.867255,15.722606,11.718087,12.348327,12.348325,16.200487,17.64251,8.557293,10.46467,11.285963,12.293521,17.068882,8.557294,10.464671,11.285966,17.06888,14.31201,11.6079445,21.869242,-1.1623309,9.054593,11.143504,13.469665,22.389294,17.700325,20.326286,20.960236,22.542511,22.270435,24.902683,24.90268,25.019938,14.058272,21.600552,12.675965,12.675964,17.725368,14.39865,40.671425,42.995667,12.930409,39.05912,39.05912,10.763076,14.371018,14.3710165,12.384217,2.3641298,20.93856,20.93856,20.938562,20.938562,15.543765,14.633983,16.09038,16.283781,24.198162,20.247135,13.430936,-6.532902,6.4864354,17.77146,18.94519,-11.097828,4.208315,1.4646153,-3.5780518,16.504658,17.770111,22.29863,8.949113,18.839481,19.21997,16.09038,11.435657,13.167972,15.086989,25.619144,18.61552,15.34967,16.022789,17.27977,18.408102,8.907655,9.306264,16.293121,11.080537,12.462743,11.285737,15.104255,16.506546,13.168224,11.564467,12.732482,10.43491,17.811155,16.80412,13.016005,16.347942,5.5393577,22.747385,22.747385,22.747387,23.276985,23.051994,19.902185,14.45778,21.76072,16.960493,10.863107,13.0603285,14.726293,18.977123,15.477239,17.456757,14.288117,17.749918,22.706184,22.706184,11.581566,-10.439151,-28.997726,-9.691344,-5.65366,-4.619016,-3.801039,-3.1707256,25.39407,25.39407,7.4934893,17.349644,16.60168,25.00609,-2.1086655,0.9480768,24.893536,16.66954,15.064887,11.575431,17.714588,15.912317,12.691964,16.795166,16.242447,19.52986,11.439547,7.973967,10.690885,18.27789,25.92817,17.000069
155,-5.739678,-2.1676004,-1.2204812,1.8294332,12.019071,2.10816,12.019076,6.2825074,14.905132,19.201637,9.174486,18.344048,14.905136,23.402327,-1.7509103,-1.7543156,-1.754315,-14.8865385,-12.928431,17.436604,11.604404,11.604404,5.1608744,6.6042233,4.3830085,0.48730928,1.7440631,-27.26174,-8.002207,-8.149306,-14.889594,-1.7038567,-2.0621006,-11.529783,-2.7557685,-4.578559,-8.649747,-3.0155125,3.4624555,-2.846369,-3.141144,-0.991011,0.52532786,-2.5966225,-5.7186465,3.8503885,-8.54084,11.2816725,-11.176269,-3.6313882,7.016707,-4.0926304,-2.7665431,-2.766554,8.272046,11.923119,-11.488828,-7.412453,-5.568987,-2.934906,10.344745,-11.488825,-7.4124494,-5.568984,10.344743,2.8992946,-4.58563,19.693111,-19.77998,-10.077916,-5.3016233,0.9906757,20.3725,12.206929,17.414753,18.461407,20.547092,20.209929,23.350605,23.350603,23.455433,2.2150018,19.20678,-1.617102,-1.617102,12.399278,3.328443,39.35743,41.659195,-0.7913878,37.764442,37.764442,-6.435604,3.3290868,3.3290858,-2.2055433,-17.537033,18.45779,18.45779,18.457792,18.45779,6.738262,4.053032,7.9247756,8.413013,22.359915,16.838243,0.64918405,-22.65863,-14.347156,12.191753,14.438409,-25.844772,-16.202637,-18.174553,-21.05119,9.383556,12.287309,20.276684,-10.506629,14.819656,15.576459,7.924781,-4.9915805,-0.2249316,5.2818704,24.155655,14.138455,5.9774942,8.054135,11.286671,13.700763,-10.637009,-9.714414,8.509857,-5.705949,-2.3573735,-5.1469755,5.316451,8.649835,-0.4379958,-4.397526,-1.2501931,-7.286504,12.366786,9.7671175,-0.547446,8.6150255,-15.174399,20.818413,20.818413,20.818413,21.449337,21.167234,16.276066,4.105173,19.618826,10.389149,-5.9427013,-0.14615121,4.3697147,14.85556,6.282505,11.499806,2.6008294,11.989292,20.702532,20.70253,-4.6878967,-25.284555,-43.437172,-24.669813,-22.152525,-21.604826,-21.176647,-20.8413,23.900887,23.900888,-12.740093,11.459958,9.274171,23.467983,-20.364824,-18.64569,23.284761,8.943414,5.006748,-4.61077,12.094068,7.4234896,-1.200496,9.115823,8.002309,15.625119,-4.951152,-12.3614,-6.9346957,13.4493,24.434452,10.306516
156,-0.08590667,2.8022888,3.5450065,5.572381,10.411902,5.7993126,10.411905,7.890223,11.789713,14.351527,9.194825,13.798448,11.789716,17.763613,3.267067,3.2645397,3.26454,-6.3008156,-5.2212925,13.174474,10.28719,10.287192,7.244872,7.911482,6.8687925,4.769197,5.475503,-17.045464,-1.825803,-2.0138028,-6.296216,3.2312164,2.9545166,-4.4793296,2.3801773,0.90221417,-2.3958218,2.1525578,6.4641113,2.2961855,2.0717247,3.7157423,4.7725186,2.480756,-0.026846465,6.652064,-2.3053093,10.073049,-4.273716,1.6744754,8.199459,1.315078,2.442524,2.4425187,8.758484,10.364476,-4.4537907,-1.3560048,0.19510624,2.3117201,9.717073,-4.4537897,-1.3560005,0.19510749,9.7170725,6.257962,0.9650147,14.736094,-9.941346,-3.550698,0.2924317,5.0647154,15.254798,10.450103,13.170558,13.828382,15.403178,15.134747,17.719425,17.719421,17.822357,5.8773727,14.43122,3.2919548,3.291953,10.497806,6.4409447,32.99887,35.298042,3.8933754,31.406292,31.406292,-0.58928776,6.4288416,6.42884,2.814767,-8.113029,13.813441,13.813441,13.813442,13.813442,8.024923,6.7899365,8.6242695,8.844642,16.964859,12.994799,4.888994,-12.551837,-5.9756713,10.500938,11.667898,-15.637674,-7.1532955,-8.614123,-11.067817,9.162326,10.512223,15.170777,-3.8400326,11.66261,12.058999,8.62427,0.6225726,4.317581,7.4077625,18.415764,11.390485,7.7344522,8.602359,10.014186,11.178695,-3.9213152,-3.2664564,8.869437,0.008257743,2.7387288,0.4549281,7.4266605,9.047799,4.199762,1.0573133,3.5380433,-1.276488,10.552318,9.440072,4.063714,8.922671,-6.4745955,15.61135,15.61135,15.61135,16.128239,15.903399,12.648629,6.704793,14.648762,9.651593,-0.24028394,4.3070536,6.944256,11.758034,7.8902225,10.172431,6.137905,10.452129,15.548913,15.548911,0.8843913,-15.083888,-33.284885,-14.481728,-12.073634,-11.5689745,-11.1764765,-10.873005,18.196522,18.196524,-5.104086,10.090108,9.215741,17.820034,-10.446572,-8.987469,17.688574,9.213578,7.3206415,0.92367256,10.445135,8.410666,3.5436666,9.328543,8.747333,12.270389,0.65057206,-4.934104,-0.9500059,11.04782,18.693005,9.665278
157,1.855953,2.8460763,3.137746,4.0101366,7.1644173,4.16152,7.1644187,5.383382,8.224829,10.243161,6.2798743,9.818061,8.22483,13.063018,3.130482,3.1296027,3.1296027,-0.016309276,0.2664803,9.3137045,7.083847,7.0838475,4.9333086,5.358188,4.705731,3.6480575,3.934067,-7.7540073,1.3644798,1.2564526,-0.03371078,3.0567715,2.959748,0.42967954,2.7309778,2.2143261,1.1547487,2.6342943,4.4961185,2.6911995,2.6200998,3.2005336,3.6317227,2.7455676,1.9010046,4.5996494,1.1875008,6.9075637,0.52819246,2.4793844,5.5791783,2.367846,2.809334,2.809331,5.9631777,7.1262712,0.4959126,1.5130928,2.0549614,2.7665782,6.6554775,0.4959132,1.5130937,2.0549622,6.6554766,4.421145,2.2904975,10.558352,-1.3560019,0.7350607,1.9997464,3.761882,10.974523,7.1827493,9.315988,9.8285475,11.101532,10.88231,13.024726,13.024724,13.126416,4.2126493,10.3384905,3.076704,3.0767043,7.2068205,4.503583,27.385765,29.630226,3.2945807,25.844429,25.844429,1.7329121,4.4911633,4.4911623,2.8834398,-0.42582348,9.812933,9.812934,9.812934,9.812933,5.4507194,4.701536,5.880938,6.0356455,12.442659,9.223551,3.7090023,-3.5043964,0.03823709,7.2328434,8.163534,-6.384738,-0.19639218,-0.604657,-2.221556,6.2275386,7.233943,10.904561,0.67009944,8.10225,8.415824,5.8809385,2.1727898,3.481601,5.0716906,13.634234,7.9073863,5.27671,5.8407702,6.8563166,7.742034,0.6508627,0.85476834,6.046291,1.9417453,2.9018304,2.0855768,5.087393,6.199264,3.4625132,2.280728,3.144839,1.5190971,7.2663956,6.453761,3.3654773,6.0826073,-0.0706781,11.265714,11.265714,11.265714,11.689602,11.508934,8.941131,4.5957584,10.474352,6.5944014,1.8119481,3.4283755,4.785924,8.202896,5.383382,6.9877005,4.38412,7.21138,11.23034,11.230339,2.2674093,-5.8570232,-24.292992,-5.2904134,-3.0790656,-2.6307502,-2.3001692,-2.0591776,13.44344,13.44344,0.21363494,6.9123144,6.288028,13.112039,-1.7109742,-0.7521503,13.019925,6.329653,5.040707,2.2710707,7.19226,5.7310963,3.1206188,6.416492,5.981946,8.632947,2.172053,0.32119587,1.6604686,7.6389875,13.904548,6.609666
158,-0.75179887,2.3416154,3.171804,5.6345553,11.45305,5.9048066,11.453052,8.6206045,12.904877,15.572147,10.120437,15.001825,12.90488,19.028868,2.8650496,2.8622305,2.8622293,-7.3267403,-6.1185884,14.350494,11.321669,11.321668,7.852195,8.66667,7.373041,4.5959706,5.515278,-18.182762,-2.5270717,-2.731517,-7.333488,2.8264816,2.5255115,-5.3070407,1.8919022,0.29870424,-3.1140096,1.6415132,6.824209,1.7992047,1.5539924,3.3707528,4.6081676,2.0005853,-0.6774571,7.0761566,-3.019348,11.091794,-5.066209,1.1253791,8.99377,0.74138844,1.9653915,1.965385,9.633892,11.403112,-5.252531,-2.0484297,-0.42420962,1.8228259,10.699791,-5.2525296,-2.0484254,-0.42420655,10.699791,6.5121117,0.36661303,15.965543,-11.098435,-4.3214946,-0.34785372,4.974542,16.494848,11.4913225,14.344937,15.031131,16.642334,16.370735,18.984516,18.984512,19.089375,6.0024724,15.653905,2.8881269,2.888124,11.5380745,6.7735844,34.305313,36.602898,3.5611043,32.71187,32.71187,-1.2736845,6.759446,6.7594466,2.353647,-9.260716,15.015346,15.015346,15.015347,15.015346,8.796824,7.2471924,9.479737,9.728351,18.22477,14.167284,4.7434716,-13.694522,-6.9844017,11.545422,12.781793,-16.772629,-8.27212,-9.766063,-12.220523,10.090955,11.556518,16.407587,-4.6088896,12.761214,13.17777,9.479739,0.011957612,4.047993,8.028132,19.682775,12.485779,8.435541,9.4599285,11.0259905,12.259855,-4.6910367,-4.018263,9.755763,-0.6396054,2.2878606,-0.17531796,8.052135,9.946275,3.9195619,0.45396498,3.160533,-1.9825511,11.602622,10.392611,3.7635968,9.817909,-7.531894,16.853098,16.853098,16.853096,17.37693,17.148735,13.807048,7.1687818,15.877655,10.6256075,-0.9124363,4.0452013,7.444225,12.871192,8.620603,11.195466,6.3399315,11.4991045,16.791594,16.791592,0.2869394,-16.219137,-34.44483,-15.618682,-13.222486,-12.720206,-12.329225,-12.02666,19.462856,19.462856,-6.035946,11.106891,10.146306,19.085493,-11.600795,-10.137542,18.953926,10.130608,7.9100575,0.329348,11.486119,9.233859,3.1712823,10.257778,9.608704,13.415167,0.041506927,-5.8029394,-1.621394,12.123687,19.959026,10.642066
159,-0.35453522,2.847563,3.6353123,5.80622,10.891985,5.9701376,10.891986,8.231942,12.306265,14.989131,9.597828,14.347499,12.306267,18.258638,3.1259696,3.123056,3.1230547,-8.276454,-6.5478096,13.766477,10.714902,10.714902,7.651372,8.355914,7.253291,4.901972,5.7456827,-22.03555,-2.3952487,-2.4987433,-8.275027,3.185498,2.8723712,-5.3219104,2.288404,0.64945215,-2.9542086,2.0606863,6.758784,2.2040784,1.940174,3.7924862,4.9258637,2.4352481,-0.3786491,6.9715614,-2.8657362,10.545149,-5.0604777,1.4954032,8.571235,1.0705057,2.2412863,2.241277,9.166705,10.843595,-5.3362017,-1.9050559,-0.29126644,2.0872867,10.1324215,-5.3362007,-1.9050524,-0.29126427,10.132421,6.4524126,0.6083933,15.344125,-13.547361,-4.097173,0.030950692,5.258517,15.863031,10.966716,13.749736,14.451505,16.004763,15.740303,18.21807,18.21807,18.280178,6.037282,14.947406,3.2615325,3.2615335,11.045678,6.694961,31.622381,33.731827,3.9512918,30.182041,30.182043,-1.0117364,6.6991973,6.699198,2.798065,-10.991229,14.453235,14.453235,14.453235,14.453235,8.427078,7.0884695,9.0054245,9.235653,17.343845,13.383003,5.0204587,-16.879293,-7.7718635,10.975684,12.079847,-20.474148,-9.573914,-11.706883,-15.02057,9.662469,11.011676,15.795077,-4.493754,12.254897,12.662269,9.005425,0.24497426,4.3837805,7.7384057,18.855461,11.908308,8.075853,9.052222,10.53925,11.692384,-4.602586,-3.8221083,9.282621,-0.37185502,2.605992,0.13735797,7.7563744,9.373281,4.2119083,0.8185903,3.5975616,-1.7575331,11.045887,9.860923,4.147706,9.327151,-8.548102,16.224924,16.224924,16.224924,16.715666,16.490728,13.059972,7.1065087,15.30137,10.140307,-0.5376966,4.4714947,7.264518,12.282475,8.23194,10.655443,6.2717643,10.884074,16.10742,16.107418,0.5116795,-19.84945,-38.72084,-19.158707,-16.28993,-15.653998,-15.153845,-14.76411,18.647707,18.647707,-6.3324995,10.618353,9.6341505,18.309658,-14.214246,-12.230835,18.135742,9.518309,7.6020174,0.59143025,10.930238,8.770893,3.6461213,9.603007,9.063352,12.701839,0.28198245,-6.058039,-1.4965289,11.562758,19.025452,10.105085
160,-7.839464,-4.466276,-3.5226448,-0.45013416,9.775101,-0.20839687,9.7751045,4.006317,12.503181,16.414192,6.9218473,15.569752,12.503184,20.544758,-4.1202183,-4.12367,-4.123669,-15.233229,-13.558381,14.778771,9.346629,9.34663,2.9216764,4.3947887,2.1308002,-1.8257043,-0.5330474,-28.251425,-9.822829,-9.903308,-15.221593,-4.0518546,-4.4175386,-12.411044,-5.0892005,-6.8282113,-10.315962,-5.337085,1.1677766,-5.176294,-5.465748,-3.312573,-1.7843533,-4.923095,-7.8574104,1.5644261,-10.235631,9.056134,-12.183324,-5.9401636,4.750974,-6.386186,-5.1315823,-5.13159,6.0223093,9.683835,-12.436755,-9.351308,-7.7767153,-5.3012524,8.094356,-12.436754,-9.351303,-7.7767115,8.094354,0.5738473,-6.8647127,16.870857,-20.405865,-11.32175,-7.4629564,-1.2943528,17.534988,9.972221,14.759093,15.7051115,17.702702,17.371984,20.494205,20.494202,20.577454,-0.11011988,16.363535,-3.9594548,-3.9594562,10.171045,1.0230725,36.32059,38.574203,-3.1184127,34.754986,34.754986,-8.480375,1.0349264,1.0349253,-4.522641,-17.920822,15.708503,15.708502,15.708504,15.708503,4.502515,1.7618514,5.6694384,6.1617203,19.408772,14.201272,-1.6551641,-23.524015,-14.724034,9.937017,12.028717,-26.800535,-16.508656,-18.628222,-21.80445,7.1881695,10.040189,17.45078,-11.673009,12.461185,13.139293,5.669441,-7.2358356,-2.5574093,3.0035665,21.283863,11.802819,3.6999345,5.8471465,9.091962,11.392793,-11.77386,-11.078493,6.266483,-7.854362,-4.71807,-7.349086,3.0386841,6.35575,-2.782359,-6.6558905,-3.5652187,-9.21476,10.112149,7.523649,-2.868007,6.3675146,-15.490054,17.982151,17.982147,17.98215,18.60415,18.317633,13.702359,1.8679798,16.82418,8.180826,-8.019801,-2.4373305,2.0884888,12.460525,4.00632,9.27063,0.25316876,9.724044,17.829605,17.829605,-6.96467,-26.225208,-44.58511,-25.598412,-22.984053,-22.398926,-21.935743,-21.571106,21.028786,21.028786,-13.331092,9.263797,7.034874,20.60833,-21.048971,-19.149773,20.396952,6.638264,2.699336,-6.8824987,9.845275,5.156455,-3.5021746,6.7930655,5.699971,13.127658,-7.193837,-13.085826,-8.952107,11.153224,21.51484,8.074138
161,0.2011928,3.7781172,4.736452,7.771696,17.652597,8.099408,17.652601,12.168428,20.401423,24.63164,14.956092,23.778095,20.401426,28.887915,4.3190947,4.315764,4.315763,-10.630979,-7.616845,22.857355,17.288605,17.288605,11.018894,12.419425,10.259564,6.466945,7.661886,-26.579727,-2.0257237,-2.2330768,-10.759787,4.3113317,3.960542,-6.02215,3.2491367,1.420172,-2.7283554,2.9748313,9.396665,3.1508572,2.8642542,4.985792,6.4901724,3.3870618,0.26583886,9.770999,-2.6096714,16.955282,-5.533299,2.3746731,12.864333,1.92403,3.2887475,3.288739,14.073199,17.563702,-5.8662453,-1.4121972,0.49170917,3.1257064,16.08813,-5.8662434,-1.4121921,0.49171162,16.088127,8.896686,1.4578683,25.13458,-18.880575,-4.354334,0.65994304,6.9352794,25.82373,17.809013,22.836796,23.883413,26.00399,25.659168,28.835941,28.835938,28.954468,8.218014,24.656647,4.3977046,4.3977065,17.973797,9.294074,45.123917,47.449913,5.2027965,43.504395,43.504395,-0.44968873,9.28716,9.287158,3.7745535,-15.747039,23.876396,23.876396,23.876398,23.876396,12.572757,9.984763,13.741383,14.212078,27.88752,22.322615,6.633783,-21.958178,-9.808051,17.82082,19.98083,-25.175392,-13.280085,-16.7465,-20.308296,15.105345,17.896374,25.721226,-4.7826753,20.288614,21.023415,13.741382,1.0441092,5.7806053,11.193948,29.646141,19.660286,11.865211,13.83888,16.928654,19.239136,-4.919501,-3.9136686,14.302945,0.30044007,3.6834831,0.8568467,11.230861,14.486424,5.596967,1.6059687,4.7282352,-1.3143784,17.971506,15.518268,5.4420667,14.406337,-11.299912,26.277168,26.277166,26.277168,26.920982,26.636185,21.767612,9.970189,25.05009,16.09012,0.002006229,5.798556,10.297894,20.349493,12.1684265,17.159193,8.627247,17.642614,26.171333,26.17133,1.3592374,-24.61076,-42.64106,-23.994621,-21.452835,-20.898422,-20.446749,-20.085915,29.391434,29.391434,-7.620528,17.093876,15.044348,28.95383,-19.533054,-17.352797,28.791569,14.776725,10.945306,1.419619,17.72193,13.270034,4.7564564,14.96632,13.85932,21.136278,1.0785043,-6.984703,-0.9089743,18.992868,29.952213,16.033966
162,-1.5958972,-0.4743657,-0.21114644,0.36487865,2.6561239,0.38002717,2.6561258,0.9767962,3.7069921,5.9393053,1.7320373,5.371862,3.7069936,8.921036,-0.48180175,-0.48290026,-0.48290014,-5.282773,-4.27897,4.889077,2.5106328,2.5106328,0.7837397,1.0571718,0.67208755,0.15461762,0.35683715,-16.08742,-2.3881505,-2.3972132,-5.266223,-0.41499448,-0.5308555,-3.5894375,-0.7130362,-1.2838309,-2.5940385,-0.782445,0.5461189,-0.73744524,-0.83569896,-0.17279175,0.16585961,-0.6469473,-1.6411786,0.5948394,-2.563248,2.4040859,-3.4907491,-0.99318945,1.1345856,-1.1522832,-0.7777774,-0.7777792,1.4600892,2.6168187,-3.636216,-2.220271,-1.6707357,-0.8366902,2.0918891,-3.636214,-2.2202697,-1.6707342,2.091889,0.47199917,-1.3404467,6.2330294,-9.028844,-3.0261877,-1.4748425,0.2534833,6.681259,2.72136,4.8773155,5.478876,6.8033686,6.5733004,8.880446,8.880443,8.939651,0.38998607,5.873351,-0.38468057,-0.38468063,2.791858,0.52888197,23.260696,25.511227,-0.1334733,21.706623,21.706623,-1.8677566,0.5344307,0.5344308,-0.51970994,-7.131929,5.4839144,5.4839134,5.483914,5.4839144,1.0781388,0.62012464,1.3697898,1.5060948,8.0240755,4.532153,0.18485458,-11.636523,-4.958791,2.716011,3.5108335,-14.687564,-6.1367474,-7.661024,-10.165853,1.8012233,2.749017,6.6339417,-3.2265232,3.698797,4.012224,1.3697901,-1.4621352,-0.009158511,0.7976218,9.519861,3.4071362,0.9114735,1.4173161,2.4262831,3.2455723,-3.2782886,-2.9282255,1.5384662,-1.6545861,-0.63668835,-1.4677916,0.8033008,1.5710553,-0.077867955,-1.224669,-0.23612005,-2.1372502,2.7723858,1.9129043,-0.06762159,1.5611695,-5.44118,7.0050874,7.0050874,7.005088,7.4470043,7.2395062,4.2733946,0.6427135,6.2083673,2.1345925,-1.6646023,0.057017036,0.66649157,3.6899226,0.97679573,2.4885333,0.4267319,2.6361663,6.8793592,6.8793583,-1.3775052,-14.13875,-32.31558,-13.5436,-11.162326,-10.661906,-10.270335,-9.966134,9.310923,9.310924,-4.1035237,2.4814188,1.7569773,8.972177,-9.5465765,-8.056985,8.79561,1.6559029,0.74783635,-1.3384714,2.6846938,1.2373933,-0.20243864,1.7001463,1.3842165,3.9871528,-1.4440994,-3.9933116,-2.081681,3.1521342,9.689917,2.0886886
163,0.30384704,0.48897028,0.5412976,0.77139795,3.007892,0.79557085,3.0078938,1.4887943,3.9262629,5.853264,2.1988833,5.3554173,3.9262643,8.508439,0.5060477,0.5058558,0.5058558,-2.0224912,-1.0549068,4.938855,2.8841777,2.8841784,1.2511355,1.561548,1.107872,0.64584714,0.7590977,-13.058047,0.1462453,0.13911663,-2.0102756,0.5079587,0.48812294,-0.47418088,0.45402837,0.3597163,0.08389617,0.44079593,0.95637864,0.44878227,0.43391854,0.5495861,0.64728546,0.46207187,0.3001678,1.0135244,0.09364705,2.7765892,-0.3952499,0.4079687,1.6476884,0.38296402,0.45207936,0.45207888,1.9582663,2.9664452,-0.5046395,0.18894276,0.3049004,0.4427215,2.5071456,-0.5046387,0.188943,0.3049004,2.507145,0.88562477,0.35751468,6.118184,-5.775838,-0.10520959,0.32591477,0.69125426,6.5084105,3.0559611,4.927383,5.445695,6.6283703,6.4232635,8.472677,8.472675,8.517305,0.8060372,5.795019,0.5132328,0.5132328,3.1125102,0.9424627,21.472889,23.58571,0.56276596,20.028397,20.028397,0.2615914,0.94698447,0.9469843,0.48633045,-3.8508286,5.4499435,5.449943,5.4499435,5.449943,1.5876269,1.0484759,1.8791103,2.0017729,7.694767,4.638917,0.6603911,-8.464474,-1.7073298,3.061505,3.7582707,-11.623876,-2.8656676,-4.3735247,-6.946789,2.250598,3.087488,6.469331,-0.21579042,3.9166715,4.185904,1.8791106,0.3364518,0.5967798,1.2805619,9.03416,3.6629972,1.4123107,1.9192238,2.7892632,3.52796,-0.24739385,-0.05319612,2.0320466,0.3013898,0.4725774,0.33135223,1.2889061,2.0667326,0.5821121,0.37071574,0.5379801,0.20548378,3.1026168,2.3525388,0.5780221,2.0473804,-2.1810749,6.8071694,6.8071685,6.8071694,7.2013397,7.0172224,4.4110928,1.0651991,6.088593,2.5391793,0.29299578,0.607327,1.1096097,3.9136214,1.488794,2.8588743,0.8463024,2.9927986,6.6928525,6.692851,0.35146734,-11.062516,-29.416039,-10.449135,-7.9683685,-7.45671,-7.054427,-6.7409678,8.85064,8.85064,-0.9120939,2.8381028,2.2207024,8.553275,-6.307505,-4.7770395,8.388028,2.1407766,1.2184333,0.35637012,3.0336123,1.7515628,0.5401069,2.1831567,1.8964968,4.1688414,0.33848023,-0.8069222,0.22119416,3.4398596,9.160512,2.4996278
164,1.7086703,2.6263745,2.8973,3.6597378,6.5007763,3.8078375,6.5007772,4.8867426,7.4988265,9.357723,5.69664,8.97968,7.498828,12.105615,2.9299133,2.92913,2.9291303,-0.23807865,0.1544919,8.492219,6.4387426,6.438743,4.457131,4.8330708,4.2558126,3.3583782,3.580726,-2.309115,1.2996763,1.1824466,-0.2639989,2.8496447,2.7643688,0.34019372,2.536936,2.0578077,1.0990142,2.4447691,4.092967,2.5015101,2.4366822,2.9635856,3.3397205,2.5469406,1.7712717,4.180292,1.1314524,6.262636,0.4783801,2.3082993,5.0617723,2.210257,2.6302407,2.6302388,5.4040413,6.4650273,0.45076787,1.4381881,1.9401727,2.5925405,6.0430202,0.45076817,1.438189,1.9401742,6.0430193,4.045429,2.1427686,9.666753,-0.3668681,0.67123824,1.8488522,3.444226,10.062855,6.5112157,8.498386,8.969975,10.188069,9.978011,12.068417,12.068415,12.181201,3.859943,9.480504,2.8615768,2.8615773,6.527326,4.1075864,25.883741,28.134888,3.0469196,24.341644,24.341644,1.6159961,4.0915933,4.091593,2.6698525,-0.34592706,8.950134,8.950133,8.950134,8.950134,4.932936,4.2801824,5.333725,5.473301,11.562728,8.456308,3.4128568,-0.47929454,-0.18541443,6.5660324,7.46391,-1.2910879,-0.33188164,-0.3503297,-0.39215168,5.624605,6.5646076,9.988028,0.6217711,7.3694715,7.6574,5.333725,2.0315254,3.2165287,4.60419,12.659114,7.202652,4.792553,5.2768235,6.200007,7.0456123,0.60579014,0.8016914,5.471714,1.8070939,2.7069046,1.934901,4.6160846,5.6339045,3.2107494,2.1113176,2.9118688,1.4262676,6.594757,5.8506665,3.1091995,5.5136256,-0.29190913,10.338248,10.338248,10.338248,10.753921,10.580445,8.191263,4.149685,9.570214,5.9653015,1.6716096,3.1512065,4.344531,7.4724045,4.886742,6.3323326,4.026224,6.556621,10.326465,10.326463,2.1246526,-0.9877491,-18.487167,-0.7543136,-0.4438061,-0.41280013,-0.39462984,-0.384465,12.478288,12.478289,0.023613095,6.2517605,5.700103,12.153697,-0.37526405,-0.35257274,12.084069,5.765557,4.594933,2.1245816,6.523043,5.201275,2.8809,5.848672,5.4429817,7.898325,2.0343156,0.2099115,1.5762973,6.946557,12.948683,5.9942617
165,2.3333023,4.7120442,5.32176,7.212165,12.351147,7.377059,12.351148,9.73541,13.621633,15.903295,11.133247,15.3719425,13.6216345,18.820385,4.9483137,4.9460535,4.9460526,-5.406573,-3.2599258,14.853666,12.183339,12.183339,9.129451,9.899747,8.699132,6.4013386,7.1718845,-21.22025,0.72778976,0.64743817,-5.4188166,5.002399,4.7695036,-1.9536773,4.3218822,3.1135983,0.28668973,4.1572504,8.186056,4.2676334,4.070937,5.475934,6.43104,4.434396,2.343684,8.404566,0.36294657,12.037645,-1.6558216,3.748573,10.119832,3.4362328,4.29275,4.2927446,10.723333,12.313499,-1.9372667,1.1444207,2.4081159,4.1821938,11.646736,-1.9372686,1.1444224,2.4081166,11.646735,7.8453493,3.0795634,16.217619,-11.942715,-0.75329167,2.623212,6.7068243,16.670555,12.423735,14.841468,15.441214,16.788486,16.55982,18.78167,18.781668,18.857767,7.43815,15.903115,5.055618,5.055618,12.4979315,8.102998,32.477077,34.67471,5.5885053,30.98169,30.981688,1.8393034,8.09991,8.09991,4.678615,-8.953522,15.438895,15.438895,15.438895,15.438895,9.973954,8.513978,10.558735,10.787093,18.039446,14.578927,6.500304,-15.597226,-4.7675943,12.429206,13.43476,-19.51183,-7.1394205,-9.816442,-13.580201,11.206368,12.461009,16.606583,-1.1033192,13.562687,13.911431,10.558736,2.8071537,5.943019,9.193574,19.391804,13.271911,9.578442,10.612118,12.026185,13.078446,-1.2096462,-0.4831295,10.824955,2.3345811,4.5624676,2.7152443,9.21055,10.910378,5.801631,3.2228215,5.3011694,1.2413491,12.496555,11.390216,5.747878,10.883537,-5.7852473,16.977615,16.977613,16.977615,17.415195,17.21722,14.293189,8.542062,16.170387,11.643161,2.1914937,6.005884,8.690143,13.595454,9.735408,12.124248,7.6629796,12.34993,16.890144,16.890144,3.0096064,-18.827528,-39.132736,-18.078068,-14.972421,-14.294383,-13.748093,-13.3178625,19.195683,19.195683,-3.0645607,12.099576,11.177379,18.869614,-12.7002,-10.440831,18.727367,11.041926,9.040001,3.070942,12.380105,10.321958,5.3469243,11.131903,10.610741,13.983228,2.8403072,-2.7151043,1.4768323,12.96522,19.591015,11.622737
166,7.13476,10.336852,11.161779,13.5922,19.812387,13.829397,19.81239,16.659267,21.389877,24.26097,18.336407,23.620266,21.389877,27.824387,10.773068,10.770188,10.770188,-3.5098836,-0.39036012,22.95959,19.638504,19.638504,15.886001,16.79028,15.371712,12.574017,13.503006,-22.72193,5.051778,4.875349,-3.6194685,10.770476,10.46016,1.294509,9.845971,8.212099,4.398241,9.602292,14.770925,9.753926,9.499135,11.353543,12.592587,9.967605,7.170246,15.036339,4.5053062,19.423367,1.73388,9.059991,17.082884,8.652381,9.864793,9.864787,17.81472,19.759686,1.389893,5.6045218,7.3491597,9.716379,18.966259,1.389895,5.6045275,7.349164,18.966255,14.417583,8.2330885,24.662498,-13.218571,2.923034,7.545581,12.95765,25.223171,19.878712,22.950417,23.685453,25.375994,25.091848,27.779127,27.779125,27.872686,13.916795,24.290928,10.843659,10.843658,19.949785,14.7010145,42.52048,44.734535,11.541316,41.004307,41.00431,6.5178385,14.699568,14.699567,10.327449,-9.035735,23.677294,23.677292,23.677294,23.677294,16.893957,15.19237,17.624172,17.904953,26.94412,22.67038,12.714714,-17.241098,-2.6262863,19.907696,21.195206,-21.09239,-6.265295,-10.3248415,-15.16476,18.374226,19.936432,25.144123,2.4787142,21.288063,21.735092,17.624176,7.862031,12.017916,16.02084,28.48926,20.936808,16.45478,17.658417,19.38917,20.69446,2.3418705,3.3127635,17.955338,7.2015505,10.213778,7.7072716,16.048363,18.09845,11.864079,8.383729,11.142979,5.7180395,19.978674,18.642445,11.742833,18.010937,-4.1774592,25.603977,25.603977,25.603977,26.141953,25.903141,22.299686,15.1781645,24.595043,18.944,6.9533114,12.050143,15.410451,21.361004,16.659267,19.544022,14.222584,19.829807,25.506927,25.506926,8.142467,-20.430641,-39.62293,-19.70529,-16.610785,-15.913129,-15.334051,-14.853905,28.264399,28.2644,-0.29232582,19.478281,18.376564,27.88174,-14.099181,-11.128687,27.729832,18.279587,15.857412,8.198564,19.854244,17.3387,11.1678915,18.397469,17.717548,21.88783,7.8900557,0.29110858,6.0640173,20.549877,28.745464,18.922293
167,-0.56367195,2.827033,3.7359755,6.552283,15.624841,6.8621063,15.624843,10.6586895,17.91384,21.336853,13.231755,20.643406,17.913841,25.148651,3.370907,3.3677979,3.3677976,-10.4701395,-7.808556,19.874052,15.321546,15.321546,9.564212,10.871835,8.853604,5.345934,6.440468,-23.166986,-2.599709,-2.8111453,-10.586244,3.343889,3.0100825,-6.346604,2.3269188,0.5964508,-3.2584465,2.061215,8.0538645,2.230107,1.9616599,3.96233,5.3633165,2.4522018,-0.49133492,8.402304,-3.147885,15.0120125,-5.8833113,1.4970038,11.306325,1.0753746,2.3850727,2.3850644,12.420064,15.548472,-6.1879,-2.0370324,-0.25680324,2.2303784,14.253041,-6.1878967,-2.03703,-0.256801,14.253038,7.60503,0.6517661,21.784462,-16.119762,-4.784855,-0.124127924,5.7776666,22.389168,15.749055,19.861578,20.703138,22.551376,22.245848,25.101223,25.10122,25.212902,6.9739656,21.39955,3.4220903,3.4220908,15.878969,7.9670825,40.75013,43.072598,4.1744275,39.139656,39.139656,-1.1606512,7.954399,7.9543962,2.8351839,-14.009728,20.690163,20.69016,20.690163,20.69016,11.025367,8.61196,12.122389,12.554902,24.276482,19.5241,5.505235,-18.754072,-9.769013,15.773802,17.634264,-21.782475,-12.501025,-14.6452055,-17.276077,13.342737,15.828912,22.2916,-5.1833878,17.784367,18.369164,12.12239,0.25735185,4.716591,9.741469,25.840397,17.318087,10.374982,12.192564,14.974731,16.974827,-5.30873,-4.3670382,12.628097,-0.45396817,2.7519755,0.06998789,9.773837,12.821771,4.5508356,0.7747968,3.7264793,-1.9600451,15.897071,13.735755,4.3986006,12.729669,-11.029292,22.78827,22.78827,22.78827,23.36633,23.11547,19.062412,8.577537,21.694672,14.232163,-0.74817747,4.723982,8.898872,17.87019,10.658688,15.191018,7.368203,15.634118,22.714958,22.714958,0.5580991,-21.240498,-39.16249,-20.652618,-18.284733,-17.78184,-17.389172,-17.082596,25.608742,25.608742,-7.8279247,15.119567,13.309274,25.209093,-16.642689,-15.069644,25.068985,13.099127,9.521019,0.6142808,15.68394,11.68678,3.7468557,13.275739,12.243927,18.543968,0.28782177,-7.2267456,-1.5737538,16.770096,26.134178,14.194882
168,13.333644,14.341228,14.6290045,15.413499,18.396278,15.606572,18.39628,16.741932,19.424738,21.376759,17.584805,21.001476,19.42474,24.397097,14.733846,14.733068,14.733068,10.144692,11.291994,20.455416,18.354239,18.354239,16.251324,16.642828,16.038622,15.123016,15.323966,-9.177539,12.894244,12.732334,9.99285,14.627652,14.544276,11.578675,14.290408,13.761582,12.646398,14.1832075,15.891665,14.248372,14.180869,14.719377,15.1024885,14.289792,13.439106,15.98078,12.6902075,18.154469,11.813893,14.042851,16.923145,13.940471,14.418437,14.418435,17.27698,18.366014,11.778,13.07346,13.665072,14.381736,17.949766,11.778001,13.0734625,13.665073,17.949766,15.8645315,13.87321,21.72393,4.5648007,12.04875,13.499246,15.1901,22.161997,18.392143,20.46305,20.959335,22.294487,22.062332,24.35639,24.356386,24.47927,15.66681,21.557016,14.631568,14.631568,18.393728,15.917731,39.961426,42.300953,14.809267,38.31521,38.31521,13.249954,15.887791,15.88779,14.404595,7.4225626,20.930943,20.930943,20.930943,20.930943,16.76773,16.089302,17.201042,17.347115,23.82776,20.501122,15.179126,-0.62954736,10.403281,18.469406,19.433744,-6.8673954,8.799016,6.733632,2.3440733,17.468342,18.454409,22.06873,12.006909,19.244701,19.54085,17.201042,13.74785,14.991814,16.437721,25.00879,19.111145,16.643454,17.115995,18.057287,18.948807,11.9843855,12.240213,17.343567,13.479321,14.490673,13.617975,16.451893,17.551903,15.00448,13.810908,14.655133,13.032948,18.48949,17.737019,14.868665,17.391668,9.736774,22.457434,22.457434,22.457434,22.919703,22.73123,20.204487,15.912104,21.605953,17.82669,13.293465,14.883123,16.154108,19.391083,16.741932,18.216255,15.861613,18.471966,22.463633,22.46363,13.858026,-5.809148,-26.4338,-4.6377935,0.28975433,1.3295404,2.1255612,2.7262213,24.80555,24.805553,11.007134,18.11108,17.585503,24.449642,3.7333221,6.343312,24.376343,17.6908,16.441662,13.846307,18.41738,17.07158,14.614975,17.80322,17.349539,19.89157,13.747602,11.388484,13.241187,18.846336,25.325813,17.881897
169,-1.0451971,2.4980228,3.4586,6.41339,14.49563,6.7180405,14.49563,10.498148,16.220894,19.184464,12.732596,18.555588,16.220894,22.868038,3.04337,3.040075,3.040074,-10.102278,-8.121447,17.85247,14.306086,14.306087,9.451581,10.687558,8.753075,5.139385,6.294777,-21.649704,-3.1313744,-3.3359814,-10.133405,3.0236104,2.6696122,-6.760844,1.9573295,0.1387201,-3.7863755,1.6776662,7.9455585,1.8529986,1.5691228,3.6839306,5.161144,2.0879571,-0.9880415,8.297361,-3.6790233,14.0509815,-6.3425875,1.0798374,11.089671,0.6352119,2.0086653,2.0086546,12.066243,14.44061,-6.6358113,-2.5716016,-0.7546722,1.8423483,13.517913,-6.635811,-2.5715983,-0.75467056,13.517913,7.4807644,0.18695998,19.606644,-14.479888,-5.271347,-0.59661585,5.6074734,20.17901,14.564424,17.843506,18.599922,20.338253,20.045023,22.821186,22.821182,22.929993,6.8319545,19.258827,3.103066,3.1030672,14.636165,7.8521457,38.361927,40.678,3.9034042,36.757744,36.757744,-1.6691358,7.842912,7.842911,2.4953234,-12.470643,18.58593,18.58593,18.585932,18.58593,10.832845,8.508793,11.817405,12.183532,22.012947,17.611738,5.3096704,-17.175709,-9.618108,14.60621,16.044134,-20.251675,-11.316482,-13.030498,-15.663989,12.777404,14.632814,20.086983,-5.6693597,16.081701,16.554646,11.817406,-0.22324109,4.473389,9.622805,23.557281,15.738837,10.230319,11.853197,13.990937,15.473896,-5.792143,-4.8717365,12.236138,-0.9531485,2.3902924,-0.41204232,9.655749,12.426272,4.297592,0.32444975,3.4362533,-2.480982,14.68363,13.119773,4.1432953,12.322242,-10.397263,20.565668,20.565666,20.565668,21.12418,20.880707,17.215137,8.481365,19.517471,13.4653425,-1.2351383,4.503358,8.791818,16.184364,10.498147,14.179007,7.231869,14.527885,20.494644,20.494642,0.08942178,-19.700851,-37.768646,-19.10135,-16.693813,-16.180635,-15.776536,-15.46242,23.32587,23.32587,-8.080745,14.095807,12.785466,22.92788,-15.012734,-13.43086,22.788216,12.664738,9.403704,0.14723608,14.537074,11.43395,3.4642766,12.816327,11.934529,16.774376,-0.18985815,-7.5894375,-2.0986633,15.316302,23.845608,13.457925
170,-0.47288394,-0.2670781,-0.15990813,0.23714656,2.205896,0.31866783,2.2058976,1.0352365,2.9743524,4.484399,1.6054187,4.164282,2.974353,6.8430877,-0.15533245,-0.15566696,-0.1556668,-0.50564754,-0.51752895,3.7618299,2.161403,2.1614022,0.7517295,1.0053825,0.61647457,0.05763084,0.19026674,-0.62560916,-0.51184404,-0.5172305,-0.5042507,-0.18784252,-0.22463232,-0.5214435,-0.3048234,-0.420542,-0.5219916,-0.33283317,0.503392,-0.31629512,-0.33610296,-0.13596204,0.048951667,-0.30040398,-0.46712887,0.56153506,-0.5209023,2.0266151,-0.5244795,-0.36888027,1.15307,-0.39078268,-0.2748566,-0.27485728,1.3971624,2.178148,-0.5233172,-0.5029225,-0.44362074,-0.28911236,1.8613082,-0.5233172,-0.50292236,-0.44362053,1.8613074,0.4684106,-0.40665287,4.745614,-0.46885037,-0.52495587,-0.45375967,0.11303249,5.083218,2.2113554,3.7678032,4.1577563,5.189851,5.0111494,6.810279,6.8102765,6.902691,0.35023242,4.590502,-0.18465462,-0.18465471,2.2219708,0.51166326,19.818207,21.922592,-0.10008018,18.364666,18.364666,-0.48528254,0.5039176,0.50391746,-0.25240296,-0.4826944,4.1418295,4.141827,4.1418285,4.1418285,1.0703862,0.6271667,1.3501755,1.4500332,6.3487716,3.7423222,0.0904954,-0.46799034,-0.50817823,2.2517602,2.9637437,-0.529415,-0.4944386,-0.47911894,-0.46405238,1.5544472,2.2534382,5.022416,-0.52551275,2.8658955,3.0907452,1.3501754,-0.42717376,-0.020285673,0.84340703,7.3331666,2.742486,0.96771777,1.3143923,1.9781604,2.6211965,-0.52536446,-0.52547884,1.4456935,-0.46374387,-0.24860758,-0.44267985,0.8510915,1.5594637,-0.026234936,-0.41010135,-0.15550184,-0.50224626,2.2798553,1.721765,-0.06940916,1.4746224,-0.5028417,5.320316,5.320316,5.3203163,5.6758714,5.527529,3.5313687,0.5518245,4.6654215,1.8041656,-0.47731006,-0.041406143,0.67147994,2.9535587,1.0352362,2.0775242,0.45489892,2.2556295,5.3024898,5.3024893,-0.40964252,-0.5109845,-14.424403,-0.49676996,-0.46424907,-0.4630335,-0.46300524,-0.46352255,7.171745,7.1717443,-0.5152129,2.0155885,1.6052428,6.8851895,-0.46609735,-0.47697973,6.8186226,1.6623828,0.83363813,-0.4084195,2.222514,1.252486,-0.1687729,1.719578,1.422387,3.2918882,-0.42665768,-0.51897955,-0.49091494,2.5443637,7.5846105,1.825573
171,-3.7599156,-0.41752577,0.4796848,3.345159,12.655053,3.6170077,12.655055,7.5269823,14.963886,18.406086,10.190234,17.684538,14.96389,22.35124,0.014343705,0.011147823,0.011148598,-12.396209,-10.508765,16.912148,12.329665,12.329665,6.4535174,7.8074813,5.72192,2.0879378,3.251231,-24.551743,-5.824513,-5.9756784,-12.40408,0.04328179,-0.292161,-9.190222,-0.95429087,-2.6614149,-6.4237995,-1.203914,4.876953,-1.0427895,-1.318092,0.70366895,2.1258829,-0.81051487,-3.7262297,5.238798,-6.320966,12.043425,-8.825357,-1.7767946,8.21326,-2.2033532,-0.9516384,-0.95164764,9.369288,12.582791,-9.126365,-5.2723155,-3.5688157,-1.1084896,11.250174,-9.126363,-5.2723117,-3.568814,11.250171,4.3639736,-2.6624136,18.857212,-17.103703,-7.7926593,-3.3477538,2.5559552,19.477522,12.795282,16.896282,17.760483,19.64122,19.327662,22.30193,22.301926,22.408348,3.7223911,18.44848,0.116825074,0.11682293,12.935637,4.7589006,38.00165,40.29648,0.8873751,36.412727,36.412727,-4.3838487,4.756529,4.756529,-0.44248816,-14.938893,17.750912,17.750912,17.750914,17.750912,7.945193,5.435857,9.054797,9.500921,21.391594,16.52938,2.2475774,-19.932863,-11.878964,12.799202,14.64617,-23.126057,-13.672622,-15.544744,-18.346329,10.358809,12.864104,19.38293,-8.184184,14.859574,15.432559,9.054799,-3.0397313,1.4243441,6.5882835,23.072832,14.363294,7.2422743,9.158643,12.026775,14.008134,-8.3073,-7.4366617,9.580409,-3.7076604,-0.573922,-3.1934612,6.62257,9.731055,1.2366046,-2.496056,0.45995945,-5.1706214,12.933806,10.728257,1.1217402,9.6834135,-12.682782,19.892437,19.892437,19.892437,20.490372,20.22453,16.075378,5.4575653,18.777515,11.259743,-3.946622,1.4874132,5.7300415,14.922599,7.5269804,12.221011,4.097863,12.651408,19.795284,19.795284,-2.7547286,-22.564037,-40.7704,-21.949999,-19.432673,-18.89459,-18.47168,-18.143137,22.829487,22.829487,-10.364378,12.174912,10.277593,22.413994,-17.673428,-15.996736,22.2504,10.006866,6.3420944,-2.6857688,12.715074,8.598271,0.4988332,10.168432,9.140883,15.572528,-3.0054681,-9.9876585,-4.831608,13.804072,23.356194,11.2047
172,2.551253,3.79134,4.158548,5.2054887,8.993247,5.4041843,8.993249,6.8464146,10.282126,12.73117,7.9265585,12.206792,10.282127,16.074598,4.201893,4.2008533,4.2008533,-1.5684173,-0.32224444,11.596463,8.899451,8.899449,6.290264,6.796173,6.021115,4.789852,5.1079326,-12.287869,1.9227607,1.76881,-1.5999991,4.0953193,3.9808528,0.27531892,3.6732507,3.025716,1.6286347,3.5460615,5.7902374,3.6234715,3.534261,4.2547116,4.767557,3.6860092,2.636401,5.9093485,1.678326,8.685778,0.5286197,3.3596919,7.0823026,3.2260888,3.7967165,3.7967134,7.541842,8.950742,0.43079072,2.1420867,2.8501894,3.7455208,8.383392,0.43079105,2.1420887,2.8501902,8.38339,5.7167206,3.1348069,13.110039,-5.023497,0.93451387,2.7385666,4.911582,13.613473,9.015483,11.592814,12.224172,13.75994,13.49847,16.030746,16.030743,16.13805,5.4708176,12.827792,4.1153035,4.115303,9.044618,5.8042564,31.344112,33.646816,4.369918,29.747597,29.7476,2.4138215,5.785159,5.7851586,3.8489358,-3.2516987,12.2070055,12.207006,12.207007,12.207007,6.919388,6.0313954,7.4381466,7.624974,15.326374,11.468009,4.862718,-7.670211,-1.2848531,9.078469,10.204261,-10.845546,-2.366218,-3.7206347,-6.161149,7.8510447,9.080796,13.527429,0.82291436,10.134909,10.510806,7.438147,2.9866128,4.5994945,6.4730444,16.721561,9.902975,6.7206416,7.381366,8.611897,9.700599,0.7836671,1.142801,7.6360207,2.6838489,3.9087083,2.8609178,6.491414,7.8304996,4.590721,3.0970309,4.1781316,2.1320796,9.121032,8.132867,4.451003,7.683776,-1.7611256,13.959239,13.959239,13.959239,14.466511,14.248593,11.131793,5.884289,13.0175905,8.296069,2.49625,4.5079584,6.127632,10.252201,6.846414,8.774769,5.6818275,9.052184,13.908497,13.908495,3.111161,-10.273416,-28.817202,-9.654304,-7.1846113,-6.6691785,-6.2712607,-5.9641833,16.505276,16.505278,-0.44717097,8.679764,7.9360285,16.130663,-5.5226,-4.064476,16.010654,7.9907594,6.4440837,3.1049323,9.024804,7.2618513,4.1403685,8.10288,7.5717278,10.767966,2.9874108,-0.08372848,2.341609,9.57676,17.009808,8.322549
173,-1.2753682,0.29940614,0.7788415,2.185467,6.426955,2.3602302,6.426958,4.108901,7.7437716,10.241542,5.286484,9.689029,7.743773,13.580556,0.60389555,0.6022414,0.60224116,-4.4928637,-3.562777,9.082184,6.3096457,6.309646,3.550258,4.1308765,3.2334063,1.5974895,2.1109312,-15.285797,-1.9809048,-2.0053024,-4.4851336,0.57792675,0.40264207,-2.9964013,0.03483234,-0.82678103,-2.1566937,-0.105662644,2.9022458,-0.017428342,-0.15720044,0.89029694,1.5997097,0.099176265,-1.273709,3.0561624,-2.1288195,6.1094575,-2.898699,-0.39744714,4.3836355,-0.60470986,0.072769806,0.07276431,4.888356,6.383435,-3.0143082,-1.8182478,-1.2193203,-0.011161346,5.7718334,-3.0143077,-1.8182467,-1.2193193,5.7718325,2.7300677,-0.81878555,10.616048,-8.150285,-2.5353792,-1.1203542,1.8078202,11.120004,6.4641285,9.076497,9.725723,11.264132,11.003382,13.536982,13.536979,13.63938,2.4227502,10.310344,0.6088027,0.60880214,6.508321,2.8818586,28.843597,31.142097,0.9977503,27.251108,27.251108,-1.5094454,2.8728516,2.872853,0.30176595,-6.281531,9.7116995,9.711698,9.7116995,9.7116995,4.2298393,3.1737967,4.7653556,4.9667454,12.797828,8.900474,1.685692,-10.77087,-4.1962366,6.5092325,7.6194797,-13.868742,-5.3091,-6.7948484,-9.283828,5.2550735,6.520073,11.040082,-2.6824963,7.621394,8.003418,4.765356,-0.9978863,1.2814342,3.6876557,14.226686,7.359219,3.9731512,4.746193,6.0563993,7.155056,-2.724634,-2.4447696,4.9878025,-1.2761465,0.25770542,-1.067341,3.7041972,5.1483707,1.2115526,-0.7567906,0.77312255,-1.7669281,6.5611706,5.5128384,1.1189162,5.0378666,-4.6514378,11.468131,11.468131,11.468131,11.972844,11.752709,8.565513,3.0959413,10.532347,5.7123456,-1.3426694,1.2832091,3.2978086,7.7137074,4.1089,6.2018385,2.6375666,6.46772,11.404839,11.404837,-0.8623491,-13.311002,-31.619915,-12.705564,-10.292592,-9.786178,-9.392624,-9.0872555,14.008655,14.008657,-3.4360723,6.127228,5.3043804,13.636129,-8.658824,-7.1766367,13.50746,5.3066483,3.6198342,-0.83108974,6.456711,4.5723543,0.77656084,5.4090424,4.8763285,8.205609,-0.9798212,-3.3219905,-1.6829492,7.030015,14.502569,5.7243757
174,6.0670867,8.70954,9.421377,11.578801,17.95446,11.856565,17.954464,14.626063,19.597012,22.47995,16.371014,21.864536,19.597012,26.12101,9.234008,9.231645,9.231647,-2.1154945,0.333824,21.172531,17.784218,17.784222,13.78579,14.692006,13.277783,10.677226,11.463481,-19.041965,4.53521,4.3286743,-2.276985,9.1743,8.924923,1.4513159,8.371174,7.0129175,3.99126,8.151069,12.743436,8.288789,8.083819,9.613122,10.684852,8.451225,6.168052,12.993715,4.0827007,17.538101,1.8689328,7.721874,15.061483,7.403479,8.463074,8.463067,15.813462,17.903507,1.6467758,4.984069,6.4197936,8.348767,17.062012,1.6467766,4.984072,6.419795,17.06201,12.442502,7.090853,22.898579,-10.554109,2.714203,6.4262133,10.985117,23.46336,18.01472,21.164574,21.903023,23.618015,23.330158,26.074564,26.074562,26.18763,11.953979,22.560848,9.220088,9.220088,18.079655,12.693427,41.642372,43.96217,9.779628,40.035206,40.035206,5.6404276,12.674705,12.674704,8.742343,-6.8346605,21.88803,21.88803,21.88803,21.88803,14.834773,13.167364,15.621359,15.91353,25.292505,20.953957,10.80568,-14.322048,-1.4708238,18.065475,19.441177,-17.608578,-4.489991,-7.9147315,-12.4253,16.365875,18.083366,23.369661,2.4303148,19.452383,19.909348,15.621362,6.7833047,10.211161,13.973013,26.802956,19.13871,14.422957,15.614894,17.469807,18.882677,2.3331733,3.076742,15.949683,6.2032366,8.7266245,6.6011305,13.99935,16.152054,10.111543,7.136621,9.427922,5.0170097,18.134459,16.698364,9.952008,16.023928,-2.7488573,23.841171,23.841171,23.841171,24.39463,24.154266,20.56454,13.059617,22.808142,16.989977,5.929609,10.1719675,13.357632,19.561161,14.626063,17.654379,12.292167,17.993696,23.777393,23.777393,7.0260296,-17.037714,-35.42901,-16.41711,-13.774892,-13.131753,-12.588946,-12.14303,26.575298,26.5753,0.16570589,17.569504,16.412441,26.18034,-11.371812,-8.540072,26.047838,16.356998,13.853562,7.0597486,17.99495,15.32999,9.425025,16.505966,15.755927,20.14156,6.806537,0.7617924,5.370099,18.733885,27.100765,16.99908
175,0.039807465,0.6389284,0.8563263,1.6043079,4.5273886,1.7196075,4.527388,2.8700159,5.5004215,7.362897,3.714432,6.958272,5.5004225,10.022771,0.8096819,0.80896604,0.8089663,-0.39878035,-0.3349344,6.4955144,4.447743,4.4477434,2.4705176,2.873463,2.2557926,1.2728976,1.5483726,-6.1909103,-0.14305928,-0.15966006,-0.39978158,0.772069,0.6941422,-0.29582113,0.53855675,0.20406082,-0.18703982,0.47749874,2.0388927,0.51371473,0.46325937,0.9003663,1.2617273,0.55534124,0.04636018,2.136652,-0.18125537,4.291792,-0.28677848,0.36886063,3.0548594,0.29097635,0.57395875,0.57395697,3.4180195,4.4903274,-0.29470557,-0.103057295,0.09451224,0.5396911,4.056921,-0.29470557,-0.10305706,0.09451259,4.0569205,1.9531083,0.23184364,7.6540184,-0.8601253,-0.24844411,0.0995416,1.3853858,8.040837,4.5482783,6.4976068,6.973132,8.159083,7.955906,9.98702,9.987018,10.070319,1.7609279,7.435893,0.78915906,0.78915906,4.576365,2.0403473,23.573086,25.752203,0.96957064,22.070915,22.070915,-0.021325622,2.0331078,2.0331075,0.6541761,-0.5357475,6.960685,6.9606843,6.960685,6.960684,2.9453216,2.2232823,3.3383057,3.4850667,9.398822,6.3937807,1.3245294,-2.3927605,-0.38076782,4.587277,5.42775,-4.9329696,-0.45998365,-0.59023255,-1.4028124,3.6805775,4.5939417,7.977455,-0.26505402,5.4019303,5.6836586,3.3383064,0.16374283,1.1163272,2.5768878,10.552506,5.212435,2.769989,3.3166883,4.2529964,5.0620584,-0.26849928,-0.23468813,3.4985373,0.0573811,0.644311,0.13002218,2.5892174,3.6236756,1.0881613,0.24320619,0.8543481,-0.09385252,4.6215277,3.8757007,1.0274383,3.5308082,-0.41247633,8.313883,8.313882,8.313883,8.715123,8.540396,6.138234,2.1646667,7.5818977,4.0133567,0.020233061,1.0984445,2.3105683,5.480173,2.8700151,4.367978,1.9029125,4.561618,8.272499,8.272498,0.21491587,-4.4469337,-22.4911,-3.9261143,-2.050677,-1.7054793,-1.4579861,-1.2838492,10.374688,10.37469,-0.33069763,4.3033752,3.7197063,10.068336,-1.0583072,-0.6378162,9.964566,3.742787,2.5316436,0.22090784,4.5527415,3.1965673,0.8458321,3.8129966,3.421797,5.8558354,0.16591068,-0.31979096,-0.058993954,4.966343,10.776802,4.0212197
176,-6.5464606,-3.8504345,-3.041393,-0.14833899,8.471414,0.05990335,8.4714155,4.0695796,10.183361,13.211249,6.571001,12.516389,10.183364,16.881016,-3.6336327,-3.6367054,-3.6367052,-12.255815,-10.889497,11.851185,8.226757,8.22676,3.0807655,4.454092,2.3329008,-1.4707989,-0.21329495,-24.045563,-8.031865,-8.055978,-12.23979,-3.538683,-3.855609,-9.929638,-4.408054,-5.8190236,-8.364268,-4.60275,1.3966098,-4.4735446,-4.72036,-2.859564,-1.4251792,-4.2550435,-6.5929193,1.7773861,-8.310583,8.019882,-9.7601185,-5.1090574,4.7601275,-5.481805,-4.4841056,-4.4841104,5.8645563,8.414845,-9.973385,-7.706568,-6.593998,-4.6293435,7.4069796,-9.973385,-7.7065644,-6.5939965,7.406979,0.8045509,-5.8889256,13.612941,-16.696365,-9.071087,-6.279796,-0.95457506,14.193773,8.575442,11.8368845,12.615243,14.342303,14.051078,16.834873,16.83487,16.917917,0.14952937,13.195965,-3.455515,-3.455515,8.679723,1.2458352,31.972534,34.236877,-2.6923757,30.410276,30.410276,-7.0609984,1.261159,1.2611554,-3.9216182,-14.567437,12.6147375,12.6147375,12.614739,12.614739,4.5427036,1.9566224,5.5738173,5.9795375,15.904922,11.453995,-1.3117288,-19.453545,-11.830115,8.577051,9.920163,-22.620811,-13.356179,-15.171174,-17.909237,6.745023,8.624686,14.114092,-9.359009,10.116839,10.589564,5.5738173,-6.168596,-2.1799138,3.1297467,17.557335,9.717499,3.7861469,5.7201996,8.02251,9.458156,-9.440057,-8.903567,6.0574484,-6.605587,-4.1237335,-6.22406,3.161801,6.135904,-2.4047174,-5.6872263,-3.0897524,-7.5886545,8.673783,7.0098734,-2.4609678,6.1419015,-12.470231,14.583604,14.583604,14.583603,15.136476,14.88535,11.07325,2.0940468,13.560745,7.4417324,-6.68659,-2.0372918,2.2712085,10.150247,4.069579,8.152934,0.4826223,8.462529,14.467322,14.46732,-5.9699574,-22.055004,-40.408703,-21.439375,-18.956467,-18.431923,-18.022652,-17.705242,17.32585,17.32585,-10.667404,8.129806,6.6522837,16.939516,-17.252182,-15.610747,16.760237,6.3609896,2.82977,-5.892935,8.512584,5.1257024,-3.0179064,6.4794526,5.5955205,10.649817,-6.131215,-10.491767,-7.436992,9.305891,17.783884,7.38365
177,3.0117643,5.5577354,6.2467012,8.208482,13.517274,8.482575,13.517276,10.773309,14.973619,17.5873,12.215521,17.035675,14.973622,21.041176,6.126109,6.123955,6.123954,-4.7951593,-2.4611976,16.398365,13.389232,13.389232,10.045033,10.782554,9.627558,7.416466,8.091837,-16.784481,1.6071141,1.3791394,-4.9279394,6.0360327,5.7995763,-1.3849342,5.2550983,3.9416354,1.067829,5.0318146,9.200172,5.1700854,4.977889,6.4247365,7.4117584,5.3199143,3.1243117,9.40408,1.1587753,13.156683,-0.9814702,4.6283484,11.114593,4.3289347,5.380553,5.3805456,11.737039,13.467452,-1.1872889,2.0341277,3.4135134,5.272777,12.7769575,-1.1872869,2.03413,3.413515,12.776956,8.989512,4.0579886,17.97632,-9.652698,-0.1884073,3.363257,7.682907,18.499985,13.553035,16.3938,17.061129,18.64899,18.378204,20.99638,20.996376,21.104374,8.573485,17.675842,6.0794683,6.0794706,13.598537,9.181556,36.36625,38.66635,6.5982237,34.77179,34.77179,2.632315,9.16179,9.16179,5.606911,-7.7581363,17.044874,17.044872,17.044876,17.044874,10.918,9.563552,11.588614,11.833112,20.244848,16.232386,7.5390773,-12.260783,-4.200795,13.611905,14.8585615,-15.371289,-6.538006,-8.288386,-10.783033,12.166907,13.62095,18.413437,-0.4526366,14.826589,15.240225,11.588614,3.7539892,7.005166,10.235782,21.701523,14.551509,10.599638,11.558049,13.0876465,14.326791,-0.54077506,0.16623351,11.857799,3.1753187,5.628068,3.5565941,10.258746,12.062745,6.9303217,4.076979,6.258498,2.0518157,13.666783,12.4771805,6.756743,11.918835,-5.322349,18.858244,18.858246,18.858246,19.383415,19.155403,15.876132,9.43832,17.885963,12.696561,2.8843865,6.938674,9.725295,14.941738,10.773308,13.263958,8.880258,13.568892,18.799719,18.799719,3.9964936,-14.811366,-33.08653,-14.20544,-11.787627,-11.283637,-10.892682,-10.590482,21.479736,21.479736,-2.6301723,13.167478,12.235793,21.09844,-10.154402,-8.663766,20.970087,12.243602,10.149369,4.0115943,13.553906,11.349858,6.237152,12.375409,11.7280245,15.487355,3.7689984,-2.0518997,2.4023864,14.188329,21.986008,12.714792
178,8.719693,10.451852,10.914376,12.217268,16.473518,12.453473,16.473518,14.137061,17.877468,20.563786,15.325095,19.976921,17.877468,24.214886,10.902045,10.9006195,10.90062,2.5919468,4.5864677,19.309635,16.365143,16.365143,13.52097,14.100886,13.20706,11.713021,12.129165,-14.691365,7.732646,7.5424957,2.4334004,10.813122,10.660214,5.4074183,10.279233,9.391486,7.328664,10.128253,12.930036,10.223677,10.098409,11.050943,11.698986,10.314671,8.827064,13.071481,7.399252,16.141766,5.7552886,9.863059,14.409083,9.664363,10.392835,10.392831,14.91706,16.424786,5.608012,8.060965,9.0621395,10.323678,15.820268,5.608013,8.060967,9.06214,15.820268,12.821198,9.496038,20.97772,-5.040786,6.3337116,8.977863,11.859315,21.529995,16.499395,19.307526,20.006641,21.690395,21.40269,24.167309,24.167305,24.281439,12.524896,20.652073,10.84245,10.84245,16.536114,12.938549,40.01126,42.33519,11.177516,38.397396,38.397396,8.475107,12.913892,12.913892,10.504199,-1.512326,19.988905,19.988903,19.988903,19.988903,14.228416,13.198232,14.795282,14.99752,23.375427,19.157448,11.788007,-9.732482,3.1011565,16.563221,17.779598,-13.274138,0.5578972,-2.4762256,-7.270547,15.258676,16.56877,21.438374,6.1579413,17.72233,18.132236,14.795281,9.285664,11.455619,13.711371,24.917513,17.461979,13.994774,14.743163,16.064957,17.245722,6.0961885,6.626782,15.016282,8.866681,10.550488,9.132403,13.728303,15.22006,11.419828,9.484757,10.936675,8.049689,16.607235,15.548873,11.275678,15.067635,2.035319,21.910675,21.910677,21.910677,22.462631,22.224392,18.789951,13.050897,20.879652,15.726645,8.629942,11.361973,13.315484,17.845713,14.137061,16.238178,12.762028,16.5278,21.850388,21.850386,9.45568,-12.705778,-31.082905,-12.078258,-9.041806,-8.204328,-7.4864316,-6.911807,24.681677,24.681679,4.389001,16.137812,15.340416,24.275715,-5.9309716,-3.0261343,24.141024,15.376201,13.661861,9.458636,16.50866,14.605351,10.909391,15.505582,14.943381,18.400932,9.296096,4.906577,8.335122,17.108402,25.215595,15.754643
179,0.0759542,0.81611586,1.0093083,1.6613625,4.605014,1.7247332,4.605015,2.8550045,5.606716,7.529838,3.7214222,7.0715704,5.606718,10.015996,0.89001334,0.8893304,0.8893302,-2.125511,-1.56308,6.6403112,4.488692,4.488692,2.5032146,2.9163213,2.2876704,1.359571,1.6272076,-5.939919,-0.4164263,-0.44864357,-2.1349988,0.89190555,0.816381,-1.2067397,0.6848066,0.3034108,-0.56841815,0.6282028,2.045375,0.6612145,0.6023401,1.0383052,1.3590035,0.7125263,0.060407814,2.1470191,-0.54736125,4.3540816,-1.1360087,0.4973299,3.05064,0.39760542,0.678606,0.67860377,3.42844,4.563916,-1.2068806,-0.30741867,0.08734604,0.6413288,4.0747657,-1.20688,-0.30741775,0.08734669,4.074765,1.9245317,0.2997383,7.7943354,-3.418444,-0.86317825,0.1688009,1.4757979,8.164019,4.6505456,6.640067,7.138928,8.28412,8.08809,9.982794,9.982792,10.039011,1.7536626,7.5145736,0.91306055,0.9130606,4.6993423,2.0251253,22.55241,24.583565,1.0908749,21.15964,21.15964,-0.08052489,2.032358,2.032358,0.808425,-2.8621395,7.1369753,7.1369753,7.1369762,7.1369753,2.9600205,2.2108338,3.3361075,3.4852629,9.332288,6.4018283,1.4014524,-4.175258,-1.9726899,4.6683493,5.466361,-5.2427683,-2.5231874,-3.0215218,-3.7413223,3.7435927,4.6898174,8.123214,-0.9760643,5.563122,5.847061,3.3361075,0.2134852,1.2094612,2.565316,10.506886,5.3193197,2.7504675,3.3610492,4.351346,5.170014,-0.9989995,-0.78954816,3.51398,0.065859124,0.7584787,0.18961902,2.576594,3.5910356,1.1664615,0.34953502,0.99697685,-0.26255077,4.707546,3.894021,1.1428626,3.535299,-2.2190216,8.446239,8.4462385,8.44624,8.819119,8.650927,6.163398,2.2185333,7.751011,4.083971,0.033528063,1.2347791,2.3047373,5.5895243,2.8550038,4.4421105,1.8498728,4.6068907,8.356475,8.356475,0.2764111,-5.014181,-20.2034,-4.7891417,-4.0277214,-3.8785486,-3.7644312,-3.67695,10.339112,10.339114,-1.5163597,4.4047604,3.741789,10.057698,-3.5577967,-3.1310515,9.928549,3.6930044,2.4844437,0.28998333,4.634801,3.1849887,1.0051584,3.7496545,3.3848236,5.8986382,0.22021109,-1.4243112,-0.20703931,5.0738077,10.661688,4.0525746
180,-2.721186,0.5094647,1.3759555,4.10995,10.101283,4.3162794,10.101285,7.2526665,11.550294,14.217538,8.751771,13.610522,11.550298,17.490135,0.8386499,0.8355078,0.8355089,-9.631705,-8.165648,13.008214,9.925045,9.925045,6.5773892,7.40808,6.0789123,2.9181693,4.0411367,-21.698925,-4.6797905,-4.769765,-9.628444,0.89700615,0.56283695,-7.1520796,-0.063679606,-1.7215736,-5.175625,-0.2963359,5.408019,-0.14765897,-0.41897795,1.570297,2.954117,0.08975902,-2.7350338,5.6948285,-5.0975075,9.73684,-6.9349732,-0.8669937,7.646571,-1.2950039,-0.100416735,-0.10042487,8.291169,10.049124,-7.1641984,-4.2142916,-2.6437688,-0.25783366,9.313132,-7.1641974,-4.214287,-2.6437657,9.31313,4.965727,-1.7529263,14.577884,-14.273395,-6.142597,-2.34566,3.3842583,15.090479,10.170932,12.996821,13.687551,15.228193,14.969119,17.448921,17.448917,17.522804,4.401181,14.213789,0.98092914,0.9809268,10.245751,5.310443,31.824287,34.057144,1.7490249,30.285187,30.285185,-3.3542295,5.3192577,5.319257,0.46255034,-12.042426,13.683776,13.683775,13.683777,13.683776,7.4866786,5.8393974,8.121773,8.368416,16.62236,12.695787,3.068529,-17.132727,-9.192166,10.184512,11.350555,-20.27966,-10.786461,-12.67644,-15.5520735,8.808898,10.221585,15.021139,-6.46856,11.469383,11.879622,8.121774,-2.1159017,2.2618968,6.665088,18.095919,11.141866,7.074749,8.164919,9.718057,10.920954,-6.5622263,-5.914111,8.416127,-2.7252157,0.2835115,-2.2292268,6.687997,8.524344,2.0558994,-1.5516027,1.338883,-4.0803223,10.257346,9.026668,1.9762163,8.467293,-9.871276,15.442303,15.442302,15.442303,15.936246,15.713328,12.358787,5.895123,14.523681,9.301705,-2.900852,2.3667235,6.0727353,11.522889,7.2526665,9.850837,4.7065525,10.106509,15.339191,15.3391905,-1.8510114,-19.719505,-38.041016,-19.111565,-16.634468,-16.09844,-15.671666,-15.336659,17.888485,17.888485,-7.981325,9.801599,8.786609,17.54237,-14.853906,-13.130324,17.383457,8.681348,6.492866,-1.7719692,10.139018,7.8698297,1.3911028,8.780532,8.191322,11.984795,-2.0780337,-7.755311,-3.8173964,10.787536,18.305107,9.282957
181,13.4463625,14.667213,15.017453,15.989612,19.645523,16.205189,19.645523,17.60407,20.85609,23.153564,18.648026,22.691725,20.856094,26.497738,15.096274,15.095304,15.095304,9.312276,10.785367,22.083874,19.576962,19.576965,17.038849,17.524076,16.776829,15.609773,15.890471,-10.4738,12.864571,12.683242,9.144457,14.982724,14.875346,11.229842,14.577926,13.942844,12.564488,14.45054,16.57653,14.526913,14.442565,15.115191,15.588201,14.583071,13.553994,16.689098,12.616244,19.354118,11.505132,14.275141,17.831547,14.148614,14.710712,14.71071,18.2756,19.607004,11.439374,13.079305,13.794784,14.663699,19.088913,11.439374,13.079306,13.794785,19.088913,16.51923,14.061254,23.535812,2.8511374,11.840907,13.639653,15.709064,24.02595,19.65111,22.088017,22.674019,24.17373,23.915058,26.453789,26.453789,26.5751,16.275297,23.309095,14.994031,14.994033,19.666218,16.59784,42.2689,44.594467,15.221805,40.649017,40.649017,13.320888,16.56916,16.569159,14.73074,5.998665,22.648117,22.648117,22.648117,22.648117,17.655613,16.813156,18.173073,18.353188,25.80598,22.056236,15.676192,-2.3904836,9.6675,19.729546,20.824837,-8.390239,7.668934,5.1794577,0.592975,18.543005,19.72041,23.933048,11.7611065,20.67818,21.03445,18.173075,13.913189,15.438324,17.23851,27.149277,20.492907,17.482561,18.09697,19.259302,20.304827,11.730002,12.065751,18.359669,13.599907,14.808586,13.771792,17.254036,18.579826,15.442714,14.006377,15.042754,13.046519,19.758427,18.836926,15.297544,18.412914,8.827626,24.365124,24.365124,24.365124,24.88056,24.664085,21.721973,16.632668,23.419043,18.970768,13.394113,15.335583,16.898973,20.82155,17.60407,19.433287,16.498154,19.719507,24.345123,24.345121,14.041154,-7.3913045,-27.349916,-6.2637377,-1.4780405,-0.43866086,0.36800095,0.98397076,26.932701,26.932703,10.499001,19.324303,18.652073,26.554169,2.0152137,4.732232,26.45509,18.736906,17.225819,14.030753,19.671486,18.010424,15.000571,18.861664,18.333206,21.362839,13.913379,10.944428,13.277169,20.186039,27.46457,19.019173
182,8.866189,10.007496,10.355685,11.340894,14.92047,11.55529,14.920472,12.940651,16.135792,18.361656,13.952864,17.916237,16.135794,21.576508,10.450231,10.449273,10.449272,5.2579813,6.565966,17.32446,14.857537,14.857537,12.368976,12.8571615,12.106772,10.958541,11.236027,-10.100863,8.37529,8.199189,5.0988655,10.333829,10.229858,6.9111857,9.935355,9.340781,8.102525,9.814197,11.916461,9.888009,9.810773,10.4615755,10.940766,9.939144,8.982474,12.026332,8.151177,14.639619,7.165964,9.653097,13.168657,9.538525,10.074365,10.074363,13.597547,14.884488,7.119527,8.572302,9.2269335,10.030999,14.382396,7.119527,8.572304,9.226935,14.382398,11.864349,9.465819,18.733013,-1.0500517,7.433676,9.049567,11.058963,19.206005,14.924766,17.329914,17.89761,19.35057,19.101171,21.534595,21.534592,21.65741,11.62412,18.516861,10.343209,10.343209,14.935536,11.936013,36.766693,39.08039,10.566681,35.15853,35.15853,8.769185,11.903436,11.903436,10.077865,2.1505163,17.872356,17.872356,17.872358,17.872356,12.994857,12.152352,13.506473,13.680186,20.942942,17.314697,11.028972,-5.4951825,5.5692234,15.003317,16.111311,-8.706865,3.7550018,1.349706,-3.2381027,13.844964,14.993059,19.115082,7.384057,15.9520855,16.30212,13.506473,9.326333,10.787658,12.571139,22.194016,15.77098,12.821448,13.4203615,14.538982,15.580406,7.3559914,7.6451907,13.675985,9.0279455,10.163818,9.184161,12.587962,13.898551,10.793738,9.398934,10.382318,8.525651,15.032369,14.139316,10.64494,13.731245,4.815377,19.53227,19.53227,19.53227,20.02755,19.821457,16.989904,11.960242,18.6164,14.255286,8.820245,10.676006,12.229558,16.101276,12.94065,14.712937,11.850312,14.999761,19.518198,19.518196,9.447964,-8.148002,-26.623182,-7.5384207,-4.877568,-4.100322,-3.4303808,-2.8781054,21.991787,21.991787,6.274832,14.602588,13.961719,21.630423,-1.9159951,0.88260746,21.549412,14.055915,12.562822,9.434598,14.946645,13.343511,10.340072,14.178599,13.656392,16.641449,9.326736,6.6861615,8.755371,15.459679,22.51589,14.309022
183,-11.768004,-9.244321,-8.548854,-6.1160526,3.271269,-5.940373,3.2712705,-2.2616737,6.3107653,11.910272,0.43584508,10.546106,6.310771,17.134548,-9.07956,-9.082211,-9.082215,-18.581497,-16.87053,9.463407,2.796204,2.7962031,-3.1904194,-1.8641119,-3.8911145,-7.2390957,-6.1594486,-33.282574,-13.371684,-13.405243,-18.556849,-8.982991,-9.25925,-15.678849,-9.733386,-11.027911,-13.766938,-9.903021,-4.753621,-9.789657,-10.009974,-8.389627,-7.1961393,-9.593568,-11.810601,-4.407233,-13.702819,2.5338895,-15.4628105,-10.362496,-1.5793598,-10.707973,-9.809648,-9.809655,-0.4014166,3.1728432,-15.72779,-12.997575,-11.813621,-9.938254,1.558514,-15.72779,-12.997573,-11.813621,1.5585136,-5.29541,-11.098936,12.51089,-24.171469,-14.627374,-11.495049,-6.802635,13.426454,3.5035326,9.417153,10.864516,13.638025,13.197209,17.07582,17.075817,17.136856,-5.868121,11.64408,-8.909607,-8.909606,3.7385993,-4.8939447,33.93206,36.322823,-8.253779,32.274315,32.274315,-12.297261,-4.879117,-4.879118,-9.310129,-21.454556,10.897206,10.897206,10.897209,10.897207,-1.7896502,-4.2535944,-0.7353306,-0.27785072,15.580783,8.325494,-7.111027,-27.724155,-18.05043,3.4423392,5.6373053,-31.579443,-19.920933,-22.220993,-25.735603,0.73569363,3.5622714,13.3447485,-14.972978,6.3540206,7.226181,-0.73532903,-11.376376,-7.8306274,-3.1565447,17.987585,5.492711,-2.535576,-0.5359595,2.6083705,5.027333,-15.073306,-14.421855,-0.1694362,-11.826104,-9.492856,-11.433404,-3.127088,-0.12821868,-8.029162,-10.90091,-8.591438,-12.868967,3.63454,1.022564,-8.06021,-0.08087912,-18.836811,14.030055,14.030053,14.030053,14.801572,14.432831,7.682219,-4.106993,12.516381,1.6885991,-11.912459,-7.701292,-3.9587896,6.265441,-2.2616715,2.7560914,-5.5895195,3.1850817,13.747588,13.747586,-11.177999,-30.911804,-50.514988,-30.177374,-27.096535,-26.424831,-25.89207,-25.475458,17.689438,17.689442,-16.59397,2.784362,0.5523448,17.207996,-24.89967,-22.800924,16.905693,0.115141705,-3.451258,-11.102878,3.3472078,-1.2117053,-8.521761,0.2490425,-0.7346705,6.970686,-11.340322,-16.374346,-12.699969,4.766136,18.164072,1.5558233
184,4.695772,5.9187374,6.2562094,7.234069,10.746663,7.4219522,10.746665,8.764068,11.948468,14.266485,9.766249,13.765981,11.94847,17.614086,6.295312,6.29432,6.29432,-0.4845897,1.4023857,13.173455,10.66607,10.66607,8.2415495,8.709363,7.9910235,6.837409,7.1384745,-13.074226,4.012879,3.8571398,-0.6121042,6.2054424,6.0991154,2.1353233,5.811449,5.180537,3.6983502,5.693566,7.790764,5.765964,5.6807957,6.3475876,6.822425,5.827344,4.787051,7.8996468,3.7524083,10.462004,2.4257247,5.5134115,8.98695,5.38004,5.922085,5.9220824,9.414504,10.707362,2.3027296,4.250881,4.991807,5.8720336,10.189381,2.30273,4.250883,4.991808,10.18938,7.719945,5.272598,14.6438,-5.7460804,2.9085968,4.8859854,6.9523973,15.150546,10.761265,13.174552,13.773147,15.294152,15.031628,17.570642,17.57064,17.67955,7.4850416,14.3748865,6.2130547,6.2130547,10.784865,7.803167,32.84913,35.147686,6.444766,31.254871,31.25487,4.5411153,7.778861,7.7788606,5.970372,-3.783228,13.754163,13.754161,13.754163,13.754163,8.830362,8.0173235,9.319369,9.492152,16.862125,13.091197,6.908077,-8.440874,0.029675331,10.823586,11.884914,-11.6328335,-2.3153515,-4.35594,-6.9102354,9.687669,10.82237,15.063174,2.761683,11.793664,12.147783,9.319369,5.124674,6.6559463,8.415714,18.256258,11.590077,8.6510725,9.260757,10.386215,11.4012575,2.7160149,3.150942,9.496936,4.8162622,6.019478,4.999145,8.430922,9.68695,6.650385,5.2400503,6.2748938,4.2383204,10.860314,9.956136,6.52382,9.547654,-0.9876685,15.493875,15.493874,15.493874,16.003725,15.783797,12.768103,7.860187,14.54982,10.092677,4.6368284,6.5757957,8.094548,11.916427,8.764068,10.54041,7.6948056,10.808573,15.44606,15.446058,5.24865,-11.061864,-29.589172,-10.441512,-7.95152,-7.4302506,-7.02509,-6.711312,18.040733,18.040737,1.2558105,10.450219,9.774732,17.669685,-6.2559037,-4.732155,17.552624,9.833032,8.397999,5.2504807,10.772038,9.157962,6.2408977,9.942675,9.449719,12.420508,5.13029,1.6916459,4.4580355,11.28516,18.542194,10.1315155
185,5.2054176,7.3001976,7.8656816,9.499289,14.158483,9.728824,14.158484,11.686731,15.527064,17.985336,12.96498,17.467539,15.527068,21.339142,7.7602205,7.7584033,7.758403,-1.5990382,0.4925968,16.851376,14.045491,14.045489,11.050599,11.689706,10.694104,8.840836,9.404519,-15.673301,3.9640872,3.7794971,-1.7432215,7.6954317,7.5009546,1.3992276,7.0483584,5.9737377,3.506063,6.869035,10.338641,6.981944,6.822055,8.023646,8.841066,7.1062007,5.302039,10.512561,3.5853133,13.832076,1.7546493,6.53631,11.994704,6.2903433,7.143978,7.1439724,12.537538,14.115323,1.5811821,4.3452363,5.5262237,7.0562954,13.486508,1.5811841,4.345239,5.5262246,13.486506,10.152621,6.0543604,18.367603,-8.193959,2.4150543,5.4976673,9.057455,18.87662,14.191598,16.848618,17.478992,19.021177,18.757198,21.295513,21.29551,21.406864,9.806642,18.09335,7.727084,7.727084,14.231711,10.315927,36.58246,38.88479,8.155007,34.983303,34.983303,4.8733273,10.2974,10.2974,7.333512,-5.5207396,17.461233,17.461233,17.461235,17.461233,11.818322,10.649817,12.408082,12.622802,20.601667,16.736593,8.93759,-11.068927,-1.0513195,14.2429,15.42888,-14.2408695,-3.618604,-6.3475256,-9.502563,12.922664,14.25287,18.78732,2.2011368,15.37739,15.76481,12.408082,5.8055906,8.496041,11.217358,21.980862,15.132007,11.54328,12.368856,13.758747,14.913955,2.12656,2.7267854,12.637948,5.330064,7.3493576,5.646124,11.237662,12.824285,8.433364,6.0728226,7.8787823,4.363143,14.298778,13.208512,8.289265,12.700267,-2.1463697,19.221518,19.221516,19.221518,19.731956,19.513384,16.396694,10.52491,18.271809,13.403207,5.0961423,8.443306,10.776652,15.494573,11.686731,13.9227705,10.06589,14.21447,19.17657,19.176569,6.004775,-13.673089,-32.18976,-13.057769,-10.579216,-10.047742,-9.624934,-9.292098,21.766645,21.766647,0.3400768,13.832995,12.984015,21.394934,-8.7786875,-6.8379083,21.280159,12.999149,11.157111,6.023955,14.190653,12.199918,7.862727,13.1166525,12.530239,16.024319,5.823784,0.8455517,4.6652365,14.786422,22.27656,13.431578
186,14.4440155,16.391102,16.911541,18.398605,23.20328,18.649715,23.203283,20.617386,24.639027,27.279404,21.959736,26.730576,24.639027,30.837708,16.887838,16.886206,16.886206,7.903219,10.019677,26.074345,23.091373,23.091373,19.923908,20.59146,19.55476,17.806559,18.295732,-14.888659,13.379396,13.176056,7.7276363,16.795654,16.623322,10.877195,16.19468,15.194765,12.944454,16.022154,19.217247,16.129837,15.988221,17.064411,17.798584,16.23666,14.561562,19.385647,13.019965,22.859188,11.251003,15.724381,20.934113,15.502969,16.315674,16.315672,21.511566,23.161837,11.095643,13.724978,14.821692,16.240108,22.505983,11.095643,13.724982,14.821694,22.505981,19.067024,15.302096,27.68458,-0.188478,11.880771,14.72738,17.986622,28.22353,23.233435,26.070166,26.742796,28.379028,28.100384,30.79169,30.791689,30.907589,18.731522,27.390759,16.819893,16.819893,23.270275,19.211292,46.8289,49.166985,17.196566,45.203728,45.203728,14.17231,19.181587,19.181587,16.444836,3.6369975,26.722467,26.722466,26.72247,26.722466,20.73226,19.531075,21.370409,21.598415,30.0433,25.942673,17.897984,-6.0127144,8.442563,23.296833,24.545753,-12.4486065,5.768531,2.626215,-2.7523606,21.893372,23.301922,28.132135,11.68997,24.470993,24.88715,21.370409,15.065485,17.513638,20.121998,31.515205,24.218424,20.461468,21.314684,22.76895,23.993782,11.620492,12.195653,21.614738,14.604248,16.492832,14.895324,20.142172,21.832634,17.475834,15.291935,16.934385,13.717718,23.3462,22.205553,17.314867,21.681486,7.31209,28.591118,28.591118,28.591118,29.130331,28.897942,25.575695,19.372627,27.582067,22.396675,14.347041,17.42158,19.660389,24.602926,20.617386,22.950369,19.003561,23.262276,28.54018,28.54018,15.258817,-11.357289,-32.62461,-10.143383,-5.02326,-3.8850582,-2.9999506,-2.3204863,31.28939,31.28939,9.789727,22.849436,21.975964,30.896473,-1.181292,2.038511,30.77435,22.012701,20.065712,15.264831,23.23516,21.153645,16.90552,22.148905,21.524872,25.176098,15.07611,10.345971,14.018794,23.857487,31.818264,22.435123
187,1.7013457,4.7219954,5.545798,8.133422,16.49419,8.430153,16.494192,11.9444685,18.652546,21.96296,14.31471,21.277721,18.652548,25.802975,5.208765,5.205904,5.2059035,-7.4098816,-4.78454,20.529541,16.214508,16.214508,10.954888,12.150835,10.303145,7.0384073,8.046314,-23.004642,-0.12309164,-0.29917446,-7.52359,5.199894,4.9024916,-3.4545915,4.280426,2.7317986,-0.69978404,4.047006,9.559379,4.201186,3.9555464,5.771529,7.0554066,4.400214,1.7762933,9.884595,-0.5985459,15.937211,-3.0370715,3.5390236,12.552562,3.1632135,4.327655,4.3276463,13.58018,16.430515,-3.3110912,0.39949387,1.9768836,4.1915727,15.2462635,-3.3110893,0.3994972,1.9768862,15.246262,9.121722,2.7773526,22.406288,-15.191869,-2.067425,2.0853717,7.4190745,23.00713,16.614939,20.515099,21.339876,23.168118,22.86435,25.755041,25.75504,25.86737,8.533102,22.0205,5.2725663,5.2725677,16.734928,9.468197,41.449608,43.76126,5.958699,39.846695,39.846695,1.1804739,9.452847,9.452846,4.7201643,-12.059516,21.328293,21.328289,21.328293,21.328293,12.289664,10.068771,13.294314,13.693092,24.904217,20.196058,7.169385,-18.355412,-6.679512,16.63599,18.374302,-21.577286,-9.781032,-13.039393,-16.675701,14.42073,16.68449,22.91229,-2.412868,18.5306,19.091068,13.294315,2.4326713,6.4549613,11.105427,26.50767,18.079391,11.694095,13.362668,15.899139,17.75113,-2.528784,-1.6948495,13.75869,1.8024361,4.6620865,2.2586877,11.134152,13.93044,6.2983284,2.8812768,5.5434914,0.46337622,16.748081,14.772782,6.1558576,13.863403,-8.004767,23.40723,23.40723,23.40723,23.99154,23.734465,19.753677,10.044618,22.320898,15.221099,1.5383872,6.450215,10.333037,18.607632,11.944467,16.090328,8.891955,16.504725,23.327335,23.327333,2.699162,-21.01115,-39.311428,-20.392086,-17.843204,-17.273022,-16.815578,-16.450348,26.270935,26.270937,-4.803617,16.03464,14.389642,25.864094,-15.869571,-13.647451,25.720324,14.179104,10.896564,2.7434065,16.544876,12.896562,5.5647783,14.345016,13.407209,19.258512,2.4633863,-4.249959,0.8177825,17.561861,26.80088,15.191763
188,-1.7305713,1.0684704,1.8605713,4.219284,9.691896,4.4896803,9.691898,6.9764056,11.154001,13.786935,8.388972,13.21934,11.154004,17.221638,1.54877,1.5460496,1.546051,-6.9355383,-5.8622723,12.579249,9.554727,9.554727,6.2763414,7.0138097,5.8417463,3.2308075,4.123922,-17.80518,-3.2575061,-3.393133,-6.93036,1.5223417,1.2332995,-5.170932,0.6386784,-0.8011957,-3.703901,0.41357535,5.3496847,0.55718905,0.33258224,2.0531838,3.2412822,0.74604297,-1.6767111,5.5738964,-3.632395,9.32846,-5.0230913,-0.053759504,7.3209085,-0.40195748,0.7001558,0.70014834,7.9283123,9.641416,-5.173434,-2.8688653,-1.4780865,0.5707897,8.9414835,-5.1734324,-2.868861,-1.4780856,8.9414835,5.06342,-0.74662375,14.175864,-10.6772995,-4.500764,-1.3808328,3.5873284,14.699321,9.734824,12.574403,13.252599,14.848958,14.578555,17.177296,17.177296,17.283289,4.580963,13.863039,1.5857913,1.5857918,9.785327,5.312046,32.43524,34.72915,2.2334073,30.844706,30.844706,-2.2063558,5.2941027,5.2941027,1.075093,-8.810969,13.237451,13.23745,13.237451,13.237451,7.134115,5.731371,7.783085,8.018799,16.429367,12.393052,3.3693757,-13.302497,-6.604868,9.785078,11.021649,-16.391869,-7.8165703,-9.324732,-11.811719,8.359891,9.79981,14.614999,-4.710054,11.017537,11.430764,7.783085,-1.0694549,2.6993706,6.4406037,17.873802,10.734798,6.8076534,7.7609663,9.266587,10.508466,-4.7713165,-4.3250246,8.044866,-1.6470935,1.0059985,-1.2309432,6.462738,8.228026,2.568497,-0.66030234,1.8502682,-2.8028648,9.843013,8.646889,2.4324486,8.10435,-7.1145635,15.058587,15.058586,15.058586,15.580696,15.353694,12.037972,5.6521707,14.087449,8.871455,-1.8760604,2.6984308,5.9118986,11.121676,6.976405,9.434718,4.9007382,9.735294,14.995681,14.995679,-0.82236177,-15.836907,-34.09941,-15.234218,-12.823739,-12.316457,-11.921695,-11.616566,17.655128,17.655128,-5.7383966,9.348604,8.411641,17.278246,-11.186996,-9.704923,17.150808,8.4008465,6.33493,-0.77661145,9.727785,7.550892,1.8688416,8.523742,7.9076147,11.651459,-1.042794,-5.5804873,-2.5188677,10.370688,18.152618,8.887774
189,-0.8297447,-0.75605774,-0.7421583,-0.693297,-0.19877498,-0.6965672,-0.19877452,-0.59475946,0.25699136,1.5928894,-0.45184654,1.255362,0.2569922,3.897345,-0.7648523,-0.7649173,-0.7649173,-1.2072253,-1.0742646,0.91034997,-0.23620227,-0.23620206,-0.62432754,-0.57877755,-0.6433592,-0.7192943,-0.6930226,-7.3291054,-0.89958084,-0.89583004,-1.1992733,-0.758777,-0.7644911,-0.9954703,-0.774058,-0.8105642,-0.9153165,-0.7768315,-0.6689482,-0.7744623,-0.7810815,-0.742061,-0.7180506,-0.76851773,-0.83621025,-0.6600913,-0.91289264,-0.2810198,-0.9904014,-0.79015553,-0.56654584,-0.8012875,-0.78105605,-0.7810563,-0.50984824,-0.21096173,-1.005517,-0.8859947,-0.8430221,-0.78417265,-0.36236736,-1.005517,-0.8859945,-0.8430219,-0.36236754,-0.68554026,-0.8165523,1.8209825,-2.29576,-0.94310904,-0.8217013,-0.7067311,2.1470294,-0.1843297,0.9114691,1.283601,2.2414029,2.0701244,3.8641586,3.8641567,3.9307847,-0.69660103,1.6271304,-0.75493,-0.75493,-0.16698766,-0.6732257,17.507416,19.80167,-0.7399488,15.935988,15.935987,-0.8530905,-0.67260337,-0.6726034,-0.7603067,-1.5738446,1.2769446,1.2769446,1.2769449,1.2769446,-0.5764779,-0.65732443,-0.5254172,-0.499771,3.2668827,0.803594,-0.7168453,-3.8513377,-1.1543531,-0.17766684,0.20708457,-6.148508,-1.343065,-1.7389336,-2.9024982,-0.44206315,-0.1698543,2.100211,-0.9642725,0.21613975,0.37360072,-0.5254171,-0.8247204,-0.7334386,-0.6259253,4.3967757,0.11083169,-0.6041723,-0.5185826,-0.28675932,0.037764862,-0.9693258,-0.9371345,-0.49559844,-0.8375532,-0.77051204,-0.8233501,-0.6253047,-0.48250383,-0.73974603,-0.8056288,-0.74592316,-0.8758123,-0.15940937,-0.41097236,-0.7356281,-0.48878717,-1.2254744,2.382233,2.382233,2.3822331,2.7219198,2.570766,0.63330287,-0.64718306,1.7739499,-0.36664134,-0.8350748,-0.72399974,-0.64923465,0.24301404,-0.5947595,-0.25740743,-0.69443536,-0.19120601,2.3236074,2.3236067,-0.8194512,-5.702508,-22.830791,-5.2397413,-3.5343034,-3.2128875,-2.9705036,-2.788986,4.2261963,4.2261963,-1.0443912,-0.27001083,-0.44727945,3.9394124,-2.5615757,-1.8880162,3.824982,-0.459938,-0.6363254,-0.81505,-0.19118428,-0.54947734,-0.74194896,-0.4471804,-0.51997894,0.4538772,-0.8225146,-1.038052,-0.87302125,-0.0067877807,4.594816,-0.36782974
190,-2.2286577,1.2788084,2.2089832,5.2038636,13.893844,5.4659185,13.893846,9.407058,15.738789,18.819592,11.851556,18.13604,15.73879,22.56375,1.6981707,1.6948869,1.6948891,-11.760213,-9.671702,17.437653,13.642751,13.642751,8.374744,9.691859,7.647436,3.8891737,5.110786,-24.209585,-4.434275,-4.600578,-11.775158,1.72914,1.3791707,-8.167848,0.70488,-1.0864857,-5.0997496,0.44587034,6.766267,0.61108077,0.32485715,2.4239469,3.9215157,0.8536851,-2.2070105,7.1396255,-4.99078,13.393727,-7.7681017,-0.15818384,10.061073,-0.6103385,0.7034777,0.7034707,11.13194,13.831069,-8.098718,-3.8627663,-2.0424528,0.5356102,12.741701,-8.098715,-3.8627598,-2.0424488,12.741697,6.231226,-1.0840797,19.238659,-16.705772,-6.589183,-1.7945664,4.387613,19.824623,13.9966135,17.425442,18.213673,19.982168,19.685455,22.516216,22.516212,22.618132,5.5692377,18.852066,1.8131337,1.8131323,14.100455,6.6417646,37.98218,40.28066,2.6279254,36.393295,36.393295,-2.899762,6.6487436,6.6487393,1.2468601,-14.43797,18.206392,18.20639,18.20639,18.20639,9.812241,7.337343,10.855475,11.256402,21.638432,17.096748,4.0552645,-19.604918,-11.205002,14.017018,15.506981,-22.793167,-13.104226,-15.084256,-17.983185,11.975597,14.0610895,19.737759,-7.0419645,15.637588,16.126453,10.855475,-1.4871578,3.1901817,8.494887,23.264221,15.244098,9.124274,10.943416,13.369343,14.966275,-7.1745358,-6.200925,11.3273535,-2.1904602,1.0914335,-1.6442325,8.52993,11.469865,2.983322,-0.9067909,2.173755,-3.7382085,14.11497,12.3037195,2.8687208,11.409366,-12.070928,20.219961,20.21996,20.219961,20.785969,20.534317,16.698883,7.3897467,19.165384,12.742715,-2.4246552,3.2706935,7.6421843,15.706113,9.407056,13.543588,5.9407787,13.900592,20.126942,20.126942,-1.1880697,-22.231567,-40.36374,-21.615627,-19.092136,-18.539503,-18.106459,-17.769764,23.026857,23.02686,-9.518693,13.490079,11.926108,22.624208,-17.288776,-15.547987,22.46633,11.713056,8.235696,-1.1173313,13.945916,10.426144,2.2231376,11.859305,10.929149,16.262703,-1.4482944,-9.0760355,-3.3871374,14.803035,23.531218,12.696654
191,10.547416,11.823491,12.174148,13.142885,16.476492,13.340102,16.476492,14.632522,17.57126,19.72338,15.5764265,19.281101,17.571262,22.905392,12.233516,12.2325,12.232501,5.611732,7.36856,18.709814,16.418087,16.418087,14.11497,14.557677,13.8722925,12.768893,13.051852,-12.95503,9.864581,9.692521,5.470806,12.135596,12.028045,8.017112,11.729762,11.069733,9.544436,11.605645,13.687581,11.680987,11.592201,12.280295,12.756244,11.741213,10.652124,13.792257,9.599532,16.218987,8.312273,11.420585,14.844631,11.283472,11.8498745,11.849872,15.243353,16.446985,8.201806,10.105348,10.876076,11.802927,15.9798155,8.201807,10.105348,10.876077,15.9798155,13.627429,11.167822,20.082523,-1.8246431,8.755311,10.748509,12.871357,20.550869,16.482576,18.711895,19.266853,20.691494,20.443165,22.863033,22.86303,22.975513,13.404515,19.857792,12.146272,12.146272,16.49245,13.699624,38.170025,40.476788,12.378646,36.58142,36.58142,10.387731,13.67286,13.672859,11.880393,1.792169,19.243683,19.243683,19.243683,19.243681,14.681905,13.903321,15.151092,15.313586,22.226688,18.678143,12.83469,-7.053056,6.074847,16.55279,17.553505,-11.420742,3.739885,0.8354671,-4.205869,15.476825,16.543243,20.464321,8.632974,17.402674,17.727932,15.151093,11.013112,12.594369,14.2934885,23.535576,17.24338,14.525836,15.079421,16.124825,17.068161,8.581947,8.994735,15.316373,10.68833,11.950976,10.87675,14.310059,15.52309,12.593716,11.129314,12.19867,10.079341,16.580856,15.747194,12.4561205,15.367391,5.0992637,20.87511,20.87511,20.87511,21.359505,21.155243,18.367317,13.736164,19.976986,15.863046,10.487145,12.496919,13.978606,17.538937,14.632522,16.283062,13.612221,16.546764,20.848394,20.848392,11.146319,-10.764106,-29.671654,-10.013526,-6.2138176,-5.232453,-4.4314337,-3.8042293,23.324982,23.324986,7.1651154,16.184593,15.583892,22.95972,-2.7741487,0.2609754,22.855087,15.66633,14.283463,11.142268,16.499046,15.004123,12.162929,15.783967,15.2968445,18.040644,11.01681,7.6178026,10.319708,16.963728,23.832987,15.912253
192,9.768128,10.965837,11.311629,12.254447,15.723121,12.4621105,15.723121,13.775811,16.960365,19.312363,14.75417,18.82323,16.960367,22.691525,11.3870325,11.386055,11.386055,5.622468,7.170537,18.212982,15.6514635,15.6514635,13.238303,13.691564,12.991859,11.890906,12.159407,-11.454418,9.217597,9.040873,5.45623,11.275855,11.170926,7.6223526,10.877943,10.262843,8.925664,10.756331,12.803283,10.830959,10.749993,11.40883,11.868331,10.884559,9.877757,12.908585,8.97578,15.433358,7.8927693,10.587941,13.985478,10.465337,11.009413,11.00941,14.398299,15.681436,7.8290467,9.423913,10.116975,10.964431,15.172671,7.829048,9.423915,10.116975,15.172669,12.756835,10.378815,19.694954,-1.3490686,8.218406,9.959666,11.986367,20.195923,15.729489,18.213482,18.820465,20.343388,20.08117,22.647259,22.647259,22.764286,12.528054,19.437096,11.289178,11.289178,15.747366,12.826331,38.177776,40.500866,11.514646,36.567936,36.567936,9.649451,12.797404,12.797403,11.02792,2.0254586,18.799011,18.79901,18.799011,18.799011,13.820167,13.029926,14.308269,14.476458,21.958847,18.147327,11.956128,-6.3044376,6.0151515,15.802829,16.907593,-10.025438,3.8429852,1.145304,-3.6440952,14.649161,15.797869,20.104713,8.142353,16.791649,17.15611,14.308269,10.233153,11.725614,13.431154,23.345078,16.58284,13.661998,14.231987,15.342959,16.391563,8.1089945,8.438111,14.479042,9.920274,11.102443,10.092385,13.446082,14.691458,11.728049,10.325722,11.338074,9.385829,15.834644,14.933266,11.58828,14.531251,5.116072,20.54125,20.54125,20.54125,21.055689,20.837154,17.816912,12.851132,19.589113,15.061441,9.716962,11.620168,13.110415,16.925875,13.775811,15.514927,12.742365,15.792142,20.50601,20.506008,10.359214,-9.441422,-27.917137,-8.792914,-5.540168,-4.614875,-3.8584843,-3.2639225,23.127384,23.127386,6.899026,15.405266,14.753575,22.74821,-2.247926,0.6439113,22.639278,14.844462,13.4254265,10.346053,15.75029,14.154515,11.295678,14.960214,14.458145,17.457733,10.232378,7.33504,9.613898,16.26616,23.652468,15.106492
193,-0.5133047,2.428239,3.2295766,5.528194,10.636279,5.7827005,10.636281,8.033996,12.080695,14.711681,9.375478,14.154532,12.080697,18.146608,2.928397,2.9257045,2.925705,-6.652279,-5.469036,13.516824,10.505711,10.505712,7.3646145,8.048923,6.966567,4.61302,5.4305,-17.752483,-2.2213364,-2.4074786,-6.65897,2.8906624,2.6008494,-4.705967,1.9976027,0.4776836,-2.773805,1.759046,6.5313673,1.9096341,1.6748003,3.4227893,4.6210833,2.1002634,-0.44503063,6.73631,-2.6852653,10.285503,-4.505644,1.2655576,8.348563,0.90020156,2.0620437,2.0620353,8.928397,10.58986,-4.674423,-1.756373,-0.2184583,1.9262626,9.911177,-4.6744213,-1.7563713,-0.21845588,9.911176,6.301318,0.53754723,15.098571,-10.577391,-3.8592598,-0.1365664,4.9485474,15.622999,10.677178,13.509516,14.185329,15.770423,15.499889,18.102135,18.10213,18.207766,5.8701177,14.791147,2.955644,2.955645,10.725391,6.5050073,33.444283,35.74141,3.6115437,31.851574,31.851576,-1.002471,6.4898047,6.4898043,2.4407156,-8.665448,14.1703615,14.17036,14.1703615,14.17036,8.169665,6.884146,8.783362,9.012364,17.354317,13.325184,4.748167,-13.215817,-6.3047094,10.728798,11.949431,-16.334026,-7.6213484,-9.195188,-11.721158,9.339266,10.74072,15.536305,-4.116679,11.944162,12.358272,8.783362,0.1952748,4.0850387,7.5377607,18.80375,11.665336,7.875702,8.763871,10.222287,11.440615,-4.1906805,-3.5911758,9.040521,-0.41166386,2.3773735,0.024063673,7.558935,9.222255,3.9528606,0.6294556,3.2225993,-1.6833115,10.784891,9.622454,3.8086524,9.097005,-6.8616743,15.97876,15.978759,15.978761,16.500038,16.273994,12.967957,6.787952,15.010908,9.842307,-0.66457057,4.082942,7.0471325,12.04865,8.033995,10.386172,6.1673985,10.679215,15.919982,15.919982,0.45749187,-15.774482,-34.082104,-15.167367,-12.737801,-12.228614,-11.832839,-11.525889,18.582954,18.582956,-5.3771687,10.302043,9.395241,18.203413,-11.089206,-9.579854,18.074608,9.389392,7.4467077,0.5051627,10.671145,8.565036,3.231043,9.510259,8.910138,12.579545,0.22349527,-5.1695952,-1.3462772,11.304979,19.086884,9.8567915
194,-0.45725965,-0.4545641,-0.45287377,-0.43408024,0.08270485,-0.43320101,0.08270557,-0.3442604,0.60455585,1.9523157,-0.19216664,1.6440881,0.6045563,4.102102,-0.45769382,-0.45770377,-0.45770377,-0.44640118,-0.4503347,1.2936754,0.051150948,0.051150884,-0.38392445,-0.339783,-0.40128416,-0.44744113,-0.43654877,-0.6310233,-0.45769656,-0.45534697,-0.4445991,-0.45644626,-0.45728508,-0.44765705,-0.45800528,-0.4599458,-0.45599735,-0.4580322,-0.41506007,-0.45810062,-0.45860445,-0.45352238,-0.447217,-0.45734137,-0.4598623,-0.40924102,-0.45642433,-0.009424027,-0.4502773,-0.45946896,-0.31809223,-0.46055353,-0.45950425,-0.45950425,-0.25714207,0.06996832,-0.45054525,-0.46001697,-0.46231937,-0.459772,-0.09498903,-0.45054525,-0.46001697,-0.46231937,-0.09498927,-0.42228806,-0.46157014,2.1755831,-0.42084068,-0.44897813,-0.45804483,-0.442344,2.479764,0.0926512,1.2964773,1.6560528,2.5775979,2.4134018,4.07261,4.072608,4.1452155,-0.43183708,2.016688,-0.4561187,-0.4561187,0.10359861,-0.4164193,16.516857,18.654564,-0.45346224,15.061492,15.06149,-0.45926774,-0.41635743,-0.41635746,-0.45585838,-0.42813468,1.6463835,1.6463825,1.6463835,1.6463828,-0.3307013,-0.4043175,-0.27098417,-0.24218065,3.607941,1.2315629,-0.4459675,-0.41931498,-0.44653708,0.109033346,0.5760213,-0.48629403,-0.43674806,-0.42639154,-0.41738972,-0.19742912,0.111978814,2.4321835,-0.45012206,0.5367973,0.71866035,-0.27098393,-0.4610635,-0.4516998,-0.37662432,4.544779,0.42682615,-0.3561905,-0.27230197,-0.025176879,0.33650267,-0.45000517,-0.4509928,-0.24107414,-0.4600674,-0.45814157,-0.4596932,-0.37540904,-0.21647573,-0.45280093,-0.45936203,-0.453934,-0.4582935,0.12841381,-0.14640716,-0.45210248,-0.23406377,-0.4433586,2.7031538,2.7031534,2.7031538,3.0305426,2.8891995,1.0512898,-0.4056906,2.1158903,-0.1078043,-0.45746583,-0.44902477,-0.3998982,0.5884907,-0.34426045,0.015326489,-0.4259238,0.10333499,2.6689606,2.6689599,-0.4615149,-0.4596901,-14.638336,-0.4405311,-0.41626117,-0.4155807,-0.41601023,-0.41656274,4.3956337,4.3956347,-0.4449258,-0.006740559,-0.1896174,4.139745,-0.42002505,-0.42640823,4.0606103,-0.18552622,-0.3816898,-0.46149647,0.09182116,-0.29714376,-0.45310107,-0.16801661,-0.2594666,0.8480023,-0.4608096,-0.44896397,-0.46054208,0.28633952,4.743311,-0.10597928
195,-7.44933,-4.7560596,-3.9164577,-1.0803651,8.210857,-0.85812366,8.21086,3.064006,10.386865,13.610729,5.745921,12.892951,10.3868685,17.429306,-4.4777255,-4.4808216,-4.4808216,-12.797171,-11.537109,12.187793,7.868308,7.868311,2.0570786,3.4146805,1.3228812,-2.356561,-1.1502647,-24.196756,-8.843478,-8.873957,-12.774596,-4.40306,-4.72853,-10.639707,-5.2946243,-6.7050047,-9.166935,-5.498073,0.4295719,-5.3657455,-5.6094947,-3.7237554,-2.3145268,-5.1490636,-7.4805403,0.798645,-9.115804,7.600976,-10.485389,-5.998288,3.756859,-6.3648863,-5.349504,-5.3495116,4.923665,8.134503,-10.685099,-8.534868,-7.46053,-5.4934006,6.790032,-10.685098,-8.534867,-7.4605293,6.79003,-0.130321,-6.758217,14.038152,-16.959576,-9.845822,-7.179062,-1.8634747,14.651551,8.361039,12.170821,12.98455,14.808623,14.501149,17.381294,17.38129,17.471237,-0.76688385,13.611589,-4.3199186,-4.319917,8.510087,0.28909492,32.964237,35.26117,-3.5509727,31.379963,31.379963,-7.928578,0.29794,0.29793838,-4.812393,-14.918887,12.980866,12.980866,12.980866,12.980866,3.5157557,0.978341,4.597561,5.0488763,16.446001,11.794145,-2.2028089,-19.666767,-12.397485,8.352974,10.078429,-22.79081,-13.786856,-15.494447,-18.14038,5.966681,8.426803,14.566218,-10.113323,10.301452,10.827136,4.597563,-7.043765,-3.040055,2.1318944,18.134321,9.841243,2.7832735,4.7473655,7.6141663,9.517354,-10.189087,-9.686754,5.14225,-7.49092,-4.9953814,-7.1119995,2.1635766,5.242982,-3.253128,-6.5751915,-3.958096,-8.425106,8.4883795,6.283594,-3.3195403,5.2410192,-12.985045,15.059838,15.059836,15.059838,15.634205,15.376271,11.383517,1.0770737,13.977117,6.8458133,-7.584485,-2.9171655,1.2839441,10.350793,3.0640047,7.7857833,-0.43093866,8.182052,14.942164,14.942164,-6.839177,-22.2387,-40.426025,-21.630894,-19.178623,-18.660912,-18.256325,-17.94158,17.89286,17.89286,-11.319649,7.7590933,5.8428717,17.490124,-17.499739,-15.928803,17.311771,5.5040393,1.8516158,-6.7706685,8.272325,4.1310883,-3.8931086,5.655557,4.6439657,10.922613,-7.008439,-11.167036,-8.278595,9.325937,18.388878,6.7648277
196,-0.97438025,2.5689142,3.499076,6.489397,14.369052,6.7235746,14.369056,10.462294,16.070133,19.079742,12.600577,18.384926,16.070135,22.706194,2.9169717,2.9135792,2.9135811,-11.132034,-8.68275,17.721825,14.133334,14.133332,9.547441,10.74261,8.869533,5.159382,6.406294,-26.098064,-3.2641063,-3.3970764,-11.149452,2.9814444,2.618509,-6.99881,1.9509232,0.14478254,-3.9205563,1.6966782,8.016473,1.8594766,1.5644839,3.7030885,5.2019024,2.1139786,-0.9861232,8.377048,-3.8146422,13.923366,-6.6044464,1.074762,11.038428,0.6111607,1.9107267,1.9107199,11.970672,14.312685,-6.9728065,-2.6928995,-0.87639475,1.7379167,13.352351,-6.972804,-2.6928952,-0.87638944,13.352349,7.4704585,0.11019933,19.470919,-17.33864,-5.3602495,-0.5502143,5.6785445,20.042007,14.468829,17.705164,18.49019,20.190563,19.903896,22.659472,22.659468,22.735468,6.818572,19.044968,3.0669646,3.0669625,14.569195,7.885603,37.047894,39.18947,3.8951948,35.580765,35.580765,-1.6908361,7.8999143,7.8999124,2.5172641,-14.55065,18.490389,18.490387,18.490387,18.490389,10.832478,8.554188,11.719735,12.068448,21.687511,17.311329,5.329314,-20.827068,-10.452145,14.476212,15.809331,-24.52637,-12.858434,-15.360535,-18.890976,12.724917,14.519864,19.970076,-5.850239,16.007883,16.469772,11.719737,-0.2930415,4.4461527,9.631364,23.384691,15.608808,10.208319,11.8242235,13.922488,15.355206,-5.9923577,-4.9970846,12.137773,-0.9810246,2.3136518,-0.42386642,9.660073,12.237363,4.2251472,0.32371563,3.4554105,-2.54421,14.562406,12.978549,4.1402826,12.20823,-11.519856,20.432426,20.432426,20.432425,20.974411,20.725134,16.936707,8.640798,19.424303,13.372607,-1.1768173,4.563752,8.844266,16.039333,10.462295,14.06006,7.164261,14.355417,20.30367,20.30367,0.002359327,-23.889729,-42.63701,-23.192127,-20.220142,-19.558697,-19.037483,-18.629929,23.15179,23.15179,-8.453595,14.030187,12.671176,22.764898,-18.046825,-15.933103,22.570644,12.440999,9.37439,0.08520585,14.411315,11.351616,3.5169666,12.562403,11.773726,16.528965,-0.2513185,-8.008647,-2.2270892,15.203237,23.594833,13.321092
197,7.0023413,8.934276,9.39985,10.776847,15.129652,10.9305105,15.129654,12.719681,16.434278,18.866795,13.943906,18.303467,16.43428,21.804201,9.191806,9.190177,9.190177,-2.1572886,0.681954,17.76999,14.9693985,14.969399,12.198251,12.815591,11.863646,10.194247,10.7219515,-18.6885,5.5239525,5.4011497,-2.2156775,9.180161,9.002836,2.323971,8.652985,7.6772842,5.0116167,8.512597,11.48276,8.599795,8.453716,9.500772,10.195794,8.720534,7.016449,11.646407,5.095088,14.805859,2.7045252,8.1932335,13.013532,7.9473786,8.669486,8.66948,13.550849,15.084726,2.370415,5.9331903,7.13132,8.583805,14.429233,2.370418,5.933193,7.1313205,14.429232,11.282786,7.699164,19.183914,-9.3628645,3.8060143,7.2654333,10.406213,19.641329,15.195584,17.75623,18.387442,19.769852,19.535381,21.76691,21.76691,21.824745,10.982901,18.838203,9.229517,9.229518,15.261933,11.450866,34.156387,36.09125,9.618054,32.834614,32.834614,6.592594,11.452184,11.452184,8.933761,-6.3732,18.388088,18.388088,18.388088,18.388088,12.881066,11.745927,13.406168,13.612588,20.989153,17.452919,10.273073,-12.977984,-1.3510653,15.208804,16.242857,-16.969965,-4.3603086,-7.270137,-10.987119,13.9869585,15.239049,19.581997,3.3922307,16.375917,16.750023,13.406168,7.4651403,9.88684,12.291898,22.347855,16.059755,12.576543,13.440726,14.795273,15.858787,3.2698991,4.129356,13.655814,7.041685,8.872426,7.3688436,12.30795,13.752429,9.800489,7.793165,9.39185,6.027707,15.266682,14.177846,9.725276,13.694336,-2.6778498,19.966444,19.966444,19.966446,20.407158,20.205166,17.151516,11.741117,19.146305,14.4306755,6.8841023,9.891454,11.892528,16.413906,12.71968,14.909838,11.163356,15.124352,19.859522,19.859522,7.639642,-16.28025,-35.988396,-15.508167,-12.347482,-11.670306,-11.131511,-10.707578,22.160992,22.160992,0.8635091,14.869611,13.975439,21.851185,-10.096751,-7.8776164,21.693115,13.884415,12.17837,7.6727476,15.165226,13.198687,9.399917,13.967366,13.47092,16.8153,7.4810815,1.3527043,6.263152,15.740768,22.498173,14.39936
198,-3.949604,-0.9698105,-0.10678904,2.712446,8.906695,2.918442,8.906695,6.02657,10.364137,13.031103,7.5579853,12.422103,10.364139,16.334919,-0.6706375,-0.6738172,-0.67381537,-9.605268,-8.2898035,11.814263,8.7353325,8.7353325,5.31921,6.185663,4.7825236,1.4497885,2.632119,-21.05469,-5.4645834,-5.5073223,-9.594271,-0.5992359,-0.93777096,-7.3808603,-1.5459715,-3.1192305,-5.8232684,-1.773115,4.0805264,-1.6276896,-1.8942766,0.07953797,1.4892231,-1.3929132,-3.984227,4.380665,-5.7662344,8.5429735,-7.2142777,-2.328896,6.4325485,-2.7361362,-1.5929987,-1.5930042,7.0924687,8.854954,-7.417398,-5.130206,-3.9441617,-1.7528172,8.117134,-7.4173975,-5.1302023,-3.9441588,8.117134,3.5985844,-3.166186,13.401106,-13.805251,-6.5422945,-3.6503136,1.9475985,13.91855,8.973678,11.801419,12.495374,14.062587,13.798739,16.29266,16.292658,16.3775,3.0071518,13.043711,-0.5243812,-0.5243819,9.047562,3.9708817,31.199505,33.484226,0.2532985,29.620789,29.620785,-4.471773,3.983993,3.9839919,-1.026798,-11.767553,12.490873,12.490871,12.490872,12.490872,6.2756724,4.5390544,6.928286,7.17641,15.513771,11.509178,1.6123893,-16.502079,-9.205623,8.992072,10.171638,-19.631443,-10.629287,-12.344741,-14.987311,7.6038666,9.024505,13.8453045,-6.821464,10.28472,10.692503,6.928286,-3.4856322,0.77077544,5.405726,16.95745,9.959339,5.835627,6.971348,8.521734,9.733639,-6.901256,-6.376688,7.2196484,-3.9891436,-1.2222868,-3.569781,5.430887,7.3300967,0.55976677,-2.9708521,-0.15097007,-5.0148463,9.065128,7.8330884,0.4882807,7.269806,-9.810134,14.273011,14.273011,14.273011,14.769341,14.549251,11.168847,4.59453,13.340617,8.10922,-4.096441,0.8958831,4.7735186,10.337604,6.026569,8.656043,3.329344,8.917668,14.184108,14.184106,-3.25419,-19.069574,-37.393463,-18.459404,-16.017805,-15.500745,-15.0979805,-14.785142,16.746143,16.746143,-8.100255,8.602681,7.591021,16.388575,-14.338534,-12.764232,16.2426,7.4908705,5.218897,-3.1805656,8.944638,6.665929,-0.0899705,7.5881915,6.990569,10.793278,-3.449845,-7.922011,-4.8502884,9.599418,17.195541,8.085746
199,7.0390406,7.9956484,8.2795,9.064703,11.9761305,9.249541,11.976131,10.34637,13.015094,15.110319,11.160287,14.659421,13.015095,18.317802,8.368239,8.36747,8.36747,3.8737037,5.0434504,14.109981,11.926328,11.926328,9.880604,10.256267,9.675091,8.768884,8.977981,-9.8023615,6.6232376,6.4725165,3.737795,8.264506,8.182042,5.3782005,7.9389696,7.4360924,6.395012,7.8337483,9.529801,7.8976407,7.832112,8.361825,8.745843,7.9384375,7.1352873,9.617154,6.4334197,11.73692,5.59587,7.6983347,10.516144,7.601804,8.059112,8.05911,10.859645,11.945971,5.554283,6.791523,7.3477316,8.0225525,11.5222845,5.554284,6.791524,7.3477325,11.5222845,9.5013485,7.5488105,15.4683695,-1.7896875,5.84202,7.194257,8.838756,15.935363,11.977799,14.113076,14.653096,16.079586,15.831382,18.274887,18.274885,18.385666,9.307954,15.234883,8.276061,8.276061,11.984307,9.553326,33.655434,35.96095,8.455834,32.054684,32.054684,6.9665318,9.528927,9.528927,8.056268,1.0481048,14.631467,14.631467,14.631468,14.631467,10.372811,9.723602,10.786388,10.926879,17.616978,14.080258,8.823167,-5.319336,4.155206,12.045932,12.997048,-8.393552,2.5028958,0.30800974,-3.5543106,11.060139,12.0354,15.852217,5.7920966,12.856202,13.171847,10.786388,7.4315133,8.633847,10.056148,18.951591,12.694633,10.250619,10.712602,11.651118,12.527762,5.77166,6.023212,10.927249,7.179303,8.132895,7.3115406,10.069779,11.121005,8.641819,7.4916134,8.304542,6.7571015,12.068164,11.315139,8.515758,10.970905,3.486737,16.265274,16.265274,16.265274,16.75442,16.54814,13.78407,9.556769,15.365377,11.414496,7.0009394,8.5337305,9.786856,12.984195,10.34637,11.7993355,9.492819,12.044307,16.232773,16.232773,7.533883,-7.841954,-26.328693,-7.248543,-4.8135276,-4.2192044,-3.7096794,-3.2740428,18.740246,18.740246,4.810834,11.70505,11.164589,18.372753,-2.5161705,-0.12517284,18.265223,11.252238,10.057206,7.517563,11.996908,10.660275,8.266583,11.358043,10.924428,13.466845,7.4293666,5.166142,6.9488792,12.427787,19.250206,11.460799
